ID,County,City,Weekday,Severity,ViolCat,ClearWeather,Month,CrashType,Highway,Daylight
1635,LOS ANGELES,LA MIRADA,1,0,9,1,4,A,0,1
1636,EL DORADO,UNINCORPORATED,7,0,9,1,5,A,0,1
1637,LOS ANGELES,LOS ANGELES,5,0,1,1,5,A,0,0
1638,LOS ANGELES,LOS ANGELES,5,0,9,1,4,A,0,0
1639,LOS ANGELES,LOS ANGELES,3,0,9,1,5,A,0,1
1640,LOS ANGELES,LOS ANGELES,3,0,12,1,4,A,0,1
1641,LOS ANGELES,LOS ANGELES,5,0,3,1,4,A,0,1
1642,SACRAMENTO,SACRAMENTO,4,0,9,1,5,A,0,0
1643,LOS ANGELES,LOS ANGELES,6,0,9,1,4,A,0,1
1644,LOS ANGELES,LOS ANGELES,6,0,1,1,4,A,0,0
1645,LOS ANGELES,LOS ANGELES,6,1,9,1,4,A,0,0
1646,SACRAMENTO,SACRAMENTO,1,0,3,0,5,A,1,1
1647,NAPA,NAPA,4,0,12,1,5,A,0,0
1648,LOS ANGELES,LOS ANGELES,2,0,9,1,4,A,0,1
1649,LOS ANGELES,LOS ANGELES,1,0,9,1,5,A,0,1
1650,LOS ANGELES,LOS ANGELES,6,0,9,1,6,A,0,1
1651,EL DORADO,UNINCORPORATED,2,0,9,0,5,A,0,1
1652,LOS ANGELES,LOS ANGELES,1,0,8,1,5,A,0,1
1653,SANTA CLARA,GILROY,3,0,12,1,5,A,0,1
1654,LOS ANGELES,LOS ANGELES,6,0,9,1,5,A,0,1
1655,LOS ANGELES,LOS ANGELES,4,0,9,1,5,A,0,0
1656,ALAMEDA,SAN LEANDRO,6,0,3,1,5,A,0,1
1657,LOS ANGELES,LOS ANGELES,5,0,9,1,5,A,0,1
1658,ORANGE,WESTMINSTER,7,0,9,1,5,A,0,1
1659,DEL NORTE,UNINCORPORATED,1,0,9,0,5,A,0,0
1660,SAN BERNARDINO,CHINO HILLS,1,0,9,1,4,A,0,1
1661,SANTA CLARA,SAN JOSE,5,0,12,0,5,A,0,1
1662,ORANGE,COSTA MESA,4,0,9,1,4,A,0,1
1663,LOS ANGELES,LOS ANGELES,6,0,9,1,5,A,0,1
1664,LOS ANGELES,LOS ANGELES,6,0,9,1,5,A,0,1
1665,SACRAMENTO,SACRAMENTO,6,0,9,1,5,A,0,1
1666,KERN,DELANO,6,0,9,1,4,A,0,1
1667,LOS ANGELES,LA VERNE,3,0,8,1,4,A,0,1
1668,STANISLAUS,MODESTO,6,0,9,1,4,A,0,1
1669,ORANGE,GARDEN GROVE,1,0,9,1,4,A,0,1
1670,ORANGE,GARDEN GROVE,7,0,9,1,4,A,0,1
1671,CONTRA COSTA,UNINCORPORATED,2,1,12,1,4,A,1,0
1672,ORANGE,GARDEN GROVE,3,1,9,1,4,A,0,1
1673,ORANGE,GARDEN GROVE,1,0,1,1,4,A,0,0
1674,LOS ANGELES,PASADENA,7,0,9,1,4,A,0,1
1675,LOS ANGELES,LOS ANGELES,6,0,9,1,4,A,0,0
1676,LOS ANGELES,BALDWIN PARK,4,0,8,0,4,A,1,0
1677,LOS ANGELES,CALABASAS,7,0,9,1,4,A,0,1
1678,SAN FRANCISCO,SAN FRANCISCO,5,0,3,1,1,A,0,1
1679,SAN DIEGO,CARLSBAD,4,0,8,1,5,A,1,1
1680,SAN FRANCISCO,SAN FRANCISCO,2,0,12,1,2,A,0,1
1681,KERN,BAKERSFIELD,7,0,8,1,5,A,0,1
1682,LOS ANGELES,SANTA MONICA,2,0,3,1,5,A,0,1
1683,SANTA CLARA,SAN JOSE,5,0,3,1,5,A,1,0
1684,SAN BERNARDINO,RANCHO CUCAMONGA,4,0,9,0,5,A,0,1
1685,FRESNO,UNINCORPORATED,2,0,9,1,4,A,0,1
1686,TULARE,UNINCORPORATED,4,1,1,1,5,A,0,0
1687,SAN FRANCISCO,SAN FRANCISCO,1,0,3,0,3,A,0,1
1688,LOS ANGELES,GLENDALE,7,1,3,1,4,A,0,1
1689,SAN BERNARDINO,SAN BERNARDINO,6,0,8,1,2,A,0,0
1690,SAN BERNARDINO,HIGHLAND,3,0,8,1,4,A,0,1
1691,SONOMA,UNINCORPORATED,5,0,3,1,5,A,0,1
1692,ORANGE,LA HABRA,1,0,9,1,5,A,1,0
1693,SAN DIEGO,SAN DIEGO,4,0,12,0,1,A,0,0
1694,LAKE,UNINCORPORATED,2,0,9,1,4,A,0,1
1695,LOS ANGELES,LOS ANGELES,3,0,9,1,4,A,0,1
1696,LOS ANGELES,LOS ANGELES,7,0,12,1,4,A,0,1
1697,LOS ANGELES,LOS ANGELES,6,0,7,1,5,A,0,0
1698,KINGS,UNINCORPORATED,5,1,8,1,4,A,0,0
1699,LOS ANGELES,INDUSTRY,3,0,3,1,5,A,0,0
1700,LOS ANGELES,INDUSTRY,5,1,1,1,5,A,0,0
1701,LOS ANGELES,REDONDO BEACH,6,0,3,1,5,A,0,0
1702,SAN LUIS OBISPO,UNINCORPORATED,5,0,8,1,5,A,1,1
1703,ORANGE,COSTA MESA,1,0,8,1,5,A,0,1
1704,CONTRA COSTA,SAN PABLO,5,0,9,1,5,A,0,1
1705,MONTEREY,UNINCORPORATED,3,0,9,1,4,A,0,1
1706,LOS ANGELES,LOS ANGELES,2,0,9,1,4,A,0,1
1707,ORANGE,ANAHEIM,5,0,1,1,5,A,0,0
1708,SAN DIEGO,SAN DIEGO,1,0,8,0,5,A,0,0
1709,STANISLAUS,UNINCORPORATED,1,0,9,1,5,A,0,1
1710,LOS ANGELES,MONROVIA,5,0,3,1,1,A,0,0
1711,LOS ANGELES,MONROVIA,1,0,8,1,1,A,0,1
1712,LOS ANGELES,MONROVIA,7,0,8,1,1,A,0,0
1713,RIVERSIDE,MORENO VALLEY,1,0,1,0,2,A,0,0
1714,RIVERSIDE,MORENO VALLEY,4,0,3,1,2,A,0,1
1715,LOS ANGELES,POMONA,7,0,1,1,3,A,0,0
1716,LOS ANGELES,LOS ANGELES,3,0,10,1,4,A,0,1
1717,SAN DIEGO,VISTA,2,1,8,1,4,A,0,1
1718,LOS ANGELES,LONG BEACH,7,0,9,1,4,A,0,1
1719,LOS ANGELES,LONG BEACH,6,0,12,1,4,A,0,0
1720,ORANGE,COSTA MESA,4,0,9,1,5,A,0,1
1721,SONOMA,UNINCORPORATED,1,0,9,0,5,A,0,1
1722,LOS ANGELES,LOS ANGELES,5,0,9,1,5,A,0,0
1723,LOS ANGELES,NORWALK,3,0,9,1,5,A,0,1
1724,LOS ANGELES,LOS ANGELES,5,0,9,1,5,A,0,1
1725,LOS ANGELES,LA PUENTE,4,0,1,1,7,A,0,0
1726,LOS ANGELES,LOS ANGELES,5,0,8,1,5,A,0,1
1727,SAN JOAQUIN,TRACY,6,0,1,1,5,A,0,0
1728,SAN LUIS OBISPO,UNINCORPORATED,5,0,8,1,5,A,0,1
1729,LOS ANGELES,LOS ANGELES,2,1,1,1,5,A,0,0
1730,LOS ANGELES,LOS ANGELES,3,0,9,1,5,A,0,1
1731,ORANGE,FOUNTAIN VALLEY,5,0,1,1,5,A,0,1
1732,KERN,UNINCORPORATED,2,0,9,1,5,A,1,1
1733,SAN DIEGO,SAN DIEGO,1,0,9,1,5,A,0,0
1734,SUTTER,YUBA CITY,1,0,3,0,5,A,0,1
1735,RIVERSIDE,RIVERSIDE,4,0,9,1,5,A,0,1
1736,LOS ANGELES,LOS ANGELES,1,0,9,0,5,A,0,1
1737,LOS ANGELES,LOS ANGELES,6,0,9,1,4,A,0,1
1738,MADERA,UNINCORPORATED,1,0,8,1,4,A,0,1
1739,LOS ANGELES,LOS ANGELES,3,0,11,1,4,A,0,1
1740,SAN DIEGO,SAN DIEGO,1,0,9,0,6,A,0,1
1741,ORANGE,TUSTIN,4,0,8,1,6,A,0,1
1742,LOS ANGELES,POMONA,5,0,1,1,5,A,0,0
1743,VENTURA,UNINCORPORATED,4,1,8,1,5,A,1,1
1744,ALAMEDA,OAKLAND,4,0,9,1,5,A,0,1
1745,LOS ANGELES,LOS ANGELES,1,0,12,1,5,A,0,1
1746,LOS ANGELES,LOS ANGELES,3,0,9,1,5,A,0,1
1747,LOS ANGELES,LOS ANGELES,5,0,9,0,5,A,0,1
1748,LOS ANGELES,LOS ANGELES,6,0,3,1,4,A,0,0
1749,LOS ANGELES,LOS ANGELES,5,0,9,1,5,A,0,0
1750,LOS ANGELES,LOS ANGELES,7,0,9,1,5,A,0,1
1751,LOS ANGELES,LOS ANGELES,5,0,1,1,5,A,0,0
1752,LOS ANGELES,LOS ANGELES,4,0,12,1,5,A,0,1
1753,SAN DIEGO,SAN DIEGO,5,0,9,1,5,A,0,1
1754,SAN DIEGO,SAN DIEGO,6,0,3,1,5,A,0,1
1755,LOS ANGELES,LOS ANGELES,7,0,3,1,6,A,0,0
1756,LOS ANGELES,COMPTON,3,0,9,1,6,A,0,1
1757,SAN BERNARDINO,SAN BERNARDINO,1,0,12,1,4,A,0,1
1758,LOS ANGELES,LA VERNE,5,0,3,1,8,A,0,1
1759,SANTA CLARA,SANTA CLARA,7,0,1,1,7,A,0,0
1760,LOS ANGELES,LOS ANGELES,4,0,12,1,4,A,0,0
1761,ORANGE,FULLERTON,6,0,9,1,4,A,0,1
1762,ORANGE,SANTA ANA,7,0,1,1,4,A,0,1
1763,SANTA CLARA,SANTA CLARA,6,0,12,1,4,A,0,0
1764,LOS ANGELES,LOS ANGELES,5,1,1,1,4,A,1,0
1765,HUMBOLDT,UNINCORPORATED,5,0,8,1,5,A,1,1
1766,LOS ANGELES,LOS ANGELES,3,0,9,1,4,A,0,1
1767,LOS ANGELES,LOS ANGELES,4,0,10,1,4,A,0,1
1768,LOS ANGELES,LOS ANGELES,3,0,9,1,4,A,0,0
1769,LOS ANGELES,LOS ANGELES,4,0,9,1,4,A,0,1
1770,ALAMEDA,HAYWARD,1,0,9,0,4,A,0,1
1771,LOS ANGELES,LOS ANGELES,1,0,9,1,4,A,0,0
1772,ORANGE,FULLERTON,5,0,9,1,5,A,0,1
1773,SACRAMENTO,SACRAMENTO,4,1,6,1,5,A,0,1
1774,ORANGE,BREA,5,0,9,1,5,A,0,1
1775,SAN DIEGO,SAN DIEGO,5,0,12,1,5,A,0,1
1776,SAN DIEGO,SAN DIEGO,6,0,8,0,5,A,0,1
1777,LOS ANGELES,LOS ANGELES,5,0,12,1,3,A,0,1
1778,LOS ANGELES,LOS ANGELES,2,1,9,1,3,A,0,0
1779,RIVERSIDE,HEMET,1,0,8,1,3,A,1,0
1780,SAN DIEGO,SAN MARCOS,2,1,9,1,3,A,0,1
1781,SOLANO,VALLEJO,6,0,9,1,3,A,0,1
1782,YOLO,WOODLAND,7,0,8,0,3,A,0,0
1783,ALAMEDA,OAKLAND,4,0,9,1,3,A,0,0
1784,SOLANO,VALLEJO,7,0,1,1,3,A,0,0
1785,SOLANO,VALLEJO,2,0,8,0,3,A,0,1
1786,SOLANO,VALLEJO,6,0,8,0,3,A,0,0
1787,ORANGE,IRVINE,6,1,1,1,5,A,0,0
1788,LOS ANGELES,LANCASTER,1,1,9,1,4,A,0,1
1789,LOS ANGELES,LOS ANGELES,1,0,9,1,4,A,0,1
1790,CONTRA COSTA,UNINCORPORATED,2,0,1,1,5,A,0,1
1791,CONTRA COSTA,PITTSBURG,2,0,3,1,4,A,1,0
1792,LAKE,UNINCORPORATED,1,0,1,1,4,A,0,1
1793,SAN MATEO,SOUTH SAN FRANCISCO,1,0,1,1,4,A,0,1
1794,LOS ANGELES,LOS ANGELES,5,0,9,1,3,A,0,1
1795,SAN JOAQUIN,UNINCORPORATED,2,0,9,1,4,A,1,1
1796,KERN,BAKERSFIELD,6,0,12,1,5,A,0,1
1797,LOS ANGELES,EL MONTE,5,0,1,1,4,A,0,1
1798,SAN JOAQUIN,UNINCORPORATED,2,0,1,1,5,A,0,0
1799,SAN LUIS OBISPO,ATASCADERO,5,0,9,1,4,A,0,1
1800,SAN MATEO,UNINCORPORATED,2,0,9,1,4,A,0,1
1801,LOS ANGELES,EL MONTE,6,0,1,1,3,A,0,1
1802,SAN FRANCISCO,SAN FRANCISCO,7,0,3,0,3,A,0,1
1803,SAN FRANCISCO,SAN FRANCISCO,5,0,8,1,2,A,0,1
1804,SAN FRANCISCO,SAN FRANCISCO,7,0,3,1,2,A,0,0
1805,SAN FRANCISCO,SAN FRANCISCO,7,0,3,1,2,A,0,0
1806,SAN FRANCISCO,SAN FRANCISCO,2,0,9,1,2,A,0,0
1807,SAN FRANCISCO,SAN FRANCISCO,1,0,3,1,2,A,0,0
1808,SAN FRANCISCO,SAN FRANCISCO,4,0,8,1,2,A,0,0
1809,SAN BERNARDINO,APPLE VALLEY,4,0,9,1,5,A,0,1
1810,SACRAMENTO,SACRAMENTO,4,0,9,1,5,A,0,1
1811,SAN MATEO,DALY CITY,6,0,9,1,5,A,0,1
1812,SAN MATEO,SOUTH SAN FRANCISCO,7,0,1,1,5,A,0,1
1813,LOS ANGELES,LAKEWOOD,6,0,9,1,4,A,0,1
1814,SANTA CLARA,SAN JOSE,5,0,8,1,5,A,0,0
1815,SANTA CLARA,SAN JOSE,4,0,9,0,5,A,0,1
1816,SANTA CLARA,SAN JOSE,3,0,9,1,5,A,0,1
1817,SANTA CLARA,SAN JOSE,1,0,9,1,5,A,0,1
1818,RIVERSIDE,MORENO VALLEY,5,0,8,1,5,A,0,0
1819,VENTURA,OXNARD,3,0,8,0,5,A,0,1
1820,ORANGE,PLACENTIA,2,0,9,1,5,A,0,0
1821,VENTURA,OXNARD,7,0,12,1,5,A,0,1
1822,SAN DIEGO,SAN DIEGO,1,0,12,1,5,A,0,1
1823,SAN DIEGO,SAN DIEGO,7,0,9,1,5,A,0,0
1824,SAN DIEGO,SAN DIEGO,4,0,8,1,5,A,0,1
1825,SAN DIEGO,SAN DIEGO,2,0,8,1,5,A,0,0
1826,SAN FRANCISCO,SAN FRANCISCO,2,0,8,1,1,A,0,0
1827,SAN FRANCISCO,SAN FRANCISCO,2,0,9,1,1,A,0,1
1828,HUMBOLDT,EUREKA,3,0,9,1,4,A,0,1
1829,LOS ANGELES,WHITTIER,7,0,1,1,4,A,0,0
1830,LOS ANGELES,LOS ANGELES,5,0,3,1,5,A,0,1
1831,LOS ANGELES,LOS ANGELES,4,0,7,1,5,A,0,1
1832,LOS ANGELES,LOS ANGELES,5,0,9,1,5,A,0,0
1833,LOS ANGELES,LOS ANGELES,4,0,9,1,5,A,0,1
1834,LOS ANGELES,LOS ANGELES,5,0,1,1,5,A,0,0
1835,SAN DIEGO,SAN DIEGO,3,0,3,1,5,A,0,1
1836,CONTRA COSTA,UNINCORPORATED,1,0,1,1,5,A,0,0
1837,SAN DIEGO,SAN DIEGO,4,0,8,1,5,A,0,1
1838,SANTA CLARA,SAN JOSE,5,0,8,1,5,A,0,0
1839,EL DORADO,UNINCORPORATED,6,0,8,1,5,A,0,1
1840,SANTA CLARA,SAN JOSE,4,0,8,1,5,A,0,1
1841,SAN DIEGO,NATIONAL CITY,6,0,3,1,3,A,0,0
1842,SANTA CLARA,SANTA CLARA,2,1,10,1,5,A,0,1
1843,SANTA CLARA,SANTA CLARA,2,0,11,1,5,A,0,1
1844,SAN DIEGO,CARLSBAD,4,0,12,1,5,A,0,1
1845,LOS ANGELES,NORWALK,3,0,9,1,5,A,0,1
1846,MONTEREY,SALINAS,1,0,9,1,5,A,0,1
1847,NAPA,NAPA,1,1,8,1,5,A,0,1
1848,LOS ANGELES,POMONA,1,0,8,0,5,A,0,1
1849,YOLO,UNINCORPORATED,4,0,12,1,5,A,0,1
1850,RIVERSIDE,RIVERSIDE,1,0,8,0,5,A,0,0
1851,TULARE,UNINCORPORATED,5,0,9,1,5,A,0,1
1852,LOS ANGELES,LONG BEACH,5,0,9,1,5,A,0,1
1853,ORANGE,LA HABRA,7,0,1,1,5,A,0,0
1854,LOS ANGELES,LOS ANGELES,2,0,11,1,5,A,0,1
1855,LOS ANGELES,LOS ANGELES,6,0,12,1,5,A,0,0
1856,SAN MATEO,BURLINGAME,7,0,3,1,4,A,0,1
1857,ORANGE,FULLERTON,7,0,1,1,5,A,0,0
1858,SAN DIEGO,SAN DIEGO,5,0,11,1,5,A,0,0
1859,VENTURA,OXNARD,2,0,8,1,5,A,0,1
1860,RIVERSIDE,PALM SPRINGS,1,0,1,1,5,A,0,0
1861,RIVERSIDE,PALM SPRINGS,4,0,3,1,5,A,0,0
1862,ORANGE,GARDEN GROVE,7,0,1,1,5,A,0,0
1863,RIVERSIDE,PALM SPRINGS,2,0,3,1,5,A,0,1
1864,RIVERSIDE,PALM SPRINGS,2,0,1,1,5,A,0,0
1865,ORANGE,FOUNTAIN VALLEY,4,0,9,1,5,A,0,1
1866,LOS ANGELES,LONG BEACH,7,0,3,1,5,A,0,0
1867,VENTURA,SIMI VALLEY,3,0,9,1,5,A,0,1
1868,ALAMEDA,ALAMEDA,1,0,9,1,5,A,0,1
1869,LOS ANGELES,LOS ANGELES,3,0,12,1,5,A,0,1
1870,LOS ANGELES,LOS ANGELES,3,0,9,0,5,A,0,1
1871,SANTA CLARA,SAN JOSE,6,0,9,1,5,A,0,1
1872,LOS ANGELES,LOS ANGELES,2,1,10,1,5,A,0,1
1873,LOS ANGELES,ALHAMBRA,4,0,12,1,5,A,0,1
1874,SAN LUIS OBISPO,UNINCORPORATED,6,1,1,1,5,A,0,1
1875,LOS ANGELES,LOS ANGELES,6,1,9,1,5,A,0,1
1876,LOS ANGELES,SANTA MONICA,3,0,9,1,5,A,0,0
1877,LOS ANGELES,LOS ANGELES,7,0,9,0,4,A,0,1
1878,SAN DIEGO,CHULA VISTA,6,0,3,0,4,A,0,1
1879,SAN BERNARDINO,YUCAIPA,6,0,9,1,4,A,0,1
1880,ORANGE,ORANGE,2,0,1,0,4,A,0,0
1881,SAN BERNARDINO,YUCAIPA,4,0,1,1,4,A,0,0
1882,LOS ANGELES,LOS ANGELES,2,0,12,1,4,A,0,1
1883,LOS ANGELES,LOS ANGELES,4,0,4,1,4,A,0,1
1884,ALAMEDA,FREMONT,2,0,9,1,4,A,0,1
1885,SAN LUIS OBISPO,UNINCORPORATED,7,0,1,1,5,A,0,0
1886,SACRAMENTO,RANCHO CORDOVA,3,0,9,1,5,A,0,1
1887,LOS ANGELES,LOS ANGELES,4,0,3,1,5,A,0,1
1888,ORANGE,TUSTIN,7,0,1,1,5,A,0,0
1889,LOS ANGELES,POMONA,2,0,12,1,5,A,0,1
1890,ORANGE,COSTA MESA,5,0,9,1,5,A,0,1
1891,LOS ANGELES,POMONA,7,0,9,1,5,A,0,0
1892,LOS ANGELES,POMONA,3,0,9,1,5,A,0,1
1893,RIVERSIDE,RIVERSIDE,2,0,12,1,5,A,0,1
1894,SANTA CRUZ,UNINCORPORATED,5,1,1,1,5,A,0,1
1895,VENTURA,VENTURA,7,1,9,1,5,A,0,1
1896,LOS ANGELES,LOS ANGELES,5,0,6,1,5,A,0,0
1897,LOS ANGELES,LOS ANGELES,5,0,9,1,5,A,0,1
1898,LOS ANGELES,LOS ANGELES,2,0,9,0,5,A,0,1
1899,LOS ANGELES,LOS ANGELES,7,0,9,1,5,A,0,0
1900,SACRAMENTO,RANCHO CORDOVA,5,0,9,1,5,A,0,1
1901,LOS ANGELES,LOS ANGELES,1,0,3,0,5,A,0,0
1902,LOS ANGELES,LOS ANGELES,3,0,9,0,5,A,0,0
1903,LOS ANGELES,LOS ANGELES,4,0,9,1,5,A,0,1
1904,LOS ANGELES,LOS ANGELES,6,0,9,1,5,A,0,1
1905,CONTRA COSTA,UNINCORPORATED,3,0,9,1,4,A,0,0
1906,LOS ANGELES,LOS ANGELES,3,0,3,1,4,A,0,1
1907,TULARE,VISALIA,6,0,9,1,5,A,0,0
1908,LOS ANGELES,LOS ANGELES,6,0,1,1,5,A,0,0
1909,LOS ANGELES,LOS ANGELES,6,0,1,1,5,A,0,0
1910,SAN DIEGO,SAN DIEGO,1,0,9,1,5,A,0,1
1911,STANISLAUS,CERES,2,0,8,1,5,A,0,1
1912,SAN DIEGO,SAN DIEGO,2,0,8,0,5,A,0,1
1913,ALAMEDA,FREMONT,4,0,9,1,5,A,0,1
1914,ORANGE,ANAHEIM,4,0,8,0,5,A,0,0
1915,LOS ANGELES,LOS ANGELES,2,0,1,1,5,A,0,0
1916,LOS ANGELES,SOUTH EL MONTE,7,0,9,1,5,A,0,1
1917,STANISLAUS,CERES,5,0,9,1,5,A,0,1
1918,LOS ANGELES,LOS ANGELES,2,0,8,1,5,A,0,1
1919,LOS ANGELES,LOS ANGELES,6,0,1,1,5,A,0,1
1920,LOS ANGELES,LOS ANGELES,5,0,9,1,5,A,0,1
1921,LOS ANGELES,POMONA,7,0,9,1,4,A,0,1
1922,LOS ANGELES,POMONA,5,0,10,1,4,A,0,1
1923,SANTA CLARA,SAN JOSE,2,0,3,1,5,A,0,0
1924,SACRAMENTO,SACRAMENTO,5,0,9,1,5,A,0,1
1925,LOS ANGELES,AZUSA,5,0,1,0,5,A,0,0
1926,ORANGE,NEWPORT BEACH,1,0,9,0,5,A,0,1
1927,LOS ANGELES,SANTA FE SPRINGS,5,0,9,1,5,A,0,1
1928,SANTA CLARA,SAN JOSE,1,0,1,1,5,A,0,1
1929,SANTA CLARA,SAN JOSE,1,0,9,1,5,A,0,1
1930,SANTA CLARA,SAN JOSE,7,0,1,1,5,A,0,1
1931,STANISLAUS,MODESTO,2,0,9,1,5,A,0,1
1932,TULARE,UNINCORPORATED,5,0,3,1,5,A,0,1
1933,TULARE,UNINCORPORATED,7,0,8,1,5,A,0,1
1934,SANTA CLARA,SAN JOSE,3,0,1,1,5,A,0,0
1935,LAKE,UNINCORPORATED,1,0,9,1,5,A,1,1
1936,VENTURA,UNINCORPORATED,2,0,3,1,5,A,0,1
1937,ORANGE,SANTA ANA,4,0,8,1,5,A,0,1
1938,LOS ANGELES,LOS ANGELES,1,0,8,1,5,A,0,1
1939,LOS ANGELES,WEST COVINA,7,0,9,1,5,A,0,0
1940,EL DORADO,UNINCORPORATED,4,0,1,1,5,A,0,1
1941,SONOMA,SANTA ROSA,3,0,9,1,4,A,0,1
1942,SONOMA,SANTA ROSA,4,0,9,0,4,A,0,1
1943,SONOMA,SANTA ROSA,7,0,12,1,4,A,0,1
1944,SONOMA,SANTA ROSA,2,0,9,1,4,A,0,1
1945,SAN LUIS OBISPO,ARROYO GRANDE,2,0,9,1,4,A,0,1
1946,SAN BERNARDINO,FONTANA,6,0,9,1,4,A,0,1
1947,LOS ANGELES,SOUTH GATE,2,0,8,1,4,A,0,1
1948,SAN DIEGO,POWAY,5,0,9,1,4,A,0,0
1949,RIVERSIDE,TEMECULA,1,0,8,1,5,A,0,1
1950,SAN LUIS OBISPO,ARROYO GRANDE,5,0,9,1,4,A,0,1
1951,SONOMA,SANTA ROSA,3,0,8,1,3,A,0,0
1952,SONOMA,SANTA ROSA,7,0,9,0,3,A,0,1
1953,STANISLAUS,RIVERBANK,7,0,3,1,3,A,0,1
1954,LOS ANGELES,REDONDO BEACH,2,1,1,1,6,A,0,0
1955,LOS ANGELES,NORWALK,1,0,3,1,5,A,0,0
1956,KINGS,CORCORAN,3,0,9,1,3,A,0,0
1957,SAN BERNARDINO,FONTANA,6,0,9,1,4,A,0,1
1958,LOS ANGELES,LOS ANGELES,1,0,1,1,5,A,0,0
1959,LOS ANGELES,LOS ANGELES,4,0,9,1,5,A,0,1
1960,LOS ANGELES,LOS ANGELES,3,0,9,1,5,A,0,1
1961,CONTRA COSTA,ANTIOCH,6,0,1,1,4,A,0,0
1962,LOS ANGELES,IRWINDALE,5,0,8,1,5,A,1,1
1963,KINGS,HANFORD,6,0,1,1,6,A,0,0
1964,COLUSA,WILLIAMS,7,1,9,1,6,A,0,1
1965,STANISLAUS,UNINCORPORATED,4,0,9,1,5,A,0,0
1966,STANISLAUS,UNINCORPORATED,4,0,9,1,6,A,0,1
1967,SAN JOAQUIN,UNINCORPORATED,2,0,6,1,5,A,1,1
1968,SAN JOAQUIN,UNINCORPORATED,2,0,8,1,5,A,1,1
1969,BUTTE,UNINCORPORATED,3,0,8,1,6,A,1,1
1970,AMADOR,UNINCORPORATED,1,0,1,1,6,A,1,1
1971,RIVERSIDE,PALM SPRINGS,7,0,1,1,6,A,0,1
1972,SAN BERNARDINO,REDLANDS,1,0,8,1,4,A,0,1
1973,LOS ANGELES,LOS ANGELES,5,0,3,1,5,A,0,1
1974,CONTRA COSTA,PINOLE,3,0,7,1,5,A,0,1
1975,ORANGE,ANAHEIM,7,0,9,1,6,A,0,0
1976,LOS ANGELES,SOUTH GATE,6,0,9,1,5,A,0,1
1977,LOS ANGELES,BURBANK,5,0,9,1,5,A,0,0
1978,SONOMA,UNINCORPORATED,4,0,9,1,5,A,0,1
1979,NAPA,UNINCORPORATED,1,0,8,0,5,A,1,0
1980,VENTURA,VENTURA,6,0,12,1,5,A,0,1
1981,LOS ANGELES,LOS ANGELES,3,0,9,1,5,A,0,1
1982,LOS ANGELES,LOS ANGELES,1,0,9,1,5,A,0,1
1983,LOS ANGELES,LOS ANGELES,4,0,3,1,5,A,0,1
1984,LOS ANGELES,LOS ANGELES,1,0,8,1,5,A,0,0
1985,LOS ANGELES,LOS ANGELES,3,0,3,1,5,A,0,0
1986,LOS ANGELES,LOS ANGELES,5,0,9,1,5,A,0,1
1987,LOS ANGELES,LOS ANGELES,6,0,9,1,5,A,0,1
1988,ORANGE,ORANGE,4,1,9,1,5,A,0,1
1989,LAKE,UNINCORPORATED,2,1,1,1,5,A,1,1
1990,LOS ANGELES,LOS ANGELES,7,0,9,1,5,A,0,1
1991,LOS ANGELES,LOS ANGELES,3,0,9,1,5,A,0,1
1992,LOS ANGELES,LOS ANGELES,3,0,9,1,5,A,0,1
1993,LOS ANGELES,LA PUENTE,5,0,9,1,6,A,0,1
1994,LOS ANGELES,LA PUENTE,1,0,9,1,5,A,0,1
1995,LOS ANGELES,PASADENA,3,0,9,1,5,A,0,0
1996,MONTEREY,SALINAS,6,0,9,1,5,A,0,1
1997,LOS ANGELES,PASADENA,4,0,9,0,5,A,0,0
1998,MONTEREY,SALINAS,4,0,9,1,5,A,0,1
1999,LOS ANGELES,DOWNEY,3,0,1,1,5,A,0,1
2000,LOS ANGELES,LOS ANGELES,3,0,11,1,5,A,0,1
2001,LOS ANGELES,LOS ANGELES,4,0,9,1,5,A,0,0
2002,LOS ANGELES,LOS ANGELES,3,0,9,1,5,A,0,1
2003,ALAMEDA,OAKLAND,4,0,3,1,5,A,0,1
2004,LOS ANGELES,LOS ANGELES,2,0,3,0,6,A,0,1
2005,SAN BERNARDINO,RIALTO,6,0,1,1,5,A,0,1
2006,ORANGE,LA HABRA,3,0,9,1,5,A,0,1
2007,SANTA CLARA,SAN JOSE,5,0,1,1,5,A,0,0
2008,LOS ANGELES,POMONA,5,0,8,1,5,A,0,0
2009,LOS ANGELES,POMONA,2,0,1,1,5,A,0,0
2010,RIVERSIDE,COACHELLA,3,0,7,1,5,A,0,1
2011,SANTA CLARA,SAN JOSE,4,0,8,1,5,A,0,0
2012,SANTA CLARA,SAN JOSE,3,0,12,1,5,A,0,0
2013,SANTA CLARA,SAN JOSE,4,0,12,1,5,A,0,0
2014,SAN LUIS OBISPO,PASO ROBLES,4,0,8,1,5,A,0,1
2015,RIVERSIDE,RIVERSIDE,5,0,8,1,5,A,0,0
2016,SANTA CLARA,SAN JOSE,3,0,12,1,5,A,0,1
2017,LOS ANGELES,LAKEWOOD,3,0,9,1,4,A,0,1
2018,LOS ANGELES,SAN FERNANDO,3,0,9,1,5,A,0,1
2019,LOS ANGELES,PARAMOUNT,5,1,3,1,4,A,0,1
2020,ALAMEDA,OAKLAND,4,0,9,1,4,A,0,1
2021,ALAMEDA,OAKLAND,7,0,11,1,4,A,0,1
2022,LOS ANGELES,DUARTE,6,0,9,1,6,A,0,1
2023,SANTA CLARA,SAN JOSE,1,0,4,1,6,A,0,1
2024,LOS ANGELES,POMONA,7,0,1,1,6,A,0,0
2025,SAN DIEGO,NATIONAL CITY,7,0,9,1,6,A,0,1
2026,SACRAMENTO,SACRAMENTO,5,0,12,1,5,A,0,1
2027,LOS ANGELES,CLAREMONT,3,0,11,1,5,A,0,1
2028,LOS ANGELES,ALHAMBRA,6,0,9,1,5,A,0,0
2029,ORANGE,GARDEN GROVE,1,0,8,1,5,A,0,1
2030,LOS ANGELES,SOUTH EL MONTE,5,0,9,1,5,A,0,1