ID,County,City,Weekday,Severity,ViolCat,ClearWeather,Month,CrashType,Highway,Daylight
6392,RIVERSIDE,MORENO VALLEY,1,0,8,1,2,B,0,0
6393,STANISLAUS,UNINCORPORATED,3,0,6,1,2,B,1,0
6394,STANISLAUS,UNINCORPORATED,1,0,7,1,3,B,0,1
6395,SAN DIEGO,SAN DIEGO,6,0,1,1,2,B,1,0
6396,SAN DIEGO,SAN DIEGO,6,0,7,1,2,B,1,1
6397,SAN DIEGO,SAN DIEGO,6,0,8,1,2,B,1,1
6398,LOS ANGELES,ALHAMBRA,5,0,7,1,2,B,1,0
6399,SAN BERNARDINO,APPLE VALLEY,1,0,8,1,2,B,1,1
6400,SAN BERNARDINO,RIALTO,3,0,1,1,2,B,0,0
6401,ALAMEDA,OAKLAND,7,0,7,1,2,B,1,1
6402,ALAMEDA,BERKELEY,5,0,7,1,2,B,1,1
6403,CONTRA COSTA,RICHMOND,4,0,7,1,2,B,1,1
6404,LOS ANGELES,LOS ANGELES,3,0,7,1,3,B,0,1
6405,ALAMEDA,HAYWARD,3,0,8,1,2,B,0,0
6406,ALAMEDA,HAYWARD,4,0,3,1,2,B,0,0
6407,KERN,UNINCORPORATED,2,0,3,1,2,B,0,1
6408,SACRAMENTO,SACRAMENTO,4,0,7,0,2,B,1,1
6409,HUMBOLDT,UNINCORPORATED,5,0,6,0,2,B,0,1
6410,SACRAMENTO,SACRAMENTO,4,0,7,1,1,B,1,1
6411,SACRAMENTO,SACRAMENTO,6,0,7,1,1,B,1,0
6412,SACRAMENTO,SACRAMENTO,3,0,7,0,1,B,1,1
6413,LOS ANGELES,BELLFLOWER,4,0,12,1,1,B,0,0
6414,SAN DIEGO,VISTA,2,0,9,1,3,B,0,0
6415,LOS ANGELES,LAKEWOOD,5,0,9,0,1,B,0,1
6416,LOS ANGELES,LONG BEACH,1,0,3,1,3,B,0,1
6417,LOS ANGELES,LONG BEACH,4,0,8,1,3,B,0,1
6418,LOS ANGELES,SANTA MONICA,1,0,3,1,3,B,0,1
6419,LOS ANGELES,SANTA MONICA,1,0,7,1,3,B,0,1
6420,CONTRA COSTA,CONCORD,7,0,9,1,1,B,0,1
6421,SAN DIEGO,CHULA VISTA,3,0,8,1,3,B,1,1
6422,ALAMEDA,HAYWARD,5,0,7,1,2,B,1,1
6423,CONTRA COSTA,CONCORD,3,0,8,0,3,B,1,1
6424,SAN DIEGO,LEMON GROVE,5,0,3,0,3,B,1,0
6425,LOS ANGELES,POMONA,2,0,8,1,2,B,0,1
6426,BUTTE,PARADISE,1,0,7,1,2,B,0,1
6427,SAN MATEO,PACIFICA,6,0,3,1,2,B,0,1
6428,ORANGE,HUNTINGTON BEACH,1,0,8,1,3,B,0,1
6429,ORANGE,WESTMINSTER,6,0,7,1,3,B,0,1
6430,STANISLAUS,TURLOCK,6,0,7,1,2,B,0,0
6431,MERCED,UNINCORPORATED,6,0,6,1,3,B,0,1
6432,SANTA CLARA,SAN JOSE,4,0,7,1,2,B,1,1
6433,ORANGE,SANTA ANA,1,0,1,1,3,B,0,0
6434,ORANGE,ANAHEIM,2,0,7,1,3,B,1,1
6435,COLUSA,UNINCORPORATED,7,0,3,0,3,B,1,1
6436,LOS ANGELES,LA MIRADA,3,0,7,1,3,B,0,1
6437,LOS ANGELES,LA MIRADA,2,0,12,1,2,B,0,1
6438,LOS ANGELES,LOS ANGELES,1,0,9,1,3,B,0,1
6439,LOS ANGELES,LOS ANGELES,6,0,8,1,3,B,0,0
6440,SAN MATEO,UNINCORPORATED,2,0,6,1,2,B,1,1
6441,LOS ANGELES,LOS ANGELES,4,0,1,0,3,B,0,0
6442,ALAMEDA,OAKLAND,1,0,7,1,2,B,1,1
6443,ORANGE,LAGUNA BEACH,5,0,8,1,2,B,1,1
6444,SAN MATEO,SOUTH SAN FRANCISCO,3,0,9,1,2,B,0,1
6445,LOS ANGELES,SANTA CLARITA,7,0,8,1,2,B,1,1
6446,SAN JOAQUIN,STOCKTON,6,0,7,1,2,B,1,1
6447,SAN JOAQUIN,STOCKTON,4,0,7,1,2,B,1,1
6448,SAN JOAQUIN,UNINCORPORATED,3,0,8,1,2,B,0,1
6449,EL DORADO,UNINCORPORATED,3,0,3,0,3,B,1,1
6450,LOS ANGELES,LOS ANGELES,1,0,3,1,3,B,0,1
6451,LOS ANGELES,LOS ANGELES,6,0,1,1,3,B,0,0
6452,LOS ANGELES,LOS ANGELES,3,0,1,1,3,B,0,0
6453,LOS ANGELES,LOS ANGELES,1,0,8,1,3,B,0,1
6454,SAN BERNARDINO,RIALTO,2,0,8,1,2,B,0,1
6455,ALAMEDA,SAN LEANDRO,2,0,8,1,3,B,1,1
6456,ALAMEDA,OAKLAND,6,0,8,1,2,B,0,1
6457,RIVERSIDE,PALM DESERT,1,0,6,1,3,B,0,1
6458,LOS ANGELES,LOS ANGELES,5,0,8,1,3,B,0,1
6459,ORANGE,ANAHEIM,4,1,1,0,3,B,1,0
6460,ORANGE,IRVINE,6,0,7,1,3,B,1,1
6461,SAN DIEGO,SAN DIEGO,6,0,12,1,3,B,0,0
6462,SAN DIEGO,SAN DIEGO,5,0,10,1,3,B,0,0
6463,SAN DIEGO,SAN DIEGO,5,0,6,1,3,B,0,1
6464,LOS ANGELES,LONG BEACH,7,0,7,1,3,B,0,1
6465,VENTURA,OXNARD,1,0,1,1,3,B,0,0
6466,SAN MATEO,REDWOOD CITY,3,0,8,1,3,B,0,1
6467,SAN JOAQUIN,RIPON,6,0,8,1,3,B,1,0
6468,LOS ANGELES,LOS ANGELES,3,0,1,1,3,B,0,1
6469,SUTTER,YUBA CITY,6,0,3,1,2,B,0,0
6470,ORANGE,ANAHEIM,5,0,3,1,3,B,1,1
6471,SAN BERNARDINO,COLTON,3,0,7,1,1,B,1,1
6472,LOS ANGELES,BALDWIN PARK,2,0,7,0,3,B,1,1
6473,ORANGE,SANTA ANA,6,0,8,1,3,B,1,1
6474,LOS ANGELES,CARSON,4,0,7,1,2,B,0,1
6475,LOS ANGELES,LOS ANGELES,5,0,3,1,3,B,0,1
6476,SAN BERNARDINO,LOMA LINDA,7,1,7,1,2,B,1,1
6477,ORANGE,SAN CLEMENTE,2,0,1,1,1,B,0,0
6478,LOS ANGELES,LOS ANGELES,4,0,8,0,3,B,0,1
6479,LOS ANGELES,LOS ANGELES,7,0,11,1,3,B,0,1
6480,ALAMEDA,OAKLAND,1,0,12,1,3,B,0,1
6481,FRESNO,UNINCORPORATED,5,0,3,0,3,B,0,1
6482,ALAMEDA,OAKLAND,3,0,8,1,3,B,0,1
6483,LOS ANGELES,SANTA MONICA,1,0,3,1,3,B,0,1
6484,STANISLAUS,MODESTO,3,0,7,0,3,B,1,1
6485,SACRAMENTO,SACRAMENTO,1,1,7,1,3,B,1,1
6486,SAN JOAQUIN,STOCKTON,2,0,7,1,3,B,1,1
6487,ORANGE,COSTA MESA,5,0,8,1,3,B,0,1
6488,ORANGE,GARDEN GROVE,2,0,8,1,1,B,0,0
6489,SAN MATEO,SAN MATEO,4,0,7,1,1,B,1,0
6490,ORANGE,GARDEN GROVE,4,0,1,1,1,B,0,1
6491,ORANGE,GARDEN GROVE,2,0,1,1,1,B,0,0
6492,ALAMEDA,LIVERMORE,7,0,1,1,1,B,0,0
6493,SAN MATEO,MILLBRAE,4,0,3,0,1,B,1,0
6494,ORANGE,ORANGE,4,0,7,1,1,B,0,1
6495,LOS ANGELES,HAWTHORNE,2,0,9,1,1,B,0,1
6496,SAN DIEGO,SAN DIEGO,2,0,8,1,1,B,0,1
6497,LOS ANGELES,PALMDALE,6,0,9,1,1,B,0,1
6498,SAN DIEGO,SAN DIEGO,1,0,8,1,1,B,0,1
6499,SAN DIEGO,ESCONDIDO,1,0,8,1,1,B,0,1
6500,RIVERSIDE,PERRIS,2,0,8,1,1,B,0,1
6501,LOS ANGELES,PASADENA,5,0,8,0,1,B,0,1
6502,RIVERSIDE,MURRIETA,1,0,7,1,3,B,1,1
6503,TULARE,UNINCORPORATED,5,1,1,1,3,B,0,0
6504,LOS ANGELES,SANTA FE SPRINGS,1,1,1,1,2,B,0,1
6505,LOS ANGELES,AZUSA,2,0,1,1,2,B,0,1
6506,SAN DIEGO,EL CAJON,2,0,6,1,2,B,0,1
6507,ALAMEDA,FREMONT,4,1,1,1,2,B,0,0
6508,LOS ANGELES,LOS ANGELES,7,0,8,1,3,B,1,0
6509,MONTEREY,UNINCORPORATED,5,0,7,0,3,B,1,0
6510,SAN DIEGO,SAN MARCOS,4,0,7,1,3,B,1,1
6511,LOS ANGELES,WESTLAKE VILLAGE,6,0,8,1,3,B,0,1
6512,LOS ANGELES,LOS ANGELES,7,0,1,1,3,B,0,0
6513,LOS ANGELES,LOS ANGELES,6,0,8,1,3,B,0,1
6514,FRESNO,FRESNO,4,0,3,1,3,B,1,1
6515,ALAMEDA,FREMONT,6,0,7,0,3,B,1,1
6516,ALAMEDA,HAYWARD,5,0,3,1,2,B,1,1
6517,SAN FRANCISCO,SAN FRANCISCO,2,0,7,1,3,B,1,1
6518,ALAMEDA,OAKLAND,2,0,7,0,3,B,1,1
6519,SAN MATEO,MENLO PARK,7,0,8,1,3,B,0,1
6520,VENTURA,CAMARILLO,4,0,7,1,2,B,0,1
6521,ORANGE,SAN JUAN CAPISTRANO,4,0,7,1,2,B,1,1
6522,ORANGE,SAN JUAN CAPISTRANO,4,0,7,1,2,B,1,0
6523,SACRAMENTO,SACRAMENTO,3,0,7,1,3,B,1,1
6524,SAN BERNARDINO,FONTANA,4,0,3,1,3,B,1,1
6525,SAN DIEGO,OCEANSIDE,5,0,3,0,3,B,1,0
6526,ALAMEDA,FREMONT,7,0,8,1,2,B,1,1
6527,SACRAMENTO,SACRAMENTO,7,0,7,1,2,B,1,0
6528,LOS ANGELES,ROSEMEAD,2,0,8,1,2,B,0,0
6529,SAN JOAQUIN,UNINCORPORATED,3,0,3,1,2,B,0,1
6530,SANTA CLARA,SUNNYVALE,4,0,7,0,2,B,0,1
6531,SACRAMENTO,SACRAMENTO,6,0,9,1,2,B,0,0
6532,SAN DIEGO,NATIONAL CITY,2,0,8,0,2,B,1,1
6533,SAN DIEGO,SAN DIEGO,3,0,7,1,2,B,1,1
6534,SAN DIEGO,SAN DIEGO,4,0,3,1,2,B,1,1
6535,ALAMEDA,FREMONT,4,0,3,1,2,B,1,1
6536,SAN DIEGO,SAN DIEGO,4,0,7,1,2,B,0,1
6537,ALAMEDA,FREMONT,2,0,3,0,2,B,0,1
6538,ALAMEDA,SAN LEANDRO,7,0,8,1,2,B,0,1
6539,ALAMEDA,FREMONT,3,0,6,1,2,B,0,1
6540,LOS ANGELES,TORRANCE,4,0,7,1,2,B,0,1
6541,LOS ANGELES,POMONA,4,0,8,1,2,B,0,0
6542,NEVADA,UNINCORPORATED,3,1,8,1,2,B,1,0
6543,LOS ANGELES,POMONA,5,0,1,1,2,B,0,1
6544,ORANGE,LAGUNA NIGUEL,1,0,8,1,1,B,0,1
6545,LOS ANGELES,LONG BEACH,5,0,8,1,1,B,0,1
6546,SOLANO,FAIRFIELD,5,0,7,1,1,B,1,1
6547,ORANGE,FOUNTAIN VALLEY,4,0,8,1,1,B,0,1
6548,ORANGE,FOUNTAIN VALLEY,1,0,3,1,1,B,0,1
6549,LOS ANGELES,LOS ANGELES,2,0,7,1,3,B,0,1
6550,LOS ANGELES,LOS ANGELES,6,0,8,1,3,B,0,1
6551,LOS ANGELES,LOS ANGELES,6,0,12,1,3,B,0,0
6552,LOS ANGELES,LOS ANGELES,3,1,8,0,3,B,0,1
6553,SAN DIEGO,SAN DIEGO,4,0,3,1,1,B,1,0
6554,SAN DIEGO,SAN DIEGO,1,0,8,1,1,B,1,1
6555,FRESNO,FRESNO,6,0,7,1,1,B,1,0
6556,LOS ANGELES,CUDAHY,6,0,8,1,1,B,0,1
6557,BUTTE,CHICO,3,0,12,0,1,B,0,0
6558,ORANGE,SAN CLEMENTE,4,0,8,1,1,B,0,1
6559,IMPERIAL,EL CENTRO,1,0,10,1,1,B,0,0
6560,VENTURA,OXNARD,6,0,8,1,1,B,0,0
6561,SACRAMENTO,FOLSOM,5,0,8,0,1,B,0,1
6562,ORANGE,SANTA ANA,7,0,3,0,1,B,1,1
6563,ORANGE,FULLERTON,1,0,7,1,1,B,0,1
6564,SANTA CLARA,SAN JOSE,5,1,7,1,1,B,0,0
6565,LOS ANGELES,GLENDALE,1,0,6,1,1,B,0,1
6566,LOS ANGELES,BALDWIN PARK,2,0,3,1,1,B,0,1
6567,LOS ANGELES,LYNWOOD,3,0,3,1,1,B,0,0
6568,ORANGE,COSTA MESA,3,0,7,1,1,B,1,0
6569,ORANGE,FOUNTAIN VALLEY,3,0,9,1,1,B,0,0
6570,IMPERIAL,EL CENTRO,3,0,12,1,2,B,0,1
6571,VENTURA,THOUSAND OAKS,3,0,1,1,2,B,0,0
6572,SANTA CLARA,SAN JOSE,1,1,3,1,2,B,0,0
6573,MERCED,MERCED,4,0,1,1,2,B,0,0
6574,MONTEREY,UNINCORPORATED,4,0,8,1,1,B,0,1
6575,SACRAMENTO,SACRAMENTO,1,0,7,1,3,B,1,1
6576,ORANGE,PLACENTIA,5,0,7,1,1,B,0,1
6577,LOS ANGELES,HAWTHORNE,5,0,7,0,1,B,0,1
6578,NEVADA,UNINCORPORATED,5,0,3,0,1,B,1,1
6579,RIVERSIDE,MURRIETA,5,0,7,1,1,B,1,0
6580,SAN DIEGO,SAN DIEGO,5,0,8,1,1,B,0,1
6581,SAN DIEGO,OCEANSIDE,7,0,7,0,1,B,0,1
6582,SAN DIEGO,EL CAJON,5,0,7,1,1,B,0,1
6583,RIVERSIDE,RIVERSIDE,6,0,9,1,1,B,0,0
6584,ALAMEDA,OAKLAND,4,0,8,1,1,B,0,1
6585,STANISLAUS,MODESTO,4,0,7,1,1,B,1,0
6586,RIVERSIDE,TEMECULA,3,0,7,1,1,B,1,0
6587,LOS ANGELES,LONG BEACH,2,1,1,1,1,B,0,1
6588,LOS ANGELES,DOWNEY,1,0,7,1,1,B,0,0
6589,STANISLAUS,MODESTO,4,1,12,1,1,B,0,1
6590,RIVERSIDE,BANNING,5,0,7,1,1,B,1,1
6591,SAN BERNARDINO,ONTARIO,4,0,7,1,1,B,1,0
6592,SANTA CLARA,MOUNTAIN VIEW,2,0,3,1,1,B,1,0
6593,SAN MATEO,MENLO PARK,1,0,7,1,1,B,1,1
6594,STANISLAUS,UNINCORPORATED,2,0,12,1,1,B,0,1
6595,ALAMEDA,OAKLAND,2,0,3,1,1,B,0,1
6596,LOS ANGELES,LAKEWOOD,7,0,1,0,1,B,0,0
6597,STANISLAUS,TURLOCK,6,0,6,1,1,B,0,1
6598,LOS ANGELES,LOS ANGELES,1,0,1,1,3,B,0,0
6599,KERN,UNINCORPORATED,7,0,6,1,3,B,0,1
6600,LOS ANGELES,LOS ANGELES,6,0,9,1,3,B,0,1
6601,LOS ANGELES,LOS ANGELES,5,0,9,1,3,B,0,0
6602,ORANGE,ANAHEIM,5,0,1,0,3,B,0,0
6603,ORANGE,FOUNTAIN VALLEY,1,0,9,1,2,B,0,1
6604,SAN DIEGO,CHULA VISTA,3,0,8,1,2,B,0,1
6605,ORANGE,FOUNTAIN VALLEY,4,0,12,1,2,B,0,1
6606,KERN,UNINCORPORATED,5,0,3,0,2,B,1,1
6607,KERN,UNINCORPORATED,5,0,8,0,2,B,1,1
6608,ORANGE,FULLERTON,1,0,1,1,3,B,0,0
6609,LOS ANGELES,POMONA,5,0,11,1,2,B,0,0
6610,SAN DIEGO,ENCINITAS,7,0,1,1,3,B,1,0
6611,SACRAMENTO,SACRAMENTO,2,0,8,1,3,B,0,1
6612,ALAMEDA,OAKLAND,4,0,8,0,3,B,0,1
6613,SACRAMENTO,SACRAMENTO,2,0,10,1,3,B,0,1
6614,ORANGE,ORANGE,1,0,7,1,1,B,0,0
6615,LOS ANGELES,SANTA CLARITA,4,0,7,1,1,B,0,1
6616,ORANGE,ANAHEIM,4,0,7,0,1,B,0,1
6617,LOS ANGELES,LONG BEACH,2,0,8,1,1,B,0,1
6618,ALAMEDA,OAKLAND,6,0,12,1,1,B,0,1
6619,SAN DIEGO,SAN DIEGO,2,0,8,1,1,B,0,1
6620,SAN DIEGO,SAN DIEGO,4,0,3,1,1,B,0,1
6621,SANTA CLARA,SANTA CLARA,6,0,8,1,1,B,0,0
6622,SAN DIEGO,SAN DIEGO,5,0,7,1,2,B,1,1
6623,LOS ANGELES,SAN DIMAS,3,0,3,1,2,B,1,1
6624,LOS ANGELES,EL SEGUNDO,6,0,12,1,2,B,0,1
6625,LOS ANGELES,EL SEGUNDO,4,0,8,1,2,B,1,0
6626,SANTA CLARA,SAN JOSE,3,0,7,1,2,B,1,1
6627,ORANGE,ANAHEIM,6,0,8,1,1,B,0,1
6628,ORANGE,ANAHEIM,5,0,9,1,1,B,0,1
6629,LOS ANGELES,SAN GABRIEL,7,0,7,1,1,B,1,0
6630,LOS ANGELES,ALHAMBRA,6,0,8,1,1,B,1,0
6631,SAN BERNARDINO,REDLANDS,3,0,7,0,1,B,1,0
6632,INYO,UNINCORPORATED,5,1,8,1,1,B,0,1
6633,LOS ANGELES,EL SEGUNDO,6,0,8,1,1,B,0,1
6634,ORANGE,ANAHEIM,5,0,3,1,1,B,1,1
6635,RIVERSIDE,CORONA,3,0,7,1,1,B,1,0
6636,SANTA CLARA,MOUNTAIN VIEW,6,0,8,1,2,B,0,1
6637,LOS ANGELES,DOWNEY,7,0,1,1,2,B,0,0
6638,SANTA CLARA,MORGAN HILL,3,0,8,1,2,B,0,0
6639,SAN DIEGO,SAN DIEGO,6,0,3,0,1,B,0,0
6640,SAN DIEGO,SAN DIEGO,2,0,1,1,1,B,0,0
6641,KERN,BAKERSFIELD,4,0,1,1,1,B,0,0
6642,SANTA CLARA,SAN JOSE,5,0,7,1,1,B,1,1
6643,CONTRA COSTA,SAN RAMON,2,0,9,0,1,B,0,1
6644,SACRAMENTO,SACRAMENTO,5,0,9,1,1,B,0,1
6645,SACRAMENTO,SACRAMENTO,3,0,12,0,1,B,0,1
6646,SAN DIEGO,SAN DIEGO,3,0,8,1,1,B,1,0
6647,SAN DIEGO,SAN DIEGO,7,0,8,0,1,B,1,1
6648,LOS ANGELES,SOUTH GATE,7,0,8,1,1,B,0,1
6649,ALAMEDA,OAKLAND,1,0,10,1,1,B,0,0
6650,RIVERSIDE,RIVERSIDE,1,0,7,1,1,B,1,0
6651,CONTRA COSTA,CONCORD,3,0,8,1,1,B,1,1
6652,SAN DIEGO,SAN MARCOS,4,0,9,1,1,B,0,1
6653,LOS ANGELES,SOUTH GATE,1,0,9,1,1,B,0,0
6654,LOS ANGELES,COVINA,5,0,3,0,1,B,1,0
6655,ORANGE,ORANGE,5,0,3,1,1,B,0,1
6656,LOS ANGELES,LANCASTER,5,0,7,1,1,B,0,1
6657,LOS ANGELES,GLENDALE,6,0,6,0,1,B,0,0
6658,RIVERSIDE,MORENO VALLEY,2,0,1,0,1,B,0,1
6659,LOS ANGELES,SANTA CLARITA,3,0,9,1,1,B,0,1
6660,ORANGE,ANAHEIM,2,0,7,1,1,B,0,1
6661,ORANGE,LAGUNA NIGUEL,2,0,1,1,1,B,0,0
6662,LOS ANGELES,PASADENA,5,0,7,1,1,B,0,1
6663,SAN FRANCISCO,SAN FRANCISCO,5,0,7,1,1,B,1,1
6664,SAN DIEGO,SAN DIEGO,1,0,8,1,1,B,0,1
6665,ORANGE,COSTA MESA,3,0,8,0,1,B,0,0
6666,LOS ANGELES,SANTA MONICA,1,1,3,1,1,B,0,0
6667,SAN MATEO,DALY CITY,7,0,7,1,1,B,1,0
6668,LOS ANGELES,SANTA MONICA,2,0,8,1,1,B,0,1
6669,ALAMEDA,OAKLAND,7,0,7,1,1,B,0,0
6670,ALAMEDA,OAKLAND,4,0,6,1,1,B,0,1
6671,RIVERSIDE,CALIMESA,2,0,9,1,1,B,0,1
6672,ORANGE,GARDEN GROVE,7,0,8,1,1,B,0,0
6673,VENTURA,UNINCORPORATED,5,0,1,1,1,B,0,1
6674,NEVADA,GRASS VALLEY,5,0,9,1,1,B,0,1
6675,ORANGE,FULLERTON,6,0,3,1,1,B,1,1
6676,ORANGE,LOS ALAMITOS,5,0,7,1,1,B,1,0
6677,SAN DIEGO,EL CAJON,7,0,8,1,1,B,1,1
6678,SAN DIEGO,SAN DIEGO,6,0,1,0,1,B,0,0
6679,LOS ANGELES,LONG BEACH,3,0,10,1,1,B,0,0
6680,RIVERSIDE,RIVERSIDE,4,0,7,1,1,B,1,1
6681,LOS ANGELES,LONG BEACH,5,0,7,1,1,B,0,0
6682,ORANGE,NEWPORT BEACH,2,0,7,1,1,B,1,1
6683,MARIN,SAN RAFAEL,4,0,8,1,1,B,0,1
6684,STANISLAUS,MODESTO,6,0,8,1,1,B,0,0
6685,ORANGE,ORANGE,4,0,3,1,1,B,1,0
6686,KERN,DELANO,5,0,9,0,1,B,0,1
6687,VENTURA,OXNARD,2,0,7,1,1,B,0,1
6688,LOS ANGELES,AZUSA,5,0,8,0,1,B,0,0
6689,RIVERSIDE,RIVERSIDE,3,0,8,1,1,B,1,1
6690,ORANGE,IRVINE,6,0,8,0,1,B,1,1
6691,MONTEREY,MONTEREY,4,0,8,1,1,B,0,1
6692,ORANGE,BREA,6,0,6,0,1,B,0,1
6693,LOS ANGELES,EL SEGUNDO,3,0,6,1,1,B,0,0
6694,SACRAMENTO,SACRAMENTO,5,0,7,0,1,B,1,1
6695,ORANGE,HUNTINGTON BEACH,2,0,1,1,1,B,1,0
6696,ORANGE,ANAHEIM,6,0,7,1,1,B,0,1
6697,SAN MATEO,MENLO PARK,1,0,7,1,1,B,1,0
6698,MONTEREY,MONTEREY,1,0,7,1,1,B,1,1
6699,SAN DIEGO,SAN DIEGO,5,0,8,0,1,B,1,0
6700,ORANGE,NEWPORT BEACH,5,0,7,0,1,B,1,0
6701,ORANGE,IRVINE,6,0,8,1,1,B,0,1
6702,SAN DIEGO,SAN DIEGO,5,0,7,0,1,B,1,1
6703,SAN DIEGO,SAN DIEGO,2,0,9,1,1,B,0,0
6704,ORANGE,ANAHEIM,5,0,7,0,1,B,0,1
6705,SAN DIEGO,SAN DIEGO,1,0,7,1,1,B,1,0
6706,LOS ANGELES,LONG BEACH,3,0,8,1,1,B,0,1
6707,SAN DIEGO,SAN DIEGO,1,0,8,1,1,B,0,1
6708,SAN DIEGO,SAN DIEGO,4,0,8,1,1,B,0,0
6709,SAN DIEGO,SAN DIEGO,5,0,8,1,1,B,0,0
6710,LOS ANGELES,LONG BEACH,3,0,7,1,1,B,0,0
6711,SAN BERNARDINO,UPLAND,3,0,7,1,1,B,1,0
6712,SACRAMENTO,ELK GROVE,7,0,7,1,1,B,0,1
6713,ORANGE,FULLERTON,7,0,9,1,1,B,0,1
6714,ORANGE,IRVINE,3,0,9,1,1,B,0,1
6715,SACRAMENTO,ELK GROVE,2,0,8,1,1,B,0,1
6716,SAN DIEGO,SAN DIEGO,4,0,8,1,3,B,0,0
6717,SAN DIEGO,SAN DIEGO,2,0,8,1,3,B,0,1
6718,RIVERSIDE,TEMECULA,4,0,3,0,3,B,1,0
6719,LOS ANGELES,BELL,1,0,1,1,1,B,1,0
6720,LOS ANGELES,ALHAMBRA,3,0,7,1,2,B,1,1
6721,LOS ANGELES,CULVER CITY,2,0,7,1,2,B,0,1
6722,LOS ANGELES,INDUSTRY,2,0,7,1,2,B,1,1
6723,RIVERSIDE,RIVERSIDE,7,0,9,1,3,B,0,1
6724,LOS ANGELES,LA MIRADA,5,0,7,0,1,B,0,1
6725,VENTURA,OXNARD,5,0,11,1,1,B,0,0
6726,ORANGE,LA HABRA,7,0,8,0,1,B,1,1
6727,CONTRA COSTA,CONCORD,1,0,8,1,1,B,0,0
6728,ALAMEDA,PLEASANTON,1,0,7,1,1,B,1,1
6729,SANTA CLARA,SANTA CLARA,5,0,7,1,1,B,1,0
6730,ORANGE,IRVINE,4,0,8,1,1,B,1,1
6731,ORANGE,FULLERTON,7,0,7,1,1,B,1,0
6732,LOS ANGELES,BURBANK,1,0,1,1,1,B,0,1
6733,RIVERSIDE,PALM SPRINGS,5,0,9,1,1,B,0,1
6734,SAN DIEGO,SAN DIEGO,5,0,8,0,1,B,1,0
6735,SAN DIEGO,SAN DIEGO,7,0,8,1,1,B,1,1
6736,ORANGE,GARDEN GROVE,1,0,7,1,1,B,1,1
6737,CONTRA COSTA,CONCORD,5,0,1,1,1,B,0,0
6738,SAN DIEGO,SAN MARCOS,5,0,3,0,1,B,0,1
6739,SAN DIEGO,ESCONDIDO,6,0,8,1,1,B,0,1
6740,PLACER,ROSEVILLE,5,0,7,0,1,B,1,0
6741,SAN DIEGO,SAN DIEGO,3,0,7,1,1,B,1,1
6742,SAN DIEGO,SAN DIEGO,2,0,3,1,1,B,1,1
6743,SAN DIEGO,SAN DIEGO,1,0,7,1,1,B,1,1
6744,RIVERSIDE,RIVERSIDE,5,0,10,0,1,B,0,0
6745,MARIN,UNINCORPORATED,3,0,1,1,1,B,0,0
6746,ALAMEDA,HAYWARD,5,0,7,1,1,B,1,0
6747,VENTURA,THOUSAND OAKS,3,0,8,0,1,B,0,1
6748,SACRAMENTO,SACRAMENTO,7,0,1,1,1,B,0,0
6749,SACRAMENTO,SACRAMENTO,2,0,8,1,1,B,0,0
6750,SAN MATEO,REDWOOD CITY,2,0,8,1,1,B,0,1
6751,ORANGE,YORBA LINDA,7,0,1,1,2,B,0,0
6752,SANTA CLARA,CAMPBELL,1,0,7,1,1,B,1,1
6753,SAN BERNARDINO,RIALTO,1,0,7,1,1,B,1,1
6754,SAN JOAQUIN,UNINCORPORATED,4,0,9,0,1,B,0,1
6755,SACRAMENTO,SACRAMENTO,5,0,3,1,2,B,0,1
6756,RIVERSIDE,RIVERSIDE,4,0,8,1,2,B,1,1
6757,RIVERSIDE,INDIO,5,0,8,1,2,B,0,1
6758,SAN DIEGO,SAN DIEGO,6,0,8,1,2,B,0,1
6759,SAN DIEGO,SAN DIEGO,3,0,8,1,2,B,0,1
6760,SANTA CLARA,MILPITAS,4,0,8,1,2,B,0,1
6761,ORANGE,SANTA ANA,3,0,8,1,2,B,0,0
6762,ORANGE,IRVINE,3,0,7,1,2,B,0,1
6763,ORANGE,LA HABRA,6,0,8,1,2,B,1,0
6764,SAN DIEGO,SAN DIEGO,4,0,8,1,2,B,0,0
6765,ORANGE,HUNTINGTON BEACH,5,0,8,1,2,B,1,1
6766,SAN DIEGO,SAN DIEGO,6,0,7,0,2,B,1,1
6767,SAN BERNARDINO,RANCHO CUCAMONGA,1,0,8,1,2,B,0,1
6768,SAN MATEO,SAN CARLOS,2,0,7,1,2,B,1,0
6769,SANTA CLARA,SAN JOSE,6,0,7,1,1,B,1,1
6770,SOLANO,VACAVILLE,4,0,8,1,1,B,0,1
6771,SAN JOAQUIN,LATHROP,3,0,7,1,2,B,1,1
6772,LOS ANGELES,PALMDALE,4,0,7,1,2,B,1,1
6773,STANISLAUS,UNINCORPORATED,4,0,7,1,2,B,1,1
6774,SAN FRANCISCO,SAN FRANCISCO,5,0,7,1,1,B,1,0
6775,LOS ANGELES,HUNTINGTON PARK,4,0,7,1,1,B,0,1
6776,SAN BERNARDINO,ONTARIO,4,0,7,1,1,B,1,0
6777,SAN DIEGO,CARLSBAD,3,0,8,1,1,B,0,1
6778,LOS ANGELES,EL MONTE,7,0,1,1,1,B,1,1
6779,ORANGE,ANAHEIM,4,0,1,1,1,B,0,0
6780,ORANGE,ANAHEIM,3,0,8,1,1,B,1,1
6781,LOS ANGELES,LYNWOOD,2,0,8,1,1,B,1,0
6782,ALAMEDA,OAKLAND,4,0,7,1,1,B,0,1
6783,LOS ANGELES,TORRANCE,2,0,8,1,1,B,1,1
6784,ALAMEDA,OAKLAND,2,0,7,1,1,B,1,0
6785,ALAMEDA,OAKLAND,1,0,7,1,1,B,1,0
6786,SACRAMENTO,SACRAMENTO,4,0,8,1,1,B,1,1
6787,EL DORADO,UNINCORPORATED,6,0,9,1,1,B,0,1
6788,ORANGE,LAGUNA BEACH,6,0,8,1,1,B,0,1
6789,MERCED,MERCED,4,0,9,1,1,B,0,1
6790,ALAMEDA,BERKELEY,5,0,7,1,1,B,1,1
6791,ALAMEDA,SAN LEANDRO,4,0,8,0,1,B,0,1
6792,SANTA CLARA,SAN JOSE,3,0,3,0,1,B,0,0
6793,SANTA CLARA,SAN JOSE,4,0,8,1,1,B,0,0
6794,SANTA CLARA,SAN JOSE,4,0,3,1,1,B,0,0
6795,ORANGE,COSTA MESA,5,0,8,1,1,B,0,1
6796,ORANGE,GARDEN GROVE,2,0,9,1,1,B,0,1
6797,ORANGE,TUSTIN,6,0,8,1,1,B,0,1
6798,VENTURA,OXNARD,6,0,8,1,1,B,1,0
6799,LOS ANGELES,EL MONTE,3,0,7,1,1,B,0,1
6800,NAPA,NAPA,7,0,8,1,1,B,0,1
6801,LOS ANGELES,EL MONTE,3,0,9,1,1,B,0,1
6802,ORANGE,IRVINE,3,0,12,1,1,B,0,1
6803,LOS ANGELES,BALDWIN PARK,5,0,8,1,1,B,0,1