ID,County,City,Weekday,Severity,ViolCat,ClearWeather,Month,CrashType,Highway,Daylight
9617,ORANGE,LAKE FOREST,7,0,12,1,5,B,0,1
9618,LOS ANGELES,MONTEREY PARK,3,0,8,1,6,B,0,1
9619,ORANGE,NEWPORT BEACH,5,0,3,1,5,B,0,0
9620,SANTA CLARA,SAN JOSE,1,0,7,1,6,B,1,1
9621,SANTA CLARA,SANTA CLARA,2,0,7,1,6,B,0,1
9622,KERN,BAKERSFIELD,3,0,9,1,5,B,0,1
9623,ALAMEDA,OAKLAND,3,0,7,1,4,B,1,1
9624,LOS ANGELES,BELLFLOWER,1,0,9,1,5,B,0,1
9625,PLACER,UNINCORPORATED,5,0,3,1,5,B,0,1
9626,RIVERSIDE,HEMET,6,0,1,1,5,B,0,0
9627,SANTA CRUZ,UNINCORPORATED,7,0,8,1,4,B,0,1
9628,SAN LUIS OBISPO,UNINCORPORATED,5,0,1,1,5,B,1,1
9629,SAN BERNARDINO,HESPERIA,4,0,6,1,5,B,0,1
9630,PLACER,UNINCORPORATED,6,0,8,1,5,B,1,1
9631,SAN FRANCISCO,SAN FRANCISCO,3,0,6,1,3,B,0,1
9632,SAN FRANCISCO,SAN FRANCISCO,3,0,7,1,3,B,0,1
9633,SAN FRANCISCO,SAN FRANCISCO,5,0,8,1,3,B,0,0
9634,LOS ANGELES,MONROVIA,2,0,8,0,4,B,0,1
9635,SANTA CLARA,MILPITAS,6,0,7,1,6,B,0,1
9636,SONOMA,SANTA ROSA,3,1,7,1,6,B,1,1
9637,SAN DIEGO,VISTA,4,0,7,1,6,B,1,1
9638,LOS ANGELES,POMONA,3,0,7,1,6,B,1,1
9639,LOS ANGELES,POMONA,5,0,3,0,6,B,1,0
9640,LOS ANGELES,MONROVIA,3,0,7,1,6,B,1,0
9641,SAN DIEGO,VISTA,2,0,7,1,6,B,0,1
9642,SAN DIEGO,SAN DIEGO,1,1,1,0,6,B,1,0
9643,ORANGE,SEAL BEACH,7,0,8,1,6,B,0,1
9644,SAN DIEGO,SAN DIEGO,6,0,8,1,6,B,0,0
9645,LOS ANGELES,LOS ANGELES,3,0,7,1,6,B,0,1
9646,LOS ANGELES,BALDWIN PARK,4,0,7,1,6,B,1,1
9647,LOS ANGELES,AZUSA,2,0,1,1,6,B,0,1
9648,LOS ANGELES,IRWINDALE,1,0,7,1,6,B,1,1
9649,CONTRA COSTA,MARTINEZ,2,0,8,1,6,B,0,0
9650,SAN BERNARDINO,RIALTO,5,0,9,1,5,B,0,1
9651,LOS ANGELES,LOS ANGELES,6,0,8,1,5,B,0,0
9652,SACRAMENTO,SACRAMENTO,4,0,7,1,5,B,1,1
9653,ORANGE,GARDEN GROVE,4,0,7,1,5,B,1,1
9654,ORANGE,LOS ALAMITOS,5,0,6,1,5,B,0,0
9655,CONTRA COSTA,UNINCORPORATED,6,0,3,1,5,B,1,1
9656,ORANGE,PLACENTIA,6,0,8,1,5,B,0,1
9657,SAN BERNARDINO,RIALTO,6,0,7,1,6,B,0,1
9658,ORANGE,ORANGE,6,0,8,1,5,B,1,1
9659,ORANGE,GARDEN GROVE,6,0,8,1,6,B,0,1
9660,SAN DIEGO,CARLSBAD,7,0,1,1,5,B,0,0
9661,ALAMEDA,PLEASANTON,7,0,8,1,5,B,0,1
9662,LOS ANGELES,COVINA,7,0,8,1,5,B,0,1
9663,LOS ANGELES,COVINA,2,0,9,1,5,B,0,1
9664,ALAMEDA,PLEASANTON,2,0,8,1,5,B,0,1
9665,SAN BERNARDINO,CHINO,5,0,9,1,4,B,0,1
9666,SAN BERNARDINO,CHINO,6,0,1,1,4,B,0,0
9667,ORANGE,FULLERTON,7,0,9,1,5,B,0,1
9668,MERCED,UNINCORPORATED,2,0,3,1,5,B,0,1
9669,ALAMEDA,OAKLAND,6,0,7,1,6,B,0,1
9670,LOS ANGELES,LOS ANGELES,7,0,7,1,5,B,1,1
9671,ALAMEDA,ALAMEDA,4,0,8,1,6,B,0,1
9672,ALAMEDA,OAKLAND,2,0,7,1,5,B,1,1
9673,MERCED,MERCED,2,0,10,1,5,B,0,1
9674,LAKE,UNINCORPORATED,4,0,8,1,6,B,1,1
9675,KERN,UNINCORPORATED,4,0,8,1,6,B,0,0
9676,LOS ANGELES,DIAMOND BAR,2,0,9,1,6,B,0,0
9677,ORANGE,DANA POINT,6,0,8,1,6,B,0,1
9678,SANTA CLARA,SAN JOSE,3,0,7,1,6,B,0,1
9679,SANTA CLARA,SAN JOSE,2,0,3,1,6,B,0,1
9680,SANTA CLARA,SAN JOSE,2,0,3,1,6,B,0,1
9681,SANTA CLARA,SAN JOSE,2,0,9,1,6,B,0,1
9682,SANTA CLARA,SAN JOSE,1,0,8,1,6,B,0,1
9683,SANTA CLARA,SAN JOSE,1,0,8,1,6,B,0,1
9684,LOS ANGELES,EL MONTE,6,0,6,1,4,B,0,0
9685,LOS ANGELES,EL MONTE,3,0,1,1,5,B,0,0
9686,FRESNO,UNINCORPORATED,5,0,8,1,5,B,0,1
9687,LOS ANGELES,EL MONTE,5,0,9,1,4,B,0,0
9688,LOS ANGELES,EL MONTE,1,0,8,1,4,B,0,1
9689,TUOLUMNE,UNINCORPORATED,7,0,1,1,6,B,0,1
9690,ORANGE,WESTMINSTER,6,0,7,1,6,B,0,1
9691,SAN DIEGO,ESCONDIDO,2,0,8,1,6,B,1,1
9692,LOS ANGELES,ROSEMEAD,6,0,7,1,6,B,0,1
9693,MERCED,MERCED,5,0,8,1,5,B,1,1
9694,LOS ANGELES,LOS ANGELES,2,0,9,0,6,B,0,1
9695,SAN DIEGO,EL CAJON,3,0,8,1,6,B,1,0
9696,LOS ANGELES,LONG BEACH,2,0,8,1,6,B,0,1
9697,ORANGE,HUNTINGTON BEACH,1,0,7,1,6,B,1,1
9698,ORANGE,HUNTINGTON BEACH,2,0,8,1,6,B,0,1
9699,LOS ANGELES,WEST COVINA,4,0,7,1,6,B,1,0
9700,SAN MATEO,SAN MATEO,6,1,3,1,5,B,1,0
9701,ALAMEDA,OAKLAND,4,0,8,1,5,B,0,1
9702,SACRAMENTO,SACRAMENTO,7,0,8,1,5,B,1,1
9703,SANTA CLARA,PALO ALTO,4,0,7,1,5,B,1,1
9704,MONTEREY,SALINAS,6,0,7,1,6,B,1,1
9705,SAN DIEGO,SAN MARCOS,4,0,8,1,6,B,1,0
9706,SAN BERNARDINO,RANCHO CUCAMONGA,1,0,8,1,6,B,1,1
9707,SANTA CRUZ,CAPITOLA,3,0,1,0,6,B,1,1
9708,SOLANO,VALLEJO,7,0,7,1,6,B,1,0
9709,ORANGE,LAGUNA BEACH,4,0,8,0,6,B,1,1
9710,SAN BERNARDINO,RANCHO CUCAMONGA,2,0,7,0,6,B,1,1
9711,MONTEREY,UNINCORPORATED,2,0,9,0,6,B,0,1
9712,ORANGE,LA HABRA,1,0,8,1,6,B,0,1
9713,LOS ANGELES,CULVER CITY,2,0,7,1,4,B,0,0
9714,SAN BERNARDINO,CHINO,1,0,8,1,2,B,0,1
9715,LOS ANGELES,CULVER CITY,7,0,7,0,4,B,0,0
9716,LOS ANGELES,SANTA FE SPRINGS,2,0,8,1,5,B,0,1
9717,LOS ANGELES,CULVER CITY,4,0,8,1,5,B,0,1
9718,SAN BERNARDINO,ONTARIO,4,0,1,1,5,B,0,0
9719,SAN BERNARDINO,CHINO,1,0,8,1,5,B,0,1
9720,SAN BERNARDINO,ONTARIO,4,0,3,1,5,B,0,1
9721,SAN BERNARDINO,ONTARIO,4,0,6,1,5,B,0,1
9722,ORANGE,GARDEN GROVE,4,0,8,1,5,B,0,1
9723,ORANGE,SANTA ANA,7,0,7,1,6,B,1,1
9724,ORANGE,SANTA ANA,3,0,7,1,6,B,1,1
9725,CONTRA COSTA,PINOLE,3,0,7,1,6,B,1,0
9726,CONTRA COSTA,UNINCORPORATED,6,0,8,1,6,B,1,1
9727,SAN LUIS OBISPO,UNINCORPORATED,7,0,8,1,6,B,0,0
9728,MONTEREY,MONTEREY,4,0,8,1,5,B,0,1
9729,MONTEREY,MONTEREY,5,0,8,1,5,B,0,1
9730,YUBA,UNINCORPORATED,3,0,7,1,6,B,1,1
9731,YUBA,UNINCORPORATED,3,0,8,1,6,B,0,1
9732,LOS ANGELES,LOS ANGELES,6,0,9,1,6,B,0,1
9733,SACRAMENTO,FOLSOM,6,0,8,1,6,B,0,1
9734,KERN,UNINCORPORATED,7,0,8,1,6,B,0,0
9735,LOS ANGELES,LOS ANGELES,2,0,3,1,6,B,0,1
9736,LOS ANGELES,LOS ANGELES,4,0,1,1,6,B,0,0
9737,LOS ANGELES,LOS ANGELES,2,0,9,1,6,B,0,1
9738,NAPA,CALISTOGA,5,0,8,1,6,B,0,1
9739,CONTRA COSTA,CONCORD,2,0,8,1,6,B,0,1
9740,CONTRA COSTA,CONCORD,4,0,8,1,6,B,0,1
9741,SAN DIEGO,SAN DIEGO,2,0,3,1,6,B,0,1
9742,LOS ANGELES,LOS ANGELES,7,0,7,1,5,B,1,0
9743,LOS ANGELES,LOS ANGELES,7,0,7,1,5,B,1,1
9744,LOS ANGELES,LOS ANGELES,4,0,7,0,5,B,1,1
9745,LOS ANGELES,LOS ANGELES,4,0,7,0,5,B,1,1
9746,LOS ANGELES,LOS ANGELES,6,0,8,1,5,B,0,1
9747,TULARE,TULARE,5,0,9,1,5,B,0,0
9748,LOS ANGELES,LOS ANGELES,4,0,7,1,5,B,1,1
9749,SAN DIEGO,SAN DIEGO,7,1,3,1,5,B,1,1
9750,LOS ANGELES,HAWTHORNE,7,0,3,1,6,B,0,1
9751,SAN FRANCISCO,SAN FRANCISCO,3,0,7,1,6,B,1,1
9752,SACRAMENTO,SACRAMENTO,3,0,6,1,6,B,0,1
9753,ORANGE,FULLERTON,2,0,7,1,5,B,0,1
9754,ORANGE,FULLERTON,5,0,8,1,5,B,0,1
9755,ALAMEDA,BERKELEY,6,0,3,1,5,B,1,1
9756,ALAMEDA,BERKELEY,2,0,9,1,5,B,0,1
9757,ALAMEDA,BERKELEY,3,0,8,0,5,B,0,1
9758,RIVERSIDE,CATHEDRAL CITY,2,0,7,1,5,B,0,1
9759,SOLANO,VALLEJO,3,0,8,1,5,B,0,1
9760,SAN DIEGO,OCEANSIDE,4,0,8,1,5,B,0,1
9761,ALAMEDA,LIVERMORE,7,0,8,1,5,B,0,1
9762,ORANGE,IRVINE,5,0,8,1,5,B,1,1
9763,ORANGE,SANTA ANA,5,0,7,1,5,B,1,1
9764,SAN DIEGO,ESCONDIDO,5,0,8,1,5,B,0,1
9765,ORANGE,ORANGE,6,0,7,1,5,B,1,1
9766,SAN LUIS OBISPO,PISMO BEACH,3,0,6,0,5,B,0,1
9767,FRESNO,FRESNO,3,0,7,1,5,B,1,1
9768,SACRAMENTO,SACRAMENTO,3,0,7,1,5,B,1,1
9769,ORANGE,SANTA ANA,4,0,7,1,5,B,1,1
9770,SAN BERNARDINO,COLTON,6,1,1,1,5,B,1,0
9771,SAN BERNARDINO,SAN BERNARDINO,3,0,3,1,5,B,0,1
9772,LOS ANGELES,LOS ANGELES,6,0,12,1,6,B,0,0
9773,SACRAMENTO,ELK GROVE,4,0,12,1,6,B,0,1
9774,LOS ANGELES,LOS ANGELES,4,0,7,1,6,B,0,0
9775,LOS ANGELES,LOS ANGELES,5,0,1,1,6,B,0,0
9776,SANTA CLARA,SAN JOSE,1,0,9,1,6,B,0,1
9777,SANTA CLARA,SAN JOSE,6,0,3,1,6,B,0,0
9778,SANTA CLARA,SAN JOSE,7,0,9,1,6,B,0,1
9779,KINGS,HANFORD,6,0,12,1,6,B,0,1
9780,LOS ANGELES,LOS ANGELES,2,0,9,1,6,B,0,1
9781,FRESNO,UNINCORPORATED,7,0,3,1,6,B,1,1
9782,KERN,UNINCORPORATED,5,1,7,1,6,B,1,1
9783,SANTA CRUZ,WATSONVILLE,6,0,1,1,6,B,0,1
9784,TEHAMA,RED BLUFF,1,0,8,1,6,B,1,1
9785,LOS ANGELES,TORRANCE,7,0,8,1,6,B,0,1
9786,AMADOR,IONE,3,0,8,1,6,B,1,0
9787,LOS ANGELES,LOS ANGELES,1,0,9,1,6,B,0,1
9788,LOS ANGELES,LOS ANGELES,6,0,12,1,6,B,0,1
9789,LOS ANGELES,LOS ANGELES,7,0,9,1,6,B,0,1
9790,LOS ANGELES,LOS ANGELES,7,0,1,0,6,B,0,0
9791,FRESNO,FRESNO,6,0,8,1,6,B,1,1
9792,LOS ANGELES,LOS ANGELES,2,0,7,1,6,B,0,1
9793,FRESNO,FRESNO,4,0,7,1,5,B,1,1
9794,FRESNO,UNINCORPORATED,6,0,1,1,5,B,0,0
9795,ORANGE,ANAHEIM,2,0,8,1,6,B,1,0
9796,ORANGE,IRVINE,1,0,7,1,6,B,1,1
9797,LOS ANGELES,LOS ANGELES,6,0,7,1,5,B,0,1
9798,SAN LUIS OBISPO,SAN LUIS OBISPO,2,0,6,1,6,B,0,1
9799,TEHAMA,UNINCORPORATED,3,1,8,0,1,B,1,0
9800,ALAMEDA,OAKLAND,6,0,8,1,6,B,0,1
9801,ORANGE,ANAHEIM,5,0,6,1,3,B,1,1
9802,ALAMEDA,OAKLAND,3,0,8,1,3,B,0,1
9803,ALAMEDA,OAKLAND,7,0,8,1,3,B,0,0
9804,ORANGE,PLACENTIA,3,0,1,1,5,B,1,0
9805,ORANGE,ANAHEIM,4,1,3,1,5,B,1,1
9806,CONTRA COSTA,WALNUT CREEK,2,0,7,1,5,B,0,1
9807,ALAMEDA,OAKLAND,5,0,7,1,6,B,0,1
9808,SAN LUIS OBISPO,SAN LUIS OBISPO,3,0,7,1,6,B,1,1
9809,LOS ANGELES,LOS ANGELES,1,0,8,1,6,B,1,0
9810,LOS ANGELES,LOS ANGELES,5,0,8,1,6,B,1,1
9811,LOS ANGELES,LOS ANGELES,7,0,7,1,6,B,1,1
9812,SANTA CLARA,SAN JOSE,7,0,7,1,6,B,1,1
9813,SANTA CLARA,MILPITAS,5,0,7,1,6,B,1,1
9814,LOS ANGELES,SAN GABRIEL,3,0,8,1,6,B,0,0
9815,ORANGE,ORANGE,6,0,7,0,6,B,0,1
9816,ORANGE,ANAHEIM,1,0,7,1,6,B,1,1
9817,ORANGE,IRVINE,2,0,8,0,6,B,1,1
9818,SONOMA,WINDSOR,6,0,7,1,6,B,1,0
9819,ORANGE,ORANGE,7,0,7,0,6,B,1,0
9820,CONTRA COSTA,WALNUT CREEK,5,0,8,1,6,B,0,1
9821,SONOMA,UNINCORPORATED,1,0,7,1,6,B,1,1
9822,SAN DIEGO,SAN DIEGO,1,0,7,1,5,B,1,1
9823,LOS ANGELES,BELLFLOWER,7,0,8,1,5,B,0,0
9824,SHASTA,UNINCORPORATED,2,0,1,1,5,B,1,0
9825,TEHAMA,UNINCORPORATED,4,0,8,1,6,B,1,1
9826,RIVERSIDE,PALM SPRINGS,7,0,3,1,5,B,0,1
9827,SAN BERNARDINO,COLTON,2,0,8,1,5,B,0,1
9828,SOLANO,VACAVILLE,6,0,8,1,6,B,0,1
9829,ORANGE,ANAHEIM,5,0,3,1,5,B,1,1
9830,LOS ANGELES,LOS ANGELES,6,0,3,1,5,B,1,1
9831,RIVERSIDE,RIVERSIDE,2,0,7,1,6,B,1,1
9832,RIVERSIDE,CORONA,1,0,7,1,6,B,1,1
9833,ALAMEDA,OAKLAND,2,0,7,1,4,B,0,1
9834,SAN BERNARDINO,COLTON,2,0,7,1,4,B,1,0
9835,ORANGE,BREA,1,0,7,1,4,B,1,0
9836,LOS ANGELES,LOS ANGELES,5,0,6,1,4,B,0,0
9837,KINGS,HANFORD,3,0,12,1,6,B,0,1
9838,SAN DIEGO,SAN DIEGO,2,0,8,1,6,B,0,0
9839,LOS ANGELES,LOS ANGELES,7,0,7,1,6,B,1,1
9840,SANTA CLARA,SAN JOSE,5,0,7,1,6,B,1,1
9841,TULARE,UNINCORPORATED,4,0,1,1,6,B,1,0
9842,LOS ANGELES,LOS ANGELES,6,0,3,1,6,B,0,1
9843,TULARE,UNINCORPORATED,5,0,8,1,6,B,1,1
9844,TULARE,UNINCORPORATED,3,0,7,1,6,B,1,1
9845,STANISLAUS,CERES,2,0,8,1,6,B,0,1
9846,LOS ANGELES,LYNWOOD,5,0,9,1,6,B,0,1
9847,LOS ANGELES,ARCADIA,7,0,1,0,6,B,0,0
9848,KERN,UNINCORPORATED,5,0,8,1,6,B,1,1
9849,SAN DIEGO,OCEANSIDE,4,0,3,1,6,B,1,1
9850,SAN MATEO,SOUTH SAN FRANCISCO,4,0,1,0,6,B,0,1
9851,LOS ANGELES,SOUTH GATE,7,0,8,1,6,B,0,0
9852,LOS ANGELES,REDONDO BEACH,7,0,8,1,6,B,0,0
9853,LOS ANGELES,ARCADIA,6,0,8,1,6,B,0,0
9854,LOS ANGELES,ARCADIA,5,0,6,1,6,B,0,1
9855,LOS ANGELES,LONG BEACH,4,0,7,1,6,B,0,1
9856,SAN MATEO,REDWOOD CITY,3,0,12,1,6,B,0,1
9857,SAN MATEO,REDWOOD CITY,3,0,9,1,6,B,0,1
9858,CONTRA COSTA,CONCORD,5,0,3,1,6,B,0,1
9859,LOS ANGELES,LONG BEACH,4,0,8,1,6,B,0,1
9860,ORANGE,GARDEN GROVE,2,0,7,0,6,B,1,1
9861,LOS ANGELES,LOS ANGELES,3,0,8,1,6,B,1,1
9862,SOLANO,VACAVILLE,1,0,8,0,6,B,0,1
9863,SAN DIEGO,NATIONAL CITY,5,0,3,0,6,B,1,1
9864,SAN FRANCISCO,SAN FRANCISCO,4,0,7,1,6,B,1,1
9865,SAN DIEGO,CORONADO,1,0,8,1,6,B,0,1
9866,SAN LUIS OBISPO,PISMO BEACH,7,1,8,1,6,B,1,1
9867,SAN DIEGO,SAN DIEGO,1,0,7,1,6,B,1,0
9868,STANISLAUS,MODESTO,2,0,6,1,6,B,0,1
9869,LOS ANGELES,NORWALK,6,0,8,1,6,B,0,0
9870,SONOMA,SANTA ROSA,2,0,7,0,6,B,1,1
9871,CONTRA COSTA,UNINCORPORATED,1,0,8,1,6,B,0,1
9872,SONOMA,UNINCORPORATED,2,0,7,0,6,B,1,1
9873,STANISLAUS,MODESTO,2,0,3,1,6,B,0,1
9874,LOS ANGELES,LOS ANGELES,4,0,7,1,5,B,0,1
9875,CONTRA COSTA,UNINCORPORATED,3,0,8,0,6,B,1,0
9876,SAN DIEGO,VISTA,4,1,4,1,5,B,0,1
9877,ALAMEDA,OAKLAND,2,0,8,1,5,B,0,1
9878,SAN DIEGO,SAN DIEGO,5,0,8,1,5,B,1,1
9879,ORANGE,SEAL BEACH,6,0,3,1,6,B,1,1
9880,SAN DIEGO,CHULA VISTA,6,0,8,1,6,B,0,1
9881,LOS ANGELES,LOS ANGELES,5,0,8,1,6,B,0,1
9882,LOS ANGELES,LOS ANGELES,2,0,7,1,6,B,0,1
9883,LOS ANGELES,LOS ANGELES,6,0,3,1,6,B,0,1
9884,ORANGE,ANAHEIM,2,0,8,1,6,B,0,1
9885,ORANGE,ANAHEIM,6,0,7,1,6,B,0,0
9886,LOS ANGELES,AZUSA,7,0,7,1,6,B,1,1
9887,LOS ANGELES,GLENDORA,5,0,7,1,6,B,1,0
9888,LOS ANGELES,DIAMOND BAR,2,0,7,1,6,B,1,1
9889,ALAMEDA,OAKLAND,2,0,8,1,5,B,1,1
9890,SONOMA,HEALDSBURG,4,0,6,1,6,B,0,1
9891,LOS ANGELES,LOS ANGELES,7,0,7,0,6,B,0,0
9892,LOS ANGELES,LOS ANGELES,2,0,8,1,6,B,0,1
9893,LOS ANGELES,MONTEREY PARK,4,0,12,1,6,B,0,1
9894,SAN DIEGO,SAN DIEGO,7,0,8,1,6,B,0,1
9895,ORANGE,LAGUNA BEACH,5,0,9,1,6,B,0,1
9896,SAN DIEGO,SAN DIEGO,1,0,8,1,6,B,0,1
9897,SAN MATEO,EAST PALO ALTO,3,0,7,1,6,B,0,1
9898,LOS ANGELES,LOS ANGELES,4,0,9,1,6,B,0,1
9899,SAN DIEGO,SAN DIEGO,4,0,3,1,6,B,0,1
9900,LOS ANGELES,LOS ANGELES,7,0,8,1,6,B,0,0
9901,LOS ANGELES,LOS ANGELES,1,0,7,1,6,B,0,1
9902,MERCED,UNINCORPORATED,6,0,1,1,6,B,0,0
9903,RIVERSIDE,INDIAN WELLS,6,0,7,1,6,B,0,1
9904,SAN DIEGO,SANTEE,5,0,7,1,6,B,1,1
9905,LOS ANGELES,LOS ANGELES,3,0,6,1,6,B,0,1
9906,LOS ANGELES,GLENDALE,3,0,9,1,6,B,0,1
9907,LOS ANGELES,LOS ANGELES,2,0,6,1,6,B,0,1
9908,SAN DIEGO,SAN DIEGO,4,0,7,1,6,B,0,1
9909,ORANGE,NEWPORT BEACH,5,0,7,1,6,B,0,1
9910,LOS ANGELES,LOS ANGELES,4,0,1,1,6,B,0,0
9911,LOS ANGELES,LOS ANGELES,4,0,3,1,6,B,0,1
9912,LOS ANGELES,LOS ANGELES,1,0,8,1,6,B,0,1
9913,LOS ANGELES,LOS ANGELES,1,0,9,1,6,B,0,1
9914,MARIN,SAN RAFAEL,2,0,8,1,6,B,1,1
9915,ALAMEDA,OAKLAND,5,0,7,1,6,B,1,1
9916,LOS ANGELES,HUNTINGTON PARK,2,0,10,0,6,B,0,1
9917,SAN DIEGO,SAN DIEGO,6,0,6,1,6,B,0,1
9918,SAN BERNARDINO,ONTARIO,1,0,6,1,6,B,0,1
9919,MARIN,UNINCORPORATED,3,0,8,1,6,B,1,1
9920,MARIN,UNINCORPORATED,1,0,7,1,6,B,1,1
9921,SACRAMENTO,FOLSOM,4,0,4,1,6,B,0,1
9922,SACRAMENTO,ELK GROVE,4,0,9,1,6,B,0,1
9923,KERN,UNINCORPORATED,1,0,8,1,6,B,1,1
9924,ORANGE,ALISO VIEJO,1,0,12,1,6,B,0,1
9925,LOS ANGELES,MALIBU,1,0,3,1,6,B,1,1
9926,LOS ANGELES,LOS ANGELES,6,0,8,1,6,B,1,1
9927,LOS ANGELES,PASADENA,3,0,8,1,6,B,0,1
9928,KERN,UNINCORPORATED,1,0,8,1,6,B,0,0
9929,TULARE,UNINCORPORATED,5,0,1,1,6,B,0,1
9930,LOS ANGELES,LOS ANGELES,5,0,8,1,5,B,0,1
9931,LOS ANGELES,LOS ANGELES,5,0,7,1,6,B,1,0
9932,ORANGE,FULLERTON,6,0,7,1,5,B,0,1
9933,RIVERSIDE,PALM SPRINGS,6,0,3,1,6,B,0,0
9934,RIVERSIDE,CORONA,6,0,8,1,6,B,1,1
9935,ORANGE,HUNTINGTON BEACH,6,0,1,1,6,B,0,0
9936,LOS ANGELES,LOS ANGELES,6,0,7,1,5,B,0,1
9937,LOS ANGELES,LOS ANGELES,1,0,3,1,6,B,0,1
9938,SAN DIEGO,VISTA,4,0,8,1,5,B,0,1
9939,SANTA CLARA,SAN JOSE,2,0,7,1,6,B,0,1
9940,SANTA CLARA,SAN JOSE,3,0,7,1,6,B,1,1
9941,ORANGE,WESTMINSTER,3,0,7,1,6,B,1,1
9942,SAN DIEGO,SAN DIEGO,2,0,8,0,6,B,0,1
9943,YOLO,UNINCORPORATED,7,1,1,1,6,B,1,0
9944,SAN BERNARDINO,ONTARIO,6,0,8,1,5,B,0,0
9945,SAN BERNARDINO,ONTARIO,3,0,12,1,5,B,0,0
9946,HUMBOLDT,ARCATA,6,0,9,1,5,B,0,1
9947,ALAMEDA,PLEASANTON,7,0,7,1,5,B,1,1
9948,ORANGE,IRVINE,3,0,8,1,5,B,1,1
9949,SAN DIEGO,CHULA VISTA,7,0,8,1,5,B,0,0
9950,RIVERSIDE,COACHELLA,2,0,7,1,6,B,1,1
9951,LOS ANGELES,LOS ANGELES,2,0,6,1,6,B,0,1
9952,SANTA CLARA,SAN JOSE,4,0,7,1,5,B,1,1
9953,SOLANO,VALLEJO,2,0,9,1,6,B,0,1
9954,LOS ANGELES,DOWNEY,6,0,8,1,6,B,0,1
9955,LOS ANGELES,LOS ANGELES,2,0,11,1,6,B,0,0
9956,SOLANO,FAIRFIELD,7,0,1,1,6,B,1,1
9957,KERN,UNINCORPORATED,2,0,8,1,6,B,1,1
9958,LOS ANGELES,LOS ANGELES,3,0,7,1,6,B,0,0
9959,LOS ANGELES,LOS ANGELES,4,0,9,1,6,B,0,1
9960,SACRAMENTO,SACRAMENTO,4,0,7,1,6,B,1,1
9961,LOS ANGELES,LOS ANGELES,4,0,9,1,6,B,0,1
9962,SAN DIEGO,CHULA VISTA,6,0,9,1,6,B,0,1
9963,LOS ANGELES,LOS ANGELES,5,0,9,1,6,B,0,1
9964,LOS ANGELES,LOS ANGELES,5,0,7,1,6,B,0,1
9965,SAN DIEGO,VISTA,1,0,8,1,6,B,0,1
9966,ORANGE,SEAL BEACH,5,0,7,1,6,B,1,1
9967,LOS ANGELES,COMPTON,5,0,9,1,6,B,0,1
9968,ORANGE,LA HABRA,2,0,9,1,6,B,0,1
9969,ORANGE,ANAHEIM,1,0,7,1,6,B,0,1
9970,SAN DIEGO,SAN DIEGO,5,0,8,1,5,B,0,1
9971,SOLANO,FAIRFIELD,4,0,7,1,6,B,1,1
9972,BUTTE,CHICO,1,0,7,0,6,B,1,1
9973,LOS ANGELES,SANTA MONICA,2,0,8,1,7,B,0,1
9974,LOS ANGELES,LOS ANGELES,3,0,9,1,6,B,0,0
9975,VENTURA,VENTURA,2,0,8,1,6,B,1,1
9976,LOS ANGELES,LOS ANGELES,1,0,9,1,6,B,0,1
9977,LOS ANGELES,SANTA MONICA,2,0,7,1,7,B,0,1
9978,LOS ANGELES,LOS ANGELES,7,0,7,1,6,B,0,0
9979,LOS ANGELES,LOS ANGELES,6,0,9,1,6,B,0,1
9980,LOS ANGELES,WEST COVINA,3,0,8,1,6,B,0,1
9981,SAN BERNARDINO,CHINO,5,0,7,1,6,B,1,0
9982,LOS ANGELES,LOS ANGELES,4,0,7,1,6,B,0,1
9983,LOS ANGELES,LOS ANGELES,4,0,9,1,6,B,0,1
9984,LOS ANGELES,LONG BEACH,5,0,8,1,6,B,0,0
9985,SAN DIEGO,SAN DIEGO,7,0,8,1,6,B,0,1
9986,SAN DIEGO,SAN DIEGO,5,0,8,1,6,B,0,0
9987,RIVERSIDE,TEMECULA,1,0,7,1,6,B,1,1
9988,SAN DIEGO,SAN DIEGO,7,0,6,1,6,B,0,1
9989,SAN DIEGO,SAN DIEGO,3,0,8,1,6,B,0,0
9990,SAN JOAQUIN,LODI,6,0,1,1,6,B,0,0
9991,SAN DIEGO,SAN DIEGO,5,0,8,1,6,B,0,1
9992,SAN DIEGO,SAN DIEGO,1,0,8,1,6,B,0,1
9993,SONOMA,SONOMA,1,0,9,1,6,B,1,1
9994,KINGS,HANFORD,6,0,8,1,6,B,0,1
9995,NAPA,NAPA,1,0,7,1,6,B,1,1
9996,VENTURA,OXNARD,4,0,7,1,6,B,0,1
9997,SAN DIEGO,CORONADO,5,0,1,1,6,B,0,0
9998,NAPA,UNINCORPORATED,5,0,8,1,6,B,0,1
9999,SAN FRANCISCO,SAN FRANCISCO,2,0,7,1,7,B,1,1
10000,SAN FRANCISCO,SAN FRANCISCO,3,0,7,1,6,B,1,1
10001,SANTA CLARA,SAN JOSE,1,0,9,0,7,B,0,0
10002,KERN,CALIFORNIA CITY,6,0,8,1,5,B,0,1
10003,SAN FRANCISCO,SAN FRANCISCO,3,0,8,1,6,B,1,1
10004,ORANGE,COSTA MESA,1,0,1,1,7,B,0,0
10005,SANTA CLARA,SAN JOSE,1,0,1,1,7,B,0,0
10006,SANTA CLARA,SAN JOSE,2,0,8,1,7,B,0,1
10007,SONOMA,SONOMA,3,0,12,1,6,B,0,1
10008,SAN DIEGO,ENCINITAS,6,0,1,1,4,B,0,1
10009,CONTRA COSTA,UNINCORPORATED,7,0,7,1,6,B,1,1
10010,ALAMEDA,OAKLAND,7,1,3,1,6,B,0,1
10011,HUMBOLDT,UNINCORPORATED,5,0,6,1,6,B,1,1
10012,SHASTA,UNINCORPORATED,5,0,1,1,6,B,0,1
10013,LOS ANGELES,LOS ANGELES,5,0,3,1,6,B,0,1
10014,CONTRA COSTA,CONCORD,5,0,8,1,6,B,1,1
10015,SAN JOAQUIN,UNINCORPORATED,2,0,7,1,6,B,1,1
10016,SAN BERNARDINO,VICTORVILLE,1,0,6,1,6,B,0,1
10017,SACRAMENTO,RANCHO CORDOVA,1,0,8,1,6,B,0,1
10018,SACRAMENTO,SACRAMENTO,4,0,12,1,7,B,0,1
10019,SACRAMENTO,SACRAMENTO,6,1,9,1,7,B,0,1
10020,ALAMEDA,OAKLAND,4,0,8,1,6,B,0,1
10021,ALAMEDA,OAKLAND,6,0,8,1,6,B,0,1