ID,County,City,Weekday,Severity,ViolCat,ClearWeather,Month,CrashType,Highway,Daylight
12769,LOS ANGELES,PASADENA,4,0,9,1,10,B,0,1
12770,SAN BENITO,HOLLISTER,6,0,1,1,8,B,0,0
12771,LOS ANGELES,SAN DIMAS,2,0,8,1,7,B,0,1
12772,RIVERSIDE,MORENO VALLEY,5,0,8,1,9,B,0,1
12773,LOS ANGELES,LOS ANGELES,6,0,3,1,9,B,0,1
12774,LOS ANGELES,LOS ANGELES,4,0,6,1,9,B,0,1
12775,LOS ANGELES,LOS ANGELES,1,0,9,1,9,B,0,1
12776,SAN DIEGO,SAN MARCOS,1,0,9,1,6,B,0,1
12777,MERCED,MERCED,4,0,7,1,10,B,1,0
12778,ORANGE,DANA POINT,2,0,7,1,10,B,1,1
12779,SACRAMENTO,SACRAMENTO,4,0,8,1,10,B,0,1
12780,LOS ANGELES,CARSON,3,0,7,1,1,B,1,1
12781,ORANGE,ANAHEIM,5,0,7,1,10,B,1,1
12782,LOS ANGELES,PARAMOUNT,7,0,7,1,9,B,0,1
12783,MONTEREY,UNINCORPORATED,1,0,8,1,9,B,1,1
12784,LOS ANGELES,GLENDORA,7,0,7,1,9,B,1,1
12785,SANTA CLARA,CAMPBELL,3,0,7,1,9,B,1,1
12786,LOS ANGELES,DIAMOND BAR,4,0,7,1,10,B,0,1
12787,LOS ANGELES,BALDWIN PARK,4,0,7,1,9,B,1,1
12788,LOS ANGELES,LOS ANGELES,4,0,7,1,9,B,0,1
12789,LOS ANGELES,DIAMOND BAR,6,0,7,1,9,B,1,1
12790,LOS ANGELES,DIAMOND BAR,4,0,1,1,9,B,1,0
12791,LOS ANGELES,LOS ANGELES,4,0,9,1,9,B,0,0
12792,LOS ANGELES,LOS ANGELES,5,0,8,1,9,B,0,1
12793,LOS ANGELES,LOS ANGELES,1,0,8,1,9,B,0,1
12794,MONTEREY,MARINA,3,0,8,1,9,B,1,1
12795,LOS ANGELES,EL MONTE,7,0,1,1,9,B,1,0
12796,FRESNO,UNINCORPORATED,4,0,8,1,9,B,0,1
12797,LOS ANGELES,LOS ANGELES,2,0,3,1,9,B,0,1
12798,FRESNO,FRESNO,4,0,7,1,10,B,1,1
12799,FRESNO,UNINCORPORATED,3,0,3,1,10,B,0,1
12800,LOS ANGELES,LOS ANGELES,6,0,1,1,10,B,0,1
12801,LOS ANGELES,DOWNEY,3,0,8,1,10,B,0,0
12802,LOS ANGELES,DOWNEY,1,0,8,1,9,B,0,1
12803,CONTRA COSTA,EL CERRITO,6,0,7,1,8,B,1,0
12804,LOS ANGELES,LOS ANGELES,3,0,7,1,9,B,1,1
12805,ALAMEDA,UNION CITY,1,0,12,1,7,B,0,1
12806,LOS ANGELES,LOS ANGELES,5,0,7,1,9,B,0,0
12807,ALAMEDA,EMERYVILLE,6,0,3,1,8,B,1,1
12808,LOS ANGELES,LOS ANGELES,3,0,3,1,9,B,1,1
12809,LOS ANGELES,DOWNEY,4,0,8,1,9,B,0,1
12810,LOS ANGELES,SOUTH GATE,3,0,3,1,9,B,1,0
12811,ALAMEDA,UNION CITY,3,0,9,1,9,B,0,1
12812,LOS ANGELES,LOS ANGELES,7,0,8,1,9,B,1,1
12813,LOS ANGELES,DOWNEY,4,0,8,1,9,B,0,0
12814,LOS ANGELES,LOS ANGELES,1,0,3,1,9,B,1,0
12815,LOS ANGELES,DOWNEY,2,0,8,1,9,B,0,1
12816,LOS ANGELES,SANTA FE SPRINGS,1,0,8,1,9,B,0,1
12817,LOS ANGELES,LOS ANGELES,4,0,7,1,9,B,1,1
12818,LOS ANGELES,LOS ANGELES,4,0,7,1,10,B,1,1
12819,SONOMA,UNINCORPORATED,2,0,3,1,10,B,1,1
12820,SACRAMENTO,SACRAMENTO,1,0,7,1,9,B,1,1
12821,KERN,UNINCORPORATED,5,0,9,1,10,B,0,0
12822,MONTEREY,MONTEREY,7,0,7,1,10,B,0,1
12823,MONTEREY,MONTEREY,2,0,7,1,10,B,0,1
12824,MONTEREY,UNINCORPORATED,4,0,7,1,10,B,1,0
12825,SOLANO,VACAVILLE,5,0,8,1,10,B,1,1
12826,SOLANO,FAIRFIELD,4,0,3,1,10,B,1,1
12827,RIVERSIDE,CALIMESA,3,0,7,0,10,B,1,0
12828,VENTURA,UNINCORPORATED,2,1,8,1,10,B,1,1
12829,LOS ANGELES,LOS ANGELES,1,0,9,1,9,B,0,1
12830,LOS ANGELES,LOS ANGELES,3,0,3,1,9,B,0,1
12831,LOS ANGELES,LOS ANGELES,2,0,7,1,9,B,0,1
12832,LOS ANGELES,LOS ANGELES,4,0,6,1,9,B,0,1
12833,LOS ANGELES,LOS ANGELES,7,0,8,1,9,B,0,0
12834,SOLANO,VALLEJO,6,0,11,1,9,B,0,0
12835,MONO,UNINCORPORATED,5,0,9,1,10,B,0,1
12836,RIVERSIDE,MURRIETA,4,0,7,1,10,B,1,1
12837,LOS ANGELES,LOS ANGELES,2,0,3,1,10,B,0,1
12838,CONTRA COSTA,WALNUT CREEK,2,1,4,1,10,B,1,1
12839,LOS ANGELES,LOS ANGELES,3,0,3,1,10,B,0,0
12840,RIVERSIDE,HEMET,7,0,7,1,10,B,0,0
12841,KINGS,UNINCORPORATED,1,0,1,1,9,B,1,1
12842,MONTEREY,UNINCORPORATED,5,0,7,1,10,B,1,1
12843,KINGS,UNINCORPORATED,6,0,9,1,10,B,0,1
12844,LOS ANGELES,LOS ANGELES,4,0,7,0,10,B,1,1
12845,ORANGE,BREA,4,0,7,1,10,B,1,0
12846,RIVERSIDE,MORENO VALLEY,6,0,8,1,10,B,0,1
12847,SAN LUIS OBISPO,ARROYO GRANDE,7,0,6,1,9,B,0,1
12848,LOS ANGELES,LOS ANGELES,4,0,7,1,10,B,1,1
12849,LOS ANGELES,LOS ANGELES,7,0,7,1,9,B,1,1
12850,LOS ANGELES,LOS ANGELES,3,1,8,1,9,B,1,1
12851,CONTRA COSTA,CONCORD,1,1,7,1,10,B,1,1
12852,CONTRA COSTA,WALNUT CREEK,5,0,7,1,10,B,1,1
12853,CONTRA COSTA,ORINDA,2,0,3,1,10,B,1,0
12854,RIVERSIDE,RIVERSIDE,4,0,8,1,10,B,0,1
12855,RIVERSIDE,RIVERSIDE,3,0,8,0,10,B,0,0
12856,LOS ANGELES,LOS ANGELES,5,0,7,1,10,B,1,1
12857,LOS ANGELES,GLENDALE,6,0,7,1,9,B,1,1
12858,LOS ANGELES,LOS ANGELES,4,0,7,1,9,B,1,0
12859,LOS ANGELES,LOS ANGELES,2,0,7,1,9,B,1,1
12860,ORANGE,IRVINE,6,1,7,1,9,B,1,1
12861,ORANGE,ORANGE,4,0,7,1,9,B,1,1
12862,LOS ANGELES,MALIBU,6,0,7,1,9,B,1,0
12863,RIVERSIDE,RANCHO MIRAGE,6,0,7,1,9,B,0,0
12864,SAN LUIS OBISPO,ARROYO GRANDE,1,0,3,1,9,B,0,1
12865,ORANGE,GARDEN GROVE,2,0,8,1,10,B,0,0
12866,VENTURA,VENTURA,3,1,11,0,10,B,0,0
12867,VENTURA,VENTURA,4,0,9,1,10,B,0,1
12868,NAPA,CALISTOGA,3,0,12,1,10,B,0,1
12869,ORANGE,ANAHEIM,4,0,3,1,10,B,1,1
12870,LOS ANGELES,LOS ANGELES,5,0,8,1,10,B,0,0
12871,COLUSA,UNINCORPORATED,4,0,1,1,10,B,1,1
12872,ORANGE,SANTA ANA,5,1,11,1,8,B,0,0
12873,ORANGE,COSTA MESA,6,0,6,1,10,B,0,1
12874,SANTA CLARA,PALO ALTO,2,0,9,1,10,B,0,1
12875,CALAVERAS,UNINCORPORATED,4,0,1,1,10,B,0,0
12876,LOS ANGELES,LOS ANGELES,6,0,8,1,10,B,0,1
12877,NAPA,NAPA,3,0,8,1,10,B,0,0
12878,MARIN,SAN RAFAEL,5,0,7,1,10,B,1,1
12879,LOS ANGELES,LOS ANGELES,7,0,7,1,10,B,0,1
12880,SAN MATEO,UNINCORPORATED,7,0,7,1,10,B,1,1
12881,SACRAMENTO,SACRAMENTO,2,0,8,1,10,B,0,1
12882,MARIN,UNINCORPORATED,2,0,1,1,10,B,0,0
12883,CONTRA COSTA,LAFAYETTE,5,0,7,1,10,B,1,1
12884,SAN DIEGO,OCEANSIDE,6,1,7,1,9,B,1,0
12885,LOS ANGELES,PASADENA,6,0,8,1,9,B,0,1
12886,LOS ANGELES,LOS ANGELES,1,0,8,1,10,B,0,1
12887,LOS ANGELES,LOS ANGELES,6,0,11,1,9,B,0,1
12888,LOS ANGELES,LOS ANGELES,3,0,7,1,9,B,1,1
12889,LOS ANGELES,LOS ANGELES,3,0,8,1,9,B,1,0
12890,LOS ANGELES,LOS ANGELES,5,0,7,1,9,B,1,0
12891,LOS ANGELES,LOS ANGELES,5,0,7,1,9,B,1,1
12892,ALAMEDA,HAYWARD,5,0,9,1,9,B,0,1
12893,LOS ANGELES,LOS ANGELES,6,0,3,1,9,B,1,1
12894,LOS ANGELES,LOS ANGELES,3,0,3,1,10,B,0,1
12895,NEVADA,UNINCORPORATED,2,0,3,1,10,B,1,1
12896,FRESNO,FRESNO,6,0,7,1,10,B,1,1
12897,LOS ANGELES,LOS ANGELES,7,0,6,1,10,B,0,0
12898,LOS ANGELES,LOS ANGELES,5,0,7,1,10,B,0,1
12899,LOS ANGELES,LOS ANGELES,6,0,3,1,9,B,0,0
12900,ALAMEDA,HAYWARD,6,0,9,0,9,B,0,1
12901,ALAMEDA,HAYWARD,3,0,12,1,9,B,0,1
12902,FRESNO,UNINCORPORATED,4,0,6,1,9,B,0,1
12903,FRESNO,FRESNO,6,0,7,1,9,B,1,1
12904,ALAMEDA,UNION CITY,3,0,7,1,9,B,0,1
12905,SAN JOAQUIN,TRACY,6,0,3,1,10,B,0,0
12906,MERCED,MERCED,1,0,12,1,10,B,0,1
12907,LOS ANGELES,LOS ANGELES,3,0,8,1,9,B,1,1
12908,RIVERSIDE,LAKE ELSINORE,6,0,9,1,8,B,0,1
12909,SAN BERNARDINO,SAN BERNARDINO,5,0,8,1,6,B,0,1
12910,SAN JOAQUIN,UNINCORPORATED,2,0,8,1,9,B,0,0
12911,LOS ANGELES,GARDENA,1,0,8,1,8,B,0,0
12912,STANISLAUS,MODESTO,1,0,9,1,9,B,0,1
12913,SAN DIEGO,SAN MARCOS,5,0,7,1,9,B,0,1
12914,LOS ANGELES,LOS ANGELES,5,0,3,1,9,B,0,1
12915,SAN DIEGO,SAN MARCOS,4,0,7,1,9,B,0,1
12916,LOS ANGELES,LOS ANGELES,1,0,7,1,9,B,0,1
12917,LOS ANGELES,LOS ANGELES,5,0,9,1,9,B,0,0
12918,LOS ANGELES,LOS ANGELES,5,0,7,1,10,B,0,1
12919,ORANGE,COSTA MESA,2,0,6,0,10,B,0,1
12920,LOS ANGELES,LOS ANGELES,5,0,9,1,10,B,0,1
12921,SAN DIEGO,SAN MARCOS,3,0,8,1,8,B,0,1
12922,LOS ANGELES,LONG BEACH,5,0,7,1,1,B,1,0
12923,SACRAMENTO,SACRAMENTO,2,0,7,1,10,B,1,0
12924,SACRAMENTO,SACRAMENTO,6,0,7,0,9,B,1,1
12925,RIVERSIDE,MORENO VALLEY,6,1,1,1,10,B,0,0
12926,RIVERSIDE,RIVERSIDE,3,0,7,1,10,B,1,1
12927,PLACER,UNINCORPORATED,5,0,7,1,10,B,1,1
12928,LOS ANGELES,CUDAHY,3,0,8,0,10,B,0,1
12929,LOS ANGELES,COMMERCE,2,0,8,1,10,B,0,1
12930,RIVERSIDE,RIVERSIDE,2,1,7,1,10,B,1,1
12931,RIVERSIDE,BEAUMONT,3,0,8,1,10,B,1,1
12932,ORANGE,COSTA MESA,7,0,1,1,10,B,0,0
12933,ORANGE,COSTA MESA,5,0,7,1,10,B,1,1
12934,IMPERIAL,EL CENTRO,5,0,9,1,10,B,0,0
12935,LOS ANGELES,LOS ANGELES,3,0,7,1,10,B,1,0
12936,SACRAMENTO,SACRAMENTO,6,0,3,1,10,B,1,0
12937,LOS ANGELES,AZUSA,5,0,10,1,9,B,0,0
12938,SAN BERNARDINO,SAN BERNARDINO,1,0,7,1,9,B,1,1
12939,SAN BERNARDINO,SAN BERNARDINO,4,1,8,1,10,B,1,0
12940,SAN BERNARDINO,VICTORVILLE,6,0,12,1,9,B,0,1
12941,SAN DIEGO,EL CAJON,5,0,1,1,10,B,1,0
12942,SANTA CLARA,SAN JOSE,4,0,7,1,10,B,1,1
12943,IMPERIAL,EL CENTRO,3,0,8,1,10,B,0,1
12944,CONTRA COSTA,UNINCORPORATED,4,0,7,1,10,B,1,1
12945,ORANGE,TUSTIN,5,0,12,0,10,B,0,0
12946,RIVERSIDE,MORENO VALLEY,1,0,7,1,10,B,1,0
12947,RIVERSIDE,RIVERSIDE,5,0,7,1,10,B,1,1
12948,SAN BERNARDINO,VICTORVILLE,3,0,7,0,10,B,1,1
12949,LOS ANGELES,LOS ANGELES,5,0,3,1,10,B,0,0
12950,ORANGE,BUENA PARK,1,0,7,1,10,B,1,1
12951,LOS ANGELES,LOS ANGELES,3,0,3,1,9,B,1,0
12952,STANISLAUS,TURLOCK,1,0,12,1,9,B,0,0
12953,SACRAMENTO,SACRAMENTO,4,0,7,1,10,B,1,1
12954,SANTA CLARA,GILROY,4,0,7,1,10,B,1,1
12955,SACRAMENTO,SACRAMENTO,5,0,7,1,10,B,1,1
12956,ORANGE,ANAHEIM,3,0,7,0,10,B,0,1
12957,SAN BERNARDINO,ONTARIO,3,0,7,1,9,B,0,0
12958,SAN DIEGO,ESCONDIDO,7,0,8,1,9,B,1,1
12959,SAN BERNARDINO,ONTARIO,7,0,8,1,9,B,0,0
12960,SAN MATEO,UNINCORPORATED,6,1,8,0,9,B,1,1
12961,SAN MATEO,MENLO PARK,1,0,3,0,9,B,1,1
12962,LOS ANGELES,PALMDALE,2,0,9,1,9,B,0,1
12963,RIVERSIDE,CORONA,4,0,3,1,9,B,1,1
12964,LOS ANGELES,CULVER CITY,2,0,8,1,9,B,0,1
12965,VENTURA,THOUSAND OAKS,4,0,7,1,9,B,1,1
12966,RIVERSIDE,RIVERSIDE,3,0,3,1,9,B,1,1
12967,ALAMEDA,OAKLAND,6,1,8,1,9,B,0,1
12968,SAN BERNARDINO,HIGHLAND,6,0,8,1,8,B,0,1
12969,ORANGE,GARDEN GROVE,2,0,7,1,10,B,1,1
12970,YOLO,WEST SACRAMENTO,4,0,8,1,10,B,1,1
12971,NAPA,UNINCORPORATED,1,0,8,1,10,B,1,1
12972,LOS ANGELES,NORWALK,3,0,1,1,9,B,0,0
12973,SAN DIEGO,LEMON GROVE,1,0,7,1,10,B,1,1
12974,SANTA CRUZ,UNINCORPORATED,1,0,8,1,10,B,0,1
12975,ORANGE,LA HABRA,6,0,7,1,10,B,0,1
12976,SANTA CRUZ,UNINCORPORATED,6,0,7,1,10,B,1,0
12977,LOS ANGELES,COMPTON,5,0,12,1,10,B,0,1
12978,SAN JOAQUIN,UNINCORPORATED,4,0,6,1,10,B,0,1
12979,SAN JOAQUIN,STOCKTON,2,0,7,1,10,B,1,0
12980,SAN JOAQUIN,UNINCORPORATED,5,0,7,1,10,B,1,1
12981,SAN BERNARDINO,REDLANDS,1,0,12,1,10,B,0,1
12982,SONOMA,UNINCORPORATED,7,0,7,1,10,B,0,0
12983,EL DORADO,UNINCORPORATED,1,0,3,0,10,B,0,1
12984,LOS ANGELES,LOS ANGELES,3,0,7,1,9,B,0,0
12985,LOS ANGELES,LOS ANGELES,4,0,7,1,9,B,1,1
12986,SANTA CLARA,SAN JOSE,2,0,8,1,10,B,0,1
12987,SANTA CLARA,SAN JOSE,4,0,7,1,10,B,0,1
12988,SANTA CLARA,SAN JOSE,3,0,12,1,10,B,0,1
12989,LOS ANGELES,WEST HOLLYWOOD,4,0,8,1,8,B,0,1
12990,ORANGE,TUSTIN,7,0,7,1,9,B,1,1
12991,SANTA CLARA,SAN JOSE,2,0,7,1,10,B,1,1
12992,STANISLAUS,UNINCORPORATED,5,0,9,1,10,B,0,0
12993,SAN JOAQUIN,UNINCORPORATED,7,0,7,0,10,B,1,1
12994,LOS ANGELES,LOS ANGELES,2,0,7,1,10,B,1,1
12995,ORANGE,FULLERTON,5,0,1,1,10,B,1,0
12996,LOS ANGELES,GLENDALE,4,0,8,1,10,B,0,1
12997,CONTRA COSTA,UNINCORPORATED,4,0,1,1,10,B,0,0
12998,ORANGE,SANTA ANA,4,0,8,1,10,B,0,1
12999,SAN BERNARDINO,CHINO,5,0,9,1,9,B,0,1
13000,LOS ANGELES,LOS ANGELES,2,0,7,1,10,B,0,1
13001,LOS ANGELES,LOS ANGELES,2,0,7,1,10,B,1,1
13002,SHASTA,REDDING,1,0,7,1,10,B,1,1
13003,SOLANO,FAIRFIELD,2,0,9,1,10,B,0,1
13004,LOS ANGELES,SANTA MONICA,4,0,8,1,10,B,0,1
13005,LOS ANGELES,SANTA MONICA,3,0,8,0,10,B,0,0
13006,STANISLAUS,HUGHSON,1,0,8,1,9,B,0,1
13007,ORANGE,LAGUNA HILLS,4,0,1,1,8,B,0,1
13008,SAN MATEO,REDWOOD CITY,1,0,8,1,9,B,1,0
13009,LOS ANGELES,EL MONTE,1,0,9,0,10,B,0,1
13010,RIVERSIDE,MORENO VALLEY,7,0,9,1,10,B,0,0
13011,SACRAMENTO,SACRAMENTO,2,0,8,1,10,B,0,1
13012,RIVERSIDE,MORENO VALLEY,2,0,7,1,10,B,0,1
13013,SANTA CLARA,MILPITAS,5,0,8,1,9,B,1,0
13014,SACRAMENTO,SACRAMENTO,5,1,8,1,10,B,0,0
13015,LOS ANGELES,EL MONTE,3,0,6,1,10,B,0,1
13016,LOS ANGELES,LOS ANGELES,5,0,8,1,10,B,0,1
13017,LOS ANGELES,WEST HOLLYWOOD,1,0,9,1,6,B,0,1
13018,CONTRA COSTA,WALNUT CREEK,5,0,7,1,10,B,1,1
13019,LOS ANGELES,LOS ANGELES,1,0,7,1,10,B,0,1
13020,ORANGE,ANAHEIM,1,0,3,1,10,B,0,1
13021,LOS ANGELES,LOS ANGELES,4,0,3,1,10,B,0,0
13022,LOS ANGELES,LOS ANGELES,2,0,3,1,10,B,0,1
13023,LOS ANGELES,LOS ANGELES,2,0,9,1,10,B,0,1
13024,LOS ANGELES,LOS ANGELES,1,0,6,1,10,B,0,0
13025,LOS ANGELES,SAN GABRIEL,2,0,8,1,10,B,0,1
13026,SISKIYOU,YREKA,5,0,3,0,9,B,0,0
13027,LOS ANGELES,LOS ANGELES,7,0,3,1,9,B,0,1
13028,RIVERSIDE,CORONA,1,0,3,1,10,B,1,0
13029,RIVERSIDE,RIVERSIDE,4,0,3,1,10,B,1,1
13030,LOS ANGELES,LOS ANGELES,1,0,7,1,9,B,0,1
13031,MERCED,UNINCORPORATED,1,0,7,1,10,B,1,0
13032,SAN JOAQUIN,LODI,4,0,1,1,10,B,0,0
13033,RIVERSIDE,RIVERSIDE,3,0,7,1,10,B,0,1
13034,RIVERSIDE,CORONA,7,0,7,1,10,B,1,1
13035,RIVERSIDE,CORONA,1,0,8,1,10,B,1,1
13036,LOS ANGELES,LOS ANGELES,5,0,8,1,10,B,0,1
13037,LOS ANGELES,LOS ANGELES,7,0,7,1,10,B,0,0
13038,SAN BERNARDINO,GRAND TERRACE,2,0,7,1,9,B,1,0
13039,SAN BERNARDINO,SAN BERNARDINO,4,0,7,1,9,B,0,1
13040,SAN BERNARDINO,SAN BERNARDINO,5,0,8,1,9,B,1,0
13041,SAN BERNARDINO,YUCAIPA,6,0,7,1,9,B,1,1
13042,LOS ANGELES,LOS ANGELES,7,0,3,1,10,B,0,0
13043,ALAMEDA,OAKLAND,6,0,9,1,8,B,0,1
13044,SAN DIEGO,IMPERIAL BEACH,3,0,9,1,8,B,0,1
13045,SAN MATEO,DALY CITY,2,0,3,0,9,B,0,1
13046,SAN MATEO,DALY CITY,1,0,8,1,9,B,0,1
13047,SAN DIEGO,SAN MARCOS,6,1,7,1,4,B,0,1
13048,LOS ANGELES,LA PUENTE,7,0,1,1,9,B,0,1
13049,SANTA CLARA,SAN JOSE,7,0,7,1,10,B,1,1
13050,KERN,UNINCORPORATED,4,0,1,1,10,B,0,1
13051,SOLANO,FAIRFIELD,4,0,7,0,10,B,1,0
13052,KERN,BAKERSFIELD,2,0,8,1,10,B,0,0
13053,LOS ANGELES,LOS ANGELES,7,0,1,1,10,B,0,1
13054,LOS ANGELES,LOS ANGELES,5,0,6,1,10,B,0,1
13055,MERCED,UNINCORPORATED,6,0,8,1,10,B,0,1
13056,LOS ANGELES,LOS ANGELES,6,0,7,1,10,B,0,0
13057,LOS ANGELES,LOS ANGELES,4,0,6,1,10,B,0,1
13058,LOS ANGELES,LOS ANGELES,4,0,1,1,10,B,0,0
13059,LOS ANGELES,LOS ANGELES,4,1,3,1,10,B,0,1
13060,LOS ANGELES,LOS ANGELES,2,0,8,1,10,B,0,1
13061,SAN MATEO,DALY CITY,4,0,1,1,10,B,0,0
13062,RIVERSIDE,MURRIETA,7,0,7,1,10,B,1,1
13063,SANTA CLARA,SANTA CLARA,4,0,7,1,10,B,0,1
13064,LOS ANGELES,LOS ANGELES,1,0,8,1,10,B,0,1
13065,LOS ANGELES,LOS ANGELES,6,1,6,1,10,B,0,1
13066,LOS ANGELES,LOS ANGELES,1,0,12,1,9,B,0,0
13067,KERN,UNINCORPORATED,6,0,8,1,9,B,0,1
13068,LOS ANGELES,LOS ANGELES,6,1,7,1,9,B,0,0
13069,LOS ANGELES,PICO RIVERA,5,0,8,1,9,B,0,1
13070,SANTA CLARA,SAN JOSE,7,0,8,1,10,B,1,0
13071,LOS ANGELES,BELL,4,0,7,1,10,B,1,0
13072,LOS ANGELES,COMMERCE,1,0,7,1,10,B,1,0
13073,ALAMEDA,LIVERMORE,2,0,7,1,10,B,1,1
13074,ALAMEDA,PLEASANTON,4,0,8,1,10,B,1,1
13075,LOS ANGELES,LOS ANGELES,2,0,8,1,10,B,0,1
13076,SAN BERNARDINO,COLTON,3,0,8,1,9,B,1,1
13077,LAKE,UNINCORPORATED,1,0,8,1,10,B,1,0
13078,YOLO,DAVIS,2,0,8,1,10,B,0,1
13079,SACRAMENTO,SACRAMENTO,3,0,8,1,10,B,0,1
13080,CONTRA COSTA,WALNUT CREEK,5,0,7,1,10,B,0,1
13081,LOS ANGELES,LOS ANGELES,1,0,3,1,10,B,0,1
13082,LOS ANGELES,LOS ANGELES,6,0,4,1,10,B,0,1
13083,LOS ANGELES,LOS ANGELES,2,0,9,1,10,B,0,0
13084,LOS ANGELES,LOS ANGELES,4,0,8,1,10,B,0,1
13085,LOS ANGELES,LOS ANGELES,5,0,8,1,10,B,0,1
13086,LOS ANGELES,DOWNEY,7,0,9,1,10,B,0,1
13087,LOS ANGELES,DOWNEY,5,0,8,1,10,B,0,1
13088,LOS ANGELES,LOS ANGELES,4,0,8,1,10,B,0,0
13089,FRESNO,SELMA,7,0,12,1,10,B,0,0
13090,ALAMEDA,PLEASANTON,1,0,7,1,10,B,1,0
13091,RIVERSIDE,TEMECULA,6,1,7,1,10,B,1,1
13092,LOS ANGELES,LOS ANGELES,1,0,9,1,10,B,0,1
13093,LOS ANGELES,LOS ANGELES,2,0,7,1,10,B,0,1
13094,LOS ANGELES,LOS ANGELES,2,0,7,1,10,B,0,0
13095,LOS ANGELES,LOS ANGELES,4,0,7,1,10,B,0,1
13096,LOS ANGELES,LOS ANGELES,2,0,7,1,10,B,1,1
13097,KERN,BAKERSFIELD,2,0,7,1,8,B,0,0
13098,LOS ANGELES,LOS ANGELES,4,0,9,1,10,B,0,1
13099,ORANGE,GARDEN GROVE,4,0,8,1,10,B,0,1
13100,RIVERSIDE,LA QUINTA,4,0,7,1,10,B,0,1
13101,SACRAMENTO,SACRAMENTO,5,0,8,0,10,B,0,1
13102,SACRAMENTO,SACRAMENTO,3,0,9,1,10,B,0,0
13103,ORANGE,NEWPORT BEACH,1,0,7,1,10,B,0,1
13104,ORANGE,NEWPORT BEACH,6,0,8,1,10,B,0,1
13105,CONTRA COSTA,WALNUT CREEK,2,0,8,1,10,B,0,0
13106,LOS ANGELES,LOS ANGELES,7,0,6,1,10,B,0,0
13107,SAN BERNARDINO,RANCHO CUCAMONGA,6,0,1,0,10,B,0,0
13108,SAN BERNARDINO,RANCHO CUCAMONGA,4,0,3,1,9,B,0,1
13109,LOS ANGELES,LOS ANGELES,5,0,8,1,10,B,1,1
13110,BUTTE,CHICO,7,0,8,1,10,B,0,1
13111,LOS ANGELES,LOS ANGELES,1,0,8,1,10,B,1,1
13112,LOS ANGELES,LOS ANGELES,6,0,1,1,8,B,0,0
13113,ORANGE,TUSTIN,5,0,3,1,10,B,0,1
13114,RIVERSIDE,RIVERSIDE,7,0,12,1,10,B,0,1
13115,LOS ANGELES,LOS ANGELES,5,0,7,1,10,B,1,0
13116,LOS ANGELES,LOS ANGELES,4,0,7,1,10,B,1,0
13117,SOLANO,VALLEJO,3,0,8,1,10,B,0,1
13118,ORANGE,ANAHEIM,6,1,1,1,10,B,0,0
13119,ORANGE,ANAHEIM,4,1,3,1,10,B,0,1
13120,SANTA CLARA,SAN JOSE,6,0,3,1,10,B,0,0
13121,LOS ANGELES,LOS ANGELES,1,0,7,1,9,B,1,1
13122,LOS ANGELES,GLENDALE,4,0,7,1,9,B,1,1
13123,SACRAMENTO,ELK GROVE,6,0,8,1,10,B,0,0
13124,ORANGE,YORBA LINDA,1,0,7,1,9,B,0,1
13125,LOS ANGELES,SIGNAL HILL,5,0,8,1,9,B,0,0
13126,PLACER,AUBURN,2,0,3,1,10,B,0,1
13127,RIVERSIDE,PALM SPRINGS,2,0,7,1,10,B,0,1
13128,RIVERSIDE,PALM SPRINGS,5,0,9,1,10,B,0,0
13129,RIVERSIDE,PALM SPRINGS,2,0,7,1,10,B,0,1
13130,ORANGE,SANTA ANA,6,0,9,1,10,B,0,1
13131,ORANGE,SANTA ANA,4,0,8,1,10,B,0,1
13132,ORANGE,SANTA ANA,7,0,3,1,10,B,0,1
13133,LOS ANGELES,LOS ANGELES,5,0,7,1,10,B,0,0
13134,LOS ANGELES,LONG BEACH,4,0,1,0,1,B,1,0
13135,LOS ANGELES,LONG BEACH,5,0,1,0,1,B,1,0
13136,SAN DIEGO,EL CAJON,5,0,7,1,8,B,0,1
13137,LOS ANGELES,LOS ANGELES,1,0,7,1,8,B,1,1
13138,ORANGE,ANAHEIM,1,0,7,1,10,B,0,0
13139,LOS ANGELES,LOS ANGELES,2,0,3,1,10,B,0,0
13140,ORANGE,ANAHEIM,5,0,7,1,10,B,0,1
13141,LOS ANGELES,LOS ANGELES,2,0,7,1,10,B,1,1
13142,LOS ANGELES,LOS ANGELES,5,0,7,1,10,B,1,1
13143,LOS ANGELES,LOS ANGELES,5,0,8,1,10,B,1,1
13144,ORANGE,COSTA MESA,4,0,8,1,10,B,1,1
13145,LOS ANGELES,LOS ANGELES,5,0,7,1,10,B,0,1
13146,ORANGE,ANAHEIM,5,0,7,1,10,B,0,1
13147,ORANGE,TUSTIN,2,0,7,1,10,B,1,1
13148,ORANGE,ALISO VIEJO,4,0,8,1,10,B,0,1
13149,RIVERSIDE,PALM SPRINGS,2,0,7,1,10,B,0,1
13150,LOS ANGELES,LOS ANGELES,4,0,7,1,10,B,0,1
13151,LOS ANGELES,LOS ANGELES,3,0,7,0,10,B,1,1
13152,LOS ANGELES,LOS ANGELES,1,0,7,1,10,B,1,1
13153,PLACER,ROCKLIN,1,0,7,1,10,B,1,1