ID,County,City,Weekday,Severity,ViolCat,ClearWeather,Month,CrashType,Highway,Daylight
17414,SANTA CLARA,SANTA CLARA,4,1,1,0,3,C,1,0
17415,SAN BERNARDINO,RANCHO CUCAMONGA,6,0,3,0,3,C,1,1
17416,ALAMEDA,HAYWARD,5,0,3,1,3,C,1,1
17417,ALAMEDA,FREMONT,5,0,3,1,3,C,1,1
17418,SAN DIEGO,SAN DIEGO,4,0,3,1,2,C,1,0
17419,SAN DIEGO,SAN DIEGO,3,0,3,1,2,C,0,1
17420,CONTRA COSTA,MARTINEZ,6,0,3,1,2,C,1,1
17421,SAN BERNARDINO,CHINO,2,0,3,1,3,C,1,1
17422,CONTRA COSTA,UNINCORPORATED,4,0,7,1,2,C,1,0
17423,SAN BERNARDINO,ONTARIO,4,0,3,1,2,C,1,0
17424,CONTRA COSTA,WALNUT CREEK,3,0,3,1,3,C,1,1
17425,CONTRA COSTA,PINOLE,5,0,3,1,3,C,1,0
17426,SANTA CLARA,SAN JOSE,2,0,3,1,3,C,1,1
17427,RIVERSIDE,RIVERSIDE,1,0,3,1,3,C,0,1
17428,FRESNO,UNINCORPORATED,1,0,3,1,3,C,1,1
17429,KINGS,HANFORD,4,0,1,1,2,C,0,0
17430,KINGS,HANFORD,4,0,3,1,2,C,0,1
17431,SAN DIEGO,SAN DIEGO,2,0,3,0,3,C,1,1
17432,SAN DIEGO,SAN DIEGO,3,0,3,1,3,C,1,1
17433,BUTTE,PARADISE,5,0,3,1,3,C,0,1
17434,LOS ANGELES,POMONA,4,0,3,1,2,C,1,1
17435,SHASTA,UNINCORPORATED,7,0,3,1,2,C,0,1
17436,MONTEREY,MONTEREY,3,0,3,1,2,C,1,1
17437,LOS ANGELES,LOS ANGELES,1,0,3,1,3,C,0,1
17438,LOS ANGELES,LOS ANGELES,2,0,3,1,3,C,0,1
17439,LOS ANGELES,ALHAMBRA,3,0,3,1,2,C,0,1
17440,VENTURA,VENTURA,4,0,3,1,2,C,1,0
17441,PLACER,UNINCORPORATED,5,0,4,1,2,C,1,1
17442,SANTA CRUZ,SANTA CRUZ,5,0,3,1,2,C,0,1
17443,ORANGE,YORBA LINDA,5,0,3,1,2,C,0,0
17444,PLACER,UNINCORPORATED,3,0,4,1,2,C,1,0
17445,SISKIYOU,MOUNT SHASTA,4,1,3,0,2,C,1,0
17446,SANTA CLARA,PALO ALTO,1,0,3,1,1,C,1,0
17447,SAN BERNARDINO,FONTANA,5,0,3,1,2,C,0,1
17448,SAN BERNARDINO,FONTANA,5,0,3,1,2,C,0,1
17449,SAN DIEGO,LEMON GROVE,4,0,1,0,2,C,1,0
17450,SAN DIEGO,LEMON GROVE,5,0,3,1,2,C,1,0
17451,ORANGE,IRVINE,2,0,3,1,2,C,0,1
17452,SOLANO,FAIRFIELD,2,0,3,0,2,C,0,1
17453,SOLANO,VALLEJO,6,0,3,1,2,C,1,1
17454,SOLANO,UNINCORPORATED,4,0,3,1,2,C,0,1
17455,SOLANO,DIXON,4,0,3,1,2,C,1,1
17456,SAN DIEGO,SAN DIEGO,2,0,3,1,2,C,1,1
17457,VENTURA,VENTURA,7,0,3,1,2,C,1,0
17458,KERN,BAKERSFIELD,6,0,3,1,3,C,0,0
17459,SACRAMENTO,SACRAMENTO,2,0,3,1,2,C,0,0
17460,FRESNO,FRESNO,1,0,3,1,2,C,1,1
17461,SAN DIEGO,SAN MARCOS,2,1,3,1,2,C,0,0
17462,SAN BERNARDINO,BARSTOW,7,0,1,1,2,C,1,0
17463,STANISLAUS,TURLOCK,3,0,3,1,2,C,0,1
17464,SANTA CLARA,SAN JOSE,3,0,3,1,2,C,1,1
17465,ORANGE,SANTA ANA,3,0,3,1,2,C,0,1
17466,ORANGE,GARDEN GROVE,1,0,1,1,2,C,0,0
17467,MERCED,UNINCORPORATED,1,0,4,1,3,C,1,1
17468,SANTA CLARA,CUPERTINO,5,0,3,1,3,C,1,0
17469,ORANGE,SANTA ANA,6,0,4,1,2,C,0,1
17470,ORANGE,SANTA ANA,7,0,3,1,3,C,0,1
17471,SAN JOAQUIN,UNINCORPORATED,1,0,3,1,3,C,1,1
17472,ORANGE,SANTA ANA,5,0,3,1,2,C,0,0
17473,MONTEREY,MONTEREY,7,0,1,1,2,C,0,0
17474,ORANGE,SANTA ANA,5,0,3,1,2,C,0,0
17475,SAN JOAQUIN,UNINCORPORATED,2,0,3,1,3,C,1,0
17476,SAN JOAQUIN,UNINCORPORATED,5,0,3,1,3,C,1,1
17477,SACRAMENTO,SACRAMENTO,1,0,8,1,3,C,0,1
17478,SANTA CLARA,SAN JOSE,1,0,3,1,2,C,1,1
17479,RIVERSIDE,PALM SPRINGS,5,0,3,1,2,C,0,1
17480,LOS ANGELES,DOWNEY,5,0,3,1,3,C,0,0
17481,ORANGE,GARDEN GROVE,4,0,7,0,3,C,1,1
17482,PLACER,UNINCORPORATED,4,0,3,1,2,C,1,1
17483,LOS ANGELES,ARCADIA,4,0,3,0,3,C,0,1
17484,KERN,BAKERSFIELD,7,0,3,1,2,C,0,1
17485,LOS ANGELES,ARCADIA,5,0,3,0,3,C,0,0
17486,SOLANO,BENICIA,4,0,3,1,2,C,1,0
17487,LOS ANGELES,LOS ANGELES,1,0,4,1,3,C,0,1
17488,SOLANO,FAIRFIELD,2,0,3,0,3,C,1,0
17489,MONTEREY,UNINCORPORATED,6,0,3,1,3,C,1,1
17490,LOS ANGELES,LOS ANGELES,6,0,3,1,3,C,0,1
17491,ORANGE,ANAHEIM,1,0,3,1,3,C,1,1
17492,MONTEREY,UNINCORPORATED,5,0,3,1,3,C,1,0
17493,SANTA CLARA,MOUNTAIN VIEW,1,0,3,1,2,C,1,1
17494,IMPERIAL,UNINCORPORATED,2,0,3,1,3,C,1,1
17495,LOS ANGELES,WHITTIER,7,0,1,0,3,C,0,0
17496,MARIN,UNINCORPORATED,6,0,3,1,2,C,1,0
17497,ORANGE,LAGUNA BEACH,1,0,1,1,2,C,1,0
17498,LOS ANGELES,WHITTIER,3,0,3,1,2,C,0,0
17499,RIVERSIDE,MORENO VALLEY,3,0,3,1,3,C,1,0
17500,ALAMEDA,OAKLAND,5,0,3,1,3,C,0,0
17501,RIVERSIDE,TEMECULA,1,0,3,1,3,C,0,1
17502,SAN MATEO,DALY CITY,2,0,3,1,2,C,0,1
17503,RIVERSIDE,TEMECULA,2,0,3,1,2,C,0,0
17504,ALAMEDA,OAKLAND,3,0,8,0,2,C,0,1
17505,ORANGE,IRVINE,6,0,3,1,3,C,0,1
17506,ORANGE,IRVINE,4,0,3,0,3,C,0,1
17507,RIVERSIDE,INDIAN WELLS,5,0,3,1,3,C,0,1
17508,ALAMEDA,ALAMEDA,7,0,3,1,2,C,0,1
17509,SACRAMENTO,FOLSOM,5,0,3,1,3,C,0,1
17510,SAN JOAQUIN,MANTECA,3,0,3,1,2,C,1,0
17511,SAN JOAQUIN,UNINCORPORATED,2,0,3,1,2,C,0,1
17512,SAN JOAQUIN,STOCKTON,2,0,3,1,2,C,1,1
17513,SAN JOAQUIN,STOCKTON,1,0,3,1,2,C,0,1
17514,SAN JOAQUIN,UNINCORPORATED,3,0,3,1,2,C,1,1
17515,ORANGE,BREA,6,0,3,1,2,C,0,1
17516,FRESNO,FRESNO,4,0,3,1,3,C,1,1
17517,SAN JOAQUIN,UNINCORPORATED,7,0,3,1,2,C,1,0
17518,NAPA,NAPA,1,0,3,1,3,C,0,1
17519,NAPA,NAPA,5,0,3,1,3,C,0,1
17520,LOS ANGELES,LOS ANGELES,5,0,3,0,3,C,0,0
17521,SAN DIEGO,SAN DIEGO,2,0,8,1,2,C,0,0
17522,LOS ANGELES,LOS ANGELES,6,0,3,1,3,C,1,1
17523,LOS ANGELES,LOS ANGELES,5,0,3,0,3,C,1,1
17524,RIVERSIDE,RIVERSIDE,3,0,3,1,3,C,0,1
17525,RIVERSIDE,RIVERSIDE,4,0,3,1,2,C,0,1
17526,LOS ANGELES,LOS ANGELES,2,0,3,1,3,C,0,1
17527,RIVERSIDE,TEMECULA,6,0,3,0,3,C,1,1
17528,ALAMEDA,LIVERMORE,1,0,3,1,2,C,1,1
17529,ALAMEDA,FREMONT,4,0,3,0,3,C,1,0
17530,CONTRA COSTA,SAN RAMON,3,0,7,1,2,C,1,1
17531,ALAMEDA,LIVERMORE,2,0,3,1,3,C,1,1
17532,KERN,BAKERSFIELD,3,0,3,1,3,C,1,1
17533,KERN,UNINCORPORATED,2,0,3,1,3,C,1,1
17534,LOS ANGELES,LOS ANGELES,6,0,3,1,3,C,0,0
17535,RIVERSIDE,RIVERSIDE,5,0,3,0,3,C,1,1
17536,RIVERSIDE,MORENO VALLEY,4,0,3,0,3,C,1,0
17537,LOS ANGELES,SANTA CLARITA,3,0,4,1,2,C,0,1
17538,ORANGE,ORANGE,6,0,1,1,3,C,0,0
17539,TEHAMA,UNINCORPORATED,2,0,3,1,3,C,0,1
17540,ALAMEDA,OAKLAND,1,0,3,1,3,C,0,1
17541,VENTURA,OJAI,6,1,1,1,3,C,1,0
17542,YOLO,WEST SACRAMENTO,5,0,3,1,2,C,1,1
17543,LOS ANGELES,LANCASTER,6,1,1,1,3,C,0,0
17544,LOS ANGELES,LOS ANGELES,3,0,4,1,3,C,0,1
17545,ALAMEDA,DUBLIN,5,0,3,1,2,C,0,1
17546,LOS ANGELES,LOS ANGELES,1,0,3,1,3,C,1,0
17547,RIVERSIDE,RIVERSIDE,4,0,3,1,2,C,0,1
17548,RIVERSIDE,RIVERSIDE,4,0,3,0,3,C,0,1
17549,LOS ANGELES,SAN GABRIEL,2,0,3,1,3,C,0,0
17550,SAN MATEO,BELMONT,3,0,3,1,2,C,0,1
17551,NEVADA,TRUCKEE,4,0,3,0,3,C,0,1
17552,ORANGE,ANAHEIM,6,0,3,1,3,C,0,0
17553,ORANGE,ANAHEIM,6,0,3,1,3,C,0,0
17554,ORANGE,TUSTIN,2,0,3,0,3,C,1,1
17555,ORANGE,ORANGE,5,0,3,1,2,C,0,0
17556,ORANGE,IRVINE,3,0,3,1,3,C,1,1
17557,ORANGE,FULLERTON,3,0,3,1,2,C,1,1
17558,ORANGE,COSTA MESA,2,0,3,1,3,C,1,1
17559,ORANGE,HUNTINGTON BEACH,4,0,3,0,3,C,0,0
17560,ORANGE,IRVINE,4,0,3,1,3,C,0,1
17561,ORANGE,IRVINE,4,0,3,1,3,C,0,1
17562,RIVERSIDE,RIVERSIDE,2,0,3,1,3,C,1,1
17563,KERN,BAKERSFIELD,6,0,3,0,3,C,0,1
17564,BUTTE,UNINCORPORATED,4,0,3,1,3,C,1,1
17565,RIVERSIDE,RIVERSIDE,1,0,3,1,2,C,1,1
17566,RIVERSIDE,CORONA,4,0,3,1,3,C,1,1
17567,RIVERSIDE,MORENO VALLEY,1,0,3,1,3,C,1,0
17568,ORANGE,MISSION VIEJO,4,0,3,1,2,C,0,0
17569,SAN DIEGO,SAN DIEGO,5,0,3,1,3,C,0,1
17570,ORANGE,ANAHEIM,1,0,1,1,3,C,0,1
17571,SAN DIEGO,SAN DIEGO,6,0,3,1,3,C,0,0
17572,ORANGE,ANAHEIM,6,0,3,1,3,C,0,1
17573,SOLANO,VACAVILLE,2,0,4,0,3,C,0,1
17574,SAN DIEGO,SAN DIEGO,5,0,3,0,3,C,0,1
17575,KERN,SHAFTER,7,0,3,1,3,C,0,0
17576,SAN DIEGO,SAN DIEGO,1,0,3,1,3,C,0,0
17577,SAN BERNARDINO,UPLAND,7,0,3,1,3,C,1,1
17578,SAN DIEGO,SAN DIEGO,5,0,4,1,3,C,0,0
17579,SAN DIEGO,SAN DIEGO,6,0,4,0,3,C,0,1
17580,SAN DIEGO,SAN DIEGO,3,0,3,1,3,C,0,0
17581,ORANGE,ANAHEIM,1,0,3,1,3,C,0,0
17582,SAN MATEO,REDWOOD CITY,6,0,1,1,3,C,0,1
17583,ORANGE,COSTA MESA,1,0,3,1,3,C,0,1
17584,SAN MATEO,REDWOOD CITY,7,0,9,1,3,C,1,1
17585,SAN JOAQUIN,STOCKTON,5,0,3,1,3,C,1,0
17586,ORANGE,SANTA ANA,2,0,3,1,3,C,0,1
17587,SAN BERNARDINO,RANCHO CUCAMONGA,3,0,3,1,3,C,1,1
17588,SAN MATEO,REDWOOD CITY,3,0,3,1,3,C,0,1
17589,SAN JOAQUIN,LATHROP,5,0,3,1,3,C,1,1
17590,VENTURA,OXNARD,6,0,3,1,3,C,0,0
17591,VENTURA,OXNARD,7,0,3,1,3,C,0,1
17592,SAN JOAQUIN,STOCKTON,5,0,3,1,3,C,0,1
17593,ALAMEDA,OAKLAND,1,0,8,1,3,C,0,1
17594,SAN MATEO,REDWOOD CITY,7,0,1,1,3,C,0,1
17595,EL DORADO,UNINCORPORATED,5,0,3,0,3,C,0,0
17596,LOS ANGELES,LOS ANGELES,1,0,3,1,3,C,0,1
17597,LOS ANGELES,LOS ANGELES,3,0,1,1,3,C,0,1
17598,SACRAMENTO,SACRAMENTO,5,0,3,1,3,C,0,0
17599,SAN BERNARDINO,MONTCLAIR,3,0,3,1,2,C,0,1
17600,CALAVERAS,UNINCORPORATED,1,0,4,1,3,C,1,1
17601,ORANGE,LAGUNA BEACH,4,0,3,0,3,C,1,1
17602,LOS ANGELES,LOS ANGELES,3,0,3,1,3,C,0,0
17603,LOS ANGELES,LOS ANGELES,2,0,4,1,3,C,0,1
17604,SUTTER,YUBA CITY,3,0,3,1,3,C,1,1
17605,NAPA,NAPA,3,0,4,0,3,C,0,1
17606,SAN DIEGO,ESCONDIDO,6,0,3,1,3,C,0,1
17607,LAKE,UNINCORPORATED,2,0,4,1,3,C,1,1
17608,LAKE,UNINCORPORATED,6,0,1,0,3,C,0,0
17609,MADERA,UNINCORPORATED,2,0,3,1,3,C,0,1
17610,PLACER,ROSEVILLE,2,0,3,0,3,C,1,0
17611,LOS ANGELES,PALMDALE,4,0,3,1,2,C,0,1
17612,SAN BERNARDINO,RANCHO CUCAMONGA,1,0,3,1,3,C,0,1
17613,ORANGE,ANAHEIM,6,0,3,1,3,C,1,1
17614,ORANGE,ANAHEIM,5,0,3,1,3,C,0,1
17615,ORANGE,ANAHEIM,5,0,8,1,3,C,1,1
17616,LOS ANGELES,PASADENA,3,0,3,1,3,C,0,1
17617,LOS ANGELES,DIAMOND BAR,3,0,3,1,3,C,1,0
17618,LOS ANGELES,LA VERNE,5,1,3,1,3,C,1,1
17619,SANTA CLARA,CUPERTINO,4,0,3,1,3,C,1,1
17620,RIVERSIDE,RIVERSIDE,4,0,3,1,3,C,0,1
17621,LOS ANGELES,DIAMOND BAR,5,0,3,1,3,C,1,1
17622,LOS ANGELES,DUARTE,4,0,3,1,3,C,1,1
17623,YOLO,WOODLAND,1,0,3,0,3,C,1,1
17624,LOS ANGELES,BALDWIN PARK,3,1,7,0,3,C,1,0
17625,LOS ANGELES,POMONA,4,0,3,1,3,C,1,0
17626,ORANGE,LAGUNA HILLS,5,0,4,1,3,C,0,1
17627,ORANGE,COSTA MESA,4,0,3,0,3,C,0,1
17628,ORANGE,SANTA ANA,3,0,3,1,3,C,0,1
17629,LOS ANGELES,LA CANADA-FLINTRIDGE,3,0,3,1,3,C,0,1
17630,SONOMA,UNINCORPORATED,4,0,1,1,2,C,1,0
17631,ORANGE,COSTA MESA,3,0,3,1,3,C,1,1
17632,ORANGE,FULLERTON,6,0,3,1,3,C,1,1
17633,ORANGE,SANTA ANA,4,0,3,1,3,C,0,1
17634,ORANGE,ANAHEIM,2,0,3,1,3,C,1,0
17635,ORANGE,SANTA ANA,6,0,3,0,3,C,0,1
17636,SAN DIEGO,NATIONAL CITY,2,0,9,1,3,C,0,1
17637,SANTA CLARA,MORGAN HILL,5,0,3,1,3,C,0,1
17638,SANTA CLARA,MORGAN HILL,6,0,3,1,3,C,0,0
17639,ORANGE,ANAHEIM,2,0,3,1,3,C,0,1
17640,ORANGE,ANAHEIM,3,0,3,1,3,C,0,1
17641,RIVERSIDE,RIVERSIDE,3,0,3,1,3,C,0,1
17642,SANTA CLARA,MILPITAS,5,0,3,1,3,C,0,0
17643,VENTURA,UNINCORPORATED,2,0,3,1,3,C,1,1
17644,SAN BERNARDINO,FONTANA,7,0,3,1,3,C,0,1
17645,SAN BERNARDINO,YUCAIPA,2,1,3,1,2,C,1,1
17646,KERN,BAKERSFIELD,7,0,1,1,2,C,0,0
17647,SANTA CLARA,MILPITAS,4,0,3,1,3,C,0,1
17648,RIVERSIDE,RIVERSIDE,6,0,3,1,3,C,0,1
17649,SAN BERNARDINO,YUCAIPA,1,0,3,1,2,C,1,1
17650,SAN BERNARDINO,COLTON,4,0,3,1,2,C,1,1
17651,SAN BERNARDINO,COLTON,3,0,3,1,2,C,0,0
17652,SAN BERNARDINO,SAN BERNARDINO,2,0,3,1,1,C,0,1
17653,SAN BERNARDINO,COLTON,5,0,3,1,2,C,1,0
17654,SAN BERNARDINO,HIGHLAND,5,0,3,1,2,C,1,1
17655,SAN BERNARDINO,HIGHLAND,1,0,7,1,2,C,0,1
17656,SAN BERNARDINO,COLTON,2,0,3,0,2,C,1,0
17657,SAN BERNARDINO,COLTON,5,0,1,1,2,C,1,0
17658,SAN MATEO,SAN BRUNO,4,0,4,1,1,C,1,0
17659,SACRAMENTO,SACRAMENTO,7,0,3,0,1,C,0,0
17660,SAN BERNARDINO,FONTANA,4,0,3,1,1,C,0,0
17661,SANTA CLARA,SAN JOSE,4,0,3,1,1,C,1,0
17662,ORANGE,WESTMINSTER,3,0,1,1,1,C,1,0
17663,RIVERSIDE,RIVERSIDE,5,0,3,1,2,C,1,1
17664,RIVERSIDE,RIVERSIDE,2,0,3,1,3,C,1,1
17665,RIVERSIDE,LAKE ELSINORE,6,0,3,0,3,C,1,0
17666,TULARE,UNINCORPORATED,2,0,3,1,2,C,0,0
17667,TULARE,UNINCORPORATED,2,0,3,1,3,C,1,1
17668,LOS ANGELES,LOS ANGELES,6,0,3,1,3,C,0,1
17669,LOS ANGELES,LOS ANGELES,6,0,3,1,3,C,0,0
17670,NEVADA,UNINCORPORATED,2,0,1,0,3,C,1,1
17671,SAN MATEO,SOUTH SAN FRANCISCO,1,0,3,1,3,C,0,1
17672,SAN LUIS OBISPO,MORRO BAY,1,0,3,1,3,C,0,0
17673,SONOMA,PETALUMA,4,0,3,0,3,C,0,1
17674,SONOMA,PETALUMA,3,0,4,1,3,C,0,1
17675,ORANGE,SANTA ANA,7,0,3,1,3,C,0,1
17676,ORANGE,SANTA ANA,4,0,3,1,3,C,0,1
17677,ORANGE,SANTA ANA,5,0,3,0,3,C,0,1
17678,ORANGE,SANTA ANA,5,0,3,0,3,C,0,1
17679,ORANGE,SANTA ANA,2,0,3,1,3,C,0,1
17680,ORANGE,SANTA ANA,5,0,3,1,3,C,0,0
17681,ORANGE,SANTA ANA,5,0,3,0,3,C,1,0
17682,ORANGE,COSTA MESA,5,0,3,0,3,C,1,1
17683,ORANGE,FULLERTON,4,0,3,0,3,C,1,1
17684,HUMBOLDT,UNINCORPORATED,1,0,1,1,3,C,0,1
17685,KERN,UNINCORPORATED,6,0,3,1,3,C,0,1
17686,KERN,UNINCORPORATED,5,0,3,1,3,C,0,1
17687,FRESNO,CLOVIS,4,0,3,0,3,C,1,0
17688,SONOMA,UNINCORPORATED,2,1,3,1,2,C,0,1
17689,SONOMA,UNINCORPORATED,1,0,3,1,2,C,1,1
17690,LOS ANGELES,SANTA MONICA,4,0,3,1,3,C,0,1
17691,EL DORADO,UNINCORPORATED,4,0,3,0,3,C,0,1
17692,EL DORADO,UNINCORPORATED,3,0,3,1,3,C,0,0
17693,SACRAMENTO,SACRAMENTO,1,0,3,1,3,C,1,1
17694,SAN JOAQUIN,LATHROP,5,0,8,1,3,C,0,1
17695,YOLO,UNINCORPORATED,5,0,3,1,3,C,1,1
17696,SAN JOAQUIN,UNINCORPORATED,2,0,9,1,3,C,0,0
17697,ORANGE,COSTA MESA,3,0,3,1,3,C,0,1
17698,LOS ANGELES,WHITTIER,5,0,8,1,2,C,1,0
17699,SANTA CLARA,MORGAN HILL,2,0,3,1,3,C,0,0
17700,SAN JOAQUIN,UNINCORPORATED,4,1,3,0,3,C,1,1
17701,SACRAMENTO,SACRAMENTO,2,0,7,1,3,C,1,1
17702,SAN FRANCISCO,SAN FRANCISCO,4,0,7,1,1,C,1,1
17703,ALAMEDA,FREMONT,4,0,4,1,1,C,1,0
17704,SANTA CLARA,MOUNTAIN VIEW,4,0,3,1,1,C,1,0
17705,SANTA CLARA,MOUNTAIN VIEW,2,0,3,1,1,C,1,1
17706,KERN,BAKERSFIELD,2,0,3,1,1,C,1,1
17707,SAN BERNARDINO,YUCCA VALLEY,5,0,3,1,1,C,1,0
17708,ORANGE,GARDEN GROVE,2,0,3,1,1,C,0,1
17709,SAN MATEO,SAN MATEO,3,0,3,1,1,C,1,0
17710,SAN MATEO,SAN MATEO,6,0,3,1,1,C,1,1
17711,ORANGE,GARDEN GROVE,2,0,1,1,1,C,0,0
17712,SAN MATEO,FOSTER CITY,4,0,3,1,1,C,1,0
17713,ORANGE,ANAHEIM,2,0,3,1,1,C,0,1
17714,ALAMEDA,LIVERMORE,5,0,1,1,1,C,0,1
17715,SAN DIEGO,SAN DIEGO,2,0,3,1,1,C,0,0
17716,LOS ANGELES,MALIBU,6,0,3,1,1,C,1,1
17717,LOS ANGELES,MALIBU,6,0,3,1,1,C,1,1
17718,ORANGE,ANAHEIM,5,0,3,1,1,C,0,0
17719,SAN MATEO,UNINCORPORATED,3,0,3,1,1,C,0,0
17720,ALAMEDA,FREMONT,2,0,3,1,1,C,1,1
17721,LOS ANGELES,GLENDALE,7,0,3,0,1,C,0,0
17722,SAN DIEGO,CHULA VISTA,4,0,3,1,1,C,0,1
17723,SAN DIEGO,SAN DIEGO,1,0,3,1,1,C,0,1
17724,RIVERSIDE,RIVERSIDE,2,0,3,1,1,C,0,1
17725,SACRAMENTO,RANCHO CORDOVA,3,0,3,0,1,C,1,0
17726,LOS ANGELES,PALMDALE,4,0,1,1,1,C,0,1
17727,ORANGE,ANAHEIM,2,0,3,1,1,C,0,0
17728,LOS ANGELES,PALMDALE,5,0,7,1,1,C,1,1
17729,ORANGE,ANAHEIM,5,0,3,1,1,C,0,0
17730,SAN DIEGO,SAN DIEGO,1,0,3,1,1,C,0,0
17731,SAN DIEGO,SAN DIEGO,4,0,3,1,1,C,0,0
17732,RIVERSIDE,RIVERSIDE,3,0,3,1,1,C,0,1
17733,SAN DIEGO,SAN DIEGO,3,0,3,0,1,C,0,0
17734,RIVERSIDE,RIVERSIDE,7,0,3,1,1,C,0,0
17735,RIVERSIDE,RIVERSIDE,3,0,3,1,1,C,0,1
17736,SAN DIEGO,SAN DIEGO,6,0,4,1,1,C,0,0
17737,RIVERSIDE,RIVERSIDE,5,0,3,1,1,C,0,0
17738,SAN DIEGO,SAN DIEGO,5,0,4,1,1,C,0,0
17739,SAN DIEGO,ESCONDIDO,6,0,3,1,1,C,0,0
17740,SAN MATEO,REDWOOD CITY,7,0,3,1,1,C,0,1
17741,KINGS,UNINCORPORATED,4,0,3,0,1,C,0,0
17742,SAN DIEGO,SAN DIEGO,1,0,3,1,1,C,0,0
17743,SANTA CLARA,SAN JOSE,6,0,7,1,1,C,1,0
17744,SANTA CLARA,SANTA CLARA,5,0,3,1,1,C,1,1
17745,SANTA CLARA,SAN JOSE,4,0,3,1,1,C,1,0
17746,SANTA CLARA,SUNNYVALE,4,0,3,1,1,C,1,1
17747,SAN DIEGO,CARLSBAD,5,0,3,0,1,C,0,0
17748,ALAMEDA,LIVERMORE,1,0,3,1,1,C,0,0
17749,SANTA CLARA,LOS GATOS,1,0,3,1,1,C,0,1
17750,SAN MATEO,REDWOOD CITY,5,0,3,1,1,C,0,1
17751,SAN MATEO,REDWOOD CITY,2,0,3,1,1,C,0,1
17752,SAN DIEGO,CARLSBAD,4,0,3,0,1,C,0,1
17753,LOS ANGELES,PASADENA,3,0,3,1,1,C,0,1
17754,SONOMA,PETALUMA,3,0,3,1,1,C,0,1
17755,LOS ANGELES,PASADENA,3,0,3,0,1,C,0,0
17756,LOS ANGELES,PALMDALE,3,0,3,1,1,C,0,1
17757,SAN MATEO,REDWOOD CITY,4,0,3,1,1,C,0,1
17758,SAN MATEO,REDWOOD CITY,3,0,3,1,1,C,1,1
17759,SAN MATEO,REDWOOD CITY,3,0,4,1,1,C,0,1
17760,LOS ANGELES,PALMDALE,3,0,3,1,1,C,0,1
17761,BUTTE,OROVILLE,2,0,3,0,2,C,1,1
17762,ORANGE,SANTA ANA,4,0,3,1,3,C,1,1
17763,ORANGE,FULLERTON,6,1,1,1,3,C,1,0
17764,RIVERSIDE,TEMECULA,1,0,3,1,3,C,0,1
17765,RIVERSIDE,TEMECULA,5,0,3,1,3,C,0,1
17766,ORANGE,ORANGE,1,0,3,1,3,C,1,1
17767,ORANGE,SANTA ANA,1,0,3,1,3,C,1,0
17768,ORANGE,STANTON,4,0,3,1,2,C,1,1
17769,LOS ANGELES,LANCASTER,5,0,8,1,3,C,1,1
17770,CONTRA COSTA,SAN PABLO,1,0,1,1,3,C,0,0
17771,SAN BERNARDINO,HESPERIA,2,0,3,1,3,C,0,1
17772,LOS ANGELES,AZUSA,5,0,3,1,2,C,0,0
17773,TULARE,UNINCORPORATED,1,0,3,1,3,C,1,1
17774,VENTURA,THOUSAND OAKS,3,0,3,0,3,C,0,0
17775,ORANGE,ORANGE,2,0,3,0,2,C,0,1
17776,ALAMEDA,DUBLIN,4,0,3,1,3,C,0,1
17777,LOS ANGELES,BELL,7,0,3,0,2,C,0,1
17778,ORANGE,FULLERTON,6,0,1,1,3,C,0,0
17779,LOS ANGELES,LOS ANGELES,5,0,1,1,3,C,1,0
17780,LOS ANGELES,SOUTH GATE,3,0,3,1,3,C,0,1
17781,LOS ANGELES,SOUTH GATE,3,0,3,1,3,C,0,1
17782,MONTEREY,UNINCORPORATED,4,0,3,1,3,C,0,1
17783,SAN DIEGO,SAN DIEGO,7,0,3,1,3,C,0,0
17784,ORANGE,COSTA MESA,7,0,3,1,3,C,0,1
17785,SAN DIEGO,ENCINITAS,5,0,3,0,3,C,1,1
17786,SAN DIEGO,SAN DIEGO,1,0,8,0,3,C,0,0
17787,SAN DIEGO,SAN DIEGO,5,0,4,1,3,C,0,1
17788,LOS ANGELES,EL MONTE,1,0,3,1,3,C,0,1
17789,SAN DIEGO,ESCONDIDO,3,0,3,1,3,C,1,1
17790,LOS ANGELES,LOS ANGELES,2,0,8,1,3,C,0,1
17791,LOS ANGELES,LOS ANGELES,5,0,4,1,3,C,0,1
17792,LOS ANGELES,LOS ANGELES,5,0,3,1,3,C,0,1
17793,LOS ANGELES,LOS ANGELES,3,0,4,1,3,C,0,0
17794,LOS ANGELES,LOS ANGELES,3,0,4,1,3,C,1,1
17795,LOS ANGELES,LOS ANGELES,3,0,3,1,3,C,0,1
17796,SAN MATEO,SAN MATEO,2,0,3,1,3,C,1,1
17797,ORANGE,ANAHEIM,3,0,9,1,3,C,0,0
17798,ALAMEDA,LIVERMORE,4,0,1,1,3,C,1,0
17799,LOS ANGELES,POMONA,4,0,1,1,1,C,0,0
17800,LOS ANGELES,POMONA,4,0,8,1,1,C,0,0
17801,SAN MATEO,REDWOOD CITY,3,0,3,1,1,C,1,1
17802,LOS ANGELES,REDONDO BEACH,3,0,3,1,1,C,1,1
17803,SANTA CLARA,MOUNTAIN VIEW,2,0,3,1,1,C,1,1
17804,LOS ANGELES,CARSON,3,0,3,1,1,C,0,0
17805,EL DORADO,UNINCORPORATED,7,0,3,1,1,C,0,1
17806,SONOMA,SANTA ROSA,1,0,3,1,1,C,0,1
17807,EL DORADO,UNINCORPORATED,5,0,3,1,1,C,1,1
17808,SONOMA,SANTA ROSA,1,0,3,1,1,C,0,0
17809,ALAMEDA,FREMONT,3,0,1,0,1,C,0,0
17810,SANTA CRUZ,CAPITOLA,5,0,3,1,1,C,0,1
17811,FRESNO,UNINCORPORATED,3,0,3,0,3,C,1,0
17812,CONTRA COSTA,BRENTWOOD,3,0,3,1,2,C,0,0
17813,SAN FRANCISCO,SAN FRANCISCO,1,0,3,1,3,C,1,1
17814,SAN MATEO,MENLO PARK,5,0,3,1,3,C,0,1
17815,SAN MATEO,MENLO PARK,2,0,3,0,3,C,0,1
17816,SAN MATEO,MENLO PARK,2,0,3,1,3,C,0,1