ID,County,City,Weekday,Severity,ViolCat,ClearWeather,Month,CrashType,Highway,Daylight
19423,SACRAMENTO,ELK GROVE,5,0,3,1,1,C,0,1
19424,MARIN,SAN RAFAEL,2,0,3,1,1,C,1,0
19425,EL DORADO,UNINCORPORATED,5,1,1,0,1,C,1,1
19426,MARIN,UNINCORPORATED,5,0,3,1,1,C,1,1
19427,ALAMEDA,OAKLAND,3,0,3,1,1,C,1,1
19428,MARIN,UNINCORPORATED,4,0,3,0,1,C,0,1
19429,MARIN,UNINCORPORATED,3,0,3,0,1,C,1,0
19430,SANTA CRUZ,SANTA CRUZ,5,0,3,1,1,C,1,1
19431,SAN JOAQUIN,UNINCORPORATED,5,0,3,0,1,C,0,0
19432,SAN JOAQUIN,UNINCORPORATED,4,0,3,1,1,C,1,0
19433,ALAMEDA,DUBLIN,6,0,3,1,1,C,0,1
19434,ALAMEDA,EMERYVILLE,6,1,3,1,1,C,1,1
19435,SAN DIEGO,VISTA,3,0,3,1,1,C,0,1
19436,ALAMEDA,OAKLAND,2,0,3,1,1,C,1,0
19437,SAN MATEO,SAN MATEO,2,0,3,1,1,C,1,1
19438,ORANGE,PLACENTIA,1,0,3,1,1,C,0,1
19439,SAN JOAQUIN,RIPON,2,0,7,1,1,C,1,0
19440,SAN JOAQUIN,UNINCORPORATED,2,0,3,1,1,C,1,0
19441,SAN JOAQUIN,UNINCORPORATED,1,0,4,0,1,C,0,1
19442,SAN JOAQUIN,STOCKTON,4,0,3,1,1,C,1,0
19443,SAN DIEGO,ESCONDIDO,5,0,4,1,1,C,0,0
19444,SAN JOAQUIN,STOCKTON,4,0,3,1,1,C,1,1
19445,SAN DIEGO,OCEANSIDE,3,0,3,1,1,C,1,1
19446,SAN DIEGO,OCEANSIDE,1,0,3,1,1,C,0,1
19447,SAN DIEGO,OCEANSIDE,2,0,3,1,1,C,0,0
19448,SAN DIEGO,OCEANSIDE,1,0,3,1,1,C,0,1
19449,MERCED,MERCED,1,0,3,1,1,C,0,1
19450,ALAMEDA,OAKLAND,1,0,3,1,1,C,0,1
19451,FRESNO,UNINCORPORATED,7,0,3,1,1,C,0,1
19452,LOS ANGELES,DIAMOND BAR,4,0,3,1,1,C,0,1
19453,ALAMEDA,SAN LEANDRO,3,0,1,0,1,C,0,0
19454,SAN BERNARDINO,REDLANDS,4,0,3,0,1,C,0,1
19455,ALAMEDA,PLEASANTON,5,0,3,1,1,C,0,0
19456,ALAMEDA,PLEASANTON,1,0,3,1,1,C,0,1
19457,ORANGE,MISSION VIEJO,2,0,3,1,1,C,0,1
19458,ALAMEDA,PLEASANTON,1,0,3,1,1,C,0,1
19459,BUTTE,OROVILLE,1,0,3,1,1,C,0,1
19460,ORANGE,MISSION VIEJO,6,1,6,1,1,C,0,1
19461,LOS ANGELES,ARCADIA,3,0,3,1,1,C,1,0
19462,SOLANO,VACAVILLE,3,0,3,1,1,C,0,0
19463,SONOMA,SANTA ROSA,5,0,3,1,1,C,1,1
19464,ALAMEDA,PLEASANTON,5,0,3,1,1,C,0,1
19465,SANTA CLARA,SAN JOSE,1,0,3,0,1,C,1,0
19466,SANTA CLARA,SAN JOSE,5,0,3,1,1,C,1,0
19467,ALAMEDA,PLEASANTON,4,0,3,1,1,C,0,1
19468,SANTA CLARA,SAN JOSE,3,0,3,0,1,C,1,1
19469,ALAMEDA,PLEASANTON,1,0,3,1,1,C,0,0
19470,SANTA CLARA,SAN JOSE,3,0,3,0,1,C,1,0
19471,SANTA CLARA,MILPITAS,4,0,3,1,1,C,0,0
19472,SAN BERNARDINO,REDLANDS,1,0,3,1,1,C,1,0
19473,SAN BERNARDINO,REDLANDS,1,0,8,1,1,C,0,1
19474,SAN BERNARDINO,ONTARIO,1,0,8,1,1,C,0,1
19475,VENTURA,OXNARD,1,0,3,1,1,C,1,1
19476,SAN BERNARDINO,ONTARIO,5,0,3,0,1,C,1,1
19477,LOS ANGELES,ARCADIA,5,0,3,0,1,C,0,0
19478,LOS ANGELES,BURBANK,1,0,3,1,1,C,0,1
19479,LOS ANGELES,BURBANK,4,0,3,0,1,C,0,0
19480,SACRAMENTO,SACRAMENTO,6,0,3,1,1,C,0,1
19481,SONOMA,SONOMA,1,0,3,1,1,C,1,1
19482,SONOMA,UNINCORPORATED,1,0,3,1,1,C,0,1
19483,VENTURA,OXNARD,2,0,4,1,1,C,0,1
19484,LOS ANGELES,LONG BEACH,3,0,3,1,1,C,0,1
19485,LOS ANGELES,LONG BEACH,3,0,3,1,1,C,0,1
19486,ALAMEDA,OAKLAND,5,0,3,1,1,C,1,0
19487,SONOMA,SANTA ROSA,5,0,1,1,2,C,0,1
19488,SAN FRANCISCO,SAN FRANCISCO,1,0,4,1,2,C,0,0
19489,ORANGE,ANAHEIM,4,0,3,1,2,C,1,0
19490,ORANGE,ANAHEIM,3,0,3,1,2,C,1,1
19491,LOS ANGELES,GLENDALE,1,0,3,1,2,C,0,1
19492,ORANGE,COSTA MESA,4,0,3,1,2,C,0,0
19493,ORANGE,TUSTIN,4,0,3,1,2,C,1,0
19494,VENTURA,THOUSAND OAKS,7,0,1,1,2,C,0,1
19495,VENTURA,THOUSAND OAKS,5,0,3,1,2,C,0,0
19496,VENTURA,THOUSAND OAKS,1,0,8,1,2,C,0,1
19497,SONOMA,SANTA ROSA,1,0,3,1,2,C,0,1
19498,SAN DIEGO,SAN DIEGO,2,0,4,0,2,C,0,1
19499,LOS ANGELES,SANTA MONICA,5,0,3,1,2,C,0,1
19500,ALAMEDA,OAKLAND,7,0,3,1,2,C,1,0
19501,ALAMEDA,NEWARK,3,0,4,1,2,C,0,1
19502,ALAMEDA,OAKLAND,6,1,3,1,2,C,1,0
19503,ALAMEDA,OAKLAND,4,0,4,1,2,C,1,1
19504,SANTA CLARA,SAN JOSE,3,0,1,1,2,C,0,1
19505,SANTA CLARA,SAN JOSE,3,0,3,1,2,C,1,0
19506,SANTA CLARA,SAN JOSE,6,0,3,0,2,C,1,1
19507,CONTRA COSTA,WALNUT CREEK,3,0,3,1,2,C,1,0
19508,SANTA CLARA,SAN JOSE,1,0,3,1,2,C,0,1
19509,CONTRA COSTA,ORINDA,4,0,1,0,2,C,0,0
19510,SANTA CLARA,SAN JOSE,1,0,3,1,2,C,1,0
19511,SANTA CLARA,SAN JOSE,5,0,3,1,2,C,1,1
19512,CONTRA COSTA,WALNUT CREEK,4,0,3,0,2,C,0,0
19513,LOS ANGELES,LONG BEACH,3,0,3,1,2,C,0,1
19514,CONTRA COSTA,UNINCORPORATED,4,0,3,1,2,C,1,1
19515,SAN BERNARDINO,RANCHO CUCAMONGA,7,0,3,1,2,C,1,1
19516,CONTRA COSTA,UNINCORPORATED,4,0,3,1,2,C,1,1
19517,ORANGE,IRVINE,5,0,3,1,2,C,1,1
19518,ORANGE,ORANGE,7,0,3,0,2,C,1,0
19519,ORANGE,SANTA ANA,5,0,7,0,2,C,1,1
19520,ORANGE,LOS ALAMITOS,4,0,3,0,2,C,0,1
19521,ORANGE,TUSTIN,2,0,3,0,2,C,1,0
19522,SANTA CLARA,SAN JOSE,4,0,3,1,2,C,0,1
19523,EL DORADO,UNINCORPORATED,4,0,3,1,2,C,0,1
19524,SOLANO,VACAVILLE,5,0,3,1,2,C,1,1
19525,SONOMA,PETALUMA,2,0,3,1,2,C,0,1
19526,ALAMEDA,FREMONT,5,0,3,1,2,C,1,0
19527,SANTA CLARA,SAN JOSE,2,0,3,1,2,C,0,0
19528,SANTA CLARA,SAN JOSE,2,0,3,1,2,C,0,0
19529,SANTA CLARA,SAN JOSE,5,0,3,1,2,C,0,1
19530,SACRAMENTO,SACRAMENTO,4,0,3,1,2,C,1,0
19531,SAN MATEO,BURLINGAME,2,0,3,0,2,C,1,1
19532,SANTA CLARA,SAN JOSE,2,0,3,0,2,C,1,1
19533,LOS ANGELES,ROSEMEAD,3,0,4,1,2,C,1,0
19534,SANTA CLARA,SAN JOSE,1,0,3,1,2,C,1,0
19535,SANTA CLARA,SAN JOSE,5,0,3,1,2,C,1,1
19536,SANTA CLARA,SAN JOSE,4,0,3,0,2,C,0,0
19537,STANISLAUS,TURLOCK,7,0,3,1,2,C,0,0
19538,LOS ANGELES,LA PUENTE,5,0,4,1,2,C,0,0
19539,ORANGE,NEWPORT BEACH,2,0,1,0,2,C,0,0
19540,SANTA CLARA,SAN JOSE,5,0,9,0,2,C,0,0
19541,SANTA CLARA,SAN JOSE,6,0,3,1,2,C,0,0
19542,ORANGE,NEWPORT BEACH,3,0,3,1,2,C,1,1
19543,SAN DIEGO,NATIONAL CITY,5,0,8,1,2,C,0,0
19544,SAN DIEGO,LA MESA,3,0,7,1,2,C,0,1
19545,SANTA CLARA,SAN JOSE,4,0,3,1,2,C,0,1
19546,SANTA CLARA,SAN JOSE,2,0,3,1,2,C,0,1
19547,SANTA CLARA,SAN JOSE,4,0,3,1,2,C,1,0
19548,SANTA CLARA,SAN JOSE,1,0,7,1,2,C,0,1
19549,SANTA CLARA,SAN JOSE,1,0,3,1,2,C,0,1
19550,LOS ANGELES,DIAMOND BAR,2,0,3,0,2,C,0,1
19551,ALAMEDA,LIVERMORE,3,0,3,1,2,C,1,1
19552,SACRAMENTO,ELK GROVE,4,0,3,1,2,C,0,1
19553,CONTRA COSTA,DANVILLE,5,0,3,1,2,C,1,1
19554,SACRAMENTO,FOLSOM,2,0,8,1,2,C,0,1
19555,SACRAMENTO,ELK GROVE,2,0,3,1,2,C,0,1
19556,ALAMEDA,PLEASANTON,6,0,3,1,2,C,1,1
19557,ALAMEDA,LIVERMORE,5,0,3,1,2,C,1,1
19558,ALAMEDA,PLEASANTON,2,0,7,1,2,C,1,1
19559,SAN DIEGO,SAN DIEGO,4,0,4,1,2,C,0,1
19560,SACRAMENTO,SACRAMENTO,2,0,3,1,2,C,1,1
19561,HUMBOLDT,EUREKA,3,0,4,0,2,C,0,1
19562,ORANGE,PLACENTIA,2,0,3,1,2,C,0,1
19563,HUMBOLDT,EUREKA,1,0,3,0,2,C,1,1
19564,SANTA CLARA,SARATOGA,3,0,3,1,2,C,1,1
19565,STANISLAUS,MODESTO,5,0,3,1,2,C,0,1
19566,HUMBOLDT,UNINCORPORATED,2,0,3,0,2,C,1,1
19567,SANTA CLARA,SUNNYVALE,3,0,3,0,2,C,1,0
19568,SAN DIEGO,OCEANSIDE,6,0,3,1,2,C,1,1
19569,ALAMEDA,OAKLAND,1,0,3,0,2,C,1,0
19570,VENTURA,VENTURA,2,0,3,1,2,C,0,1
19571,CONTRA COSTA,SAN PABLO,2,0,3,0,2,C,0,1
19572,SAN JOAQUIN,UNINCORPORATED,7,0,8,1,2,C,0,1
19573,ALAMEDA,OAKLAND,2,0,3,0,2,C,1,1
19574,VENTURA,VENTURA,4,0,3,1,2,C,0,0
19575,SAN DIEGO,OCEANSIDE,1,0,3,1,1,C,0,1
19576,ALAMEDA,BERKELEY,2,0,3,1,2,C,1,1
19577,SAN JOAQUIN,UNINCORPORATED,6,0,1,1,2,C,0,0
19578,LOS ANGELES,INDUSTRY,6,0,3,1,2,C,0,1
19579,ORANGE,ORANGE,3,0,3,1,2,C,0,1
19580,LOS ANGELES,INDUSTRY,6,0,3,1,2,C,0,0
19581,ORANGE,NEWPORT BEACH,2,0,1,1,2,C,0,1
19582,CONTRA COSTA,UNINCORPORATED,2,0,3,1,2,C,1,1
19583,ORANGE,IRVINE,4,0,3,1,2,C,1,1
19584,SAN BERNARDINO,ONTARIO,2,0,3,1,2,C,1,1
19585,SAN DIEGO,SAN DIEGO,4,0,3,1,2,C,0,0
19586,LOS ANGELES,PALMDALE,5,0,3,1,2,C,0,0
19587,SAN DIEGO,OCEANSIDE,1,0,3,1,2,C,1,1
19588,SAN DIEGO,SAN DIEGO,2,0,4,1,2,C,0,1
19589,SAN MATEO,SAN MATEO,2,0,3,1,1,C,1,0
19590,ORANGE,SANTA ANA,4,0,3,1,1,C,1,1
19591,ORANGE,COSTA MESA,2,0,3,1,1,C,1,0
19592,ORANGE,ANAHEIM,4,0,3,1,1,C,1,0
19593,SAN DIEGO,EL CAJON,1,0,3,1,1,C,0,1
19594,ORANGE,TUSTIN,2,0,3,1,1,C,0,1
19595,ALAMEDA,BERKELEY,7,0,3,1,1,C,0,0
19596,ORANGE,FOUNTAIN VALLEY,5,0,3,0,1,C,0,1
19597,SANTA CLARA,MORGAN HILL,3,0,3,1,1,C,0,1
19598,ORANGE,COSTA MESA,4,0,1,1,1,C,0,1
19599,ORANGE,SANTA ANA,2,0,8,1,1,C,1,1
19600,ALAMEDA,BERKELEY,5,0,3,1,1,C,1,1
19601,SAN MATEO,REDWOOD CITY,1,1,7,1,1,C,1,0
19602,LOS ANGELES,MONTEBELLO,2,0,3,1,1,C,0,1
19603,ALAMEDA,BERKELEY,2,0,3,1,1,C,0,1
19604,SANTA CLARA,CUPERTINO,4,0,3,0,1,C,0,0
19605,ALAMEDA,BERKELEY,7,0,4,1,1,C,0,1
19606,SAN JOAQUIN,ESCALON,7,1,3,1,1,C,1,0
19607,LOS ANGELES,MONTEBELLO,3,0,9,1,1,C,0,1
19608,LOS ANGELES,MONTEBELLO,5,0,8,1,1,C,0,1
19609,ORANGE,SANTA ANA,5,0,3,1,1,C,0,1
19610,SOLANO,FAIRFIELD,5,0,3,1,1,C,1,0
19611,SOLANO,VALLEJO,1,0,3,1,1,C,1,0
19612,ALAMEDA,PLEASANTON,4,0,3,1,1,C,1,0
19613,SAN FRANCISCO,SAN FRANCISCO,1,0,3,1,1,C,1,1
19614,SAN FRANCISCO,SAN FRANCISCO,2,0,3,1,1,C,1,0
19615,SOLANO,UNINCORPORATED,5,0,3,1,1,C,1,0
19616,ALAMEDA,LIVERMORE,4,0,3,1,1,C,1,1
19617,SONOMA,UNINCORPORATED,2,0,3,1,1,C,1,0
19618,SAN MATEO,SAN MATEO,1,0,3,1,1,C,1,0
19619,SAN MATEO,SAN CARLOS,1,0,3,1,1,C,1,0
19620,MERCED,UNINCORPORATED,4,0,3,0,1,C,1,1
19621,MERCED,UNINCORPORATED,1,0,3,1,1,C,0,1
19622,SAN FRANCISCO,SAN FRANCISCO,4,0,3,1,1,C,1,1
19623,SOLANO,FAIRFIELD,6,0,3,1,2,C,1,1
19624,ALAMEDA,PLEASANTON,5,0,3,1,2,C,1,1
19625,ORANGE,MISSION VIEJO,2,0,3,0,2,C,0,1
19626,SANTA CLARA,SAN JOSE,3,0,3,1,2,C,1,1
19627,ORANGE,YORBA LINDA,4,0,3,1,2,C,0,1
19628,ORANGE,MISSION VIEJO,2,0,3,0,2,C,0,1
19629,VENTURA,CAMARILLO,5,0,3,1,2,C,1,0
19630,VENTURA,THOUSAND OAKS,4,0,3,1,2,C,1,0
19631,ORANGE,WESTMINSTER,3,0,8,1,2,C,0,1
19632,LOS ANGELES,REDONDO BEACH,1,0,3,1,2,C,0,0
19633,SISKIYOU,UNINCORPORATED,4,0,3,0,2,C,0,1
19634,ALAMEDA,PLEASANTON,6,0,3,1,2,C,1,1
19635,STANISLAUS,OAKDALE,3,0,3,1,2,C,1,1
19636,SANTA CLARA,LOS GATOS,5,0,3,1,2,C,0,1
19637,LOS ANGELES,WHITTIER,4,0,3,1,2,C,1,1
19638,SAN DIEGO,SAN DIEGO,2,0,3,0,2,C,1,1
19639,SUTTER,YUBA CITY,7,0,3,1,2,C,0,1
19640,SAN DIEGO,LA MESA,6,0,3,0,2,C,0,0
19641,SOLANO,FAIRFIELD,5,1,1,1,2,C,1,0
19642,SAN MATEO,REDWOOD CITY,3,0,3,1,1,C,0,1
19643,ALAMEDA,BERKELEY,6,0,3,1,1,C,0,1
19644,KERN,BAKERSFIELD,5,0,3,1,3,C,0,1
19645,ORANGE,ANAHEIM,5,0,3,0,3,C,0,1
19646,ORANGE,BUENA PARK,5,0,3,0,3,C,1,1
19647,ORANGE,ANAHEIM,4,0,3,1,3,C,0,1
19648,STANISLAUS,MODESTO,5,0,3,1,3,C,0,1
19649,ALAMEDA,LIVERMORE,6,0,3,1,3,C,0,1
19650,ORANGE,WESTMINSTER,4,0,3,1,3,C,1,1
19651,LOS ANGELES,NORWALK,5,0,4,0,3,C,0,1
19652,PLACER,ROSEVILLE,5,0,3,0,3,C,1,0
19653,SAN BERNARDINO,ONTARIO,5,0,3,1,3,C,1,1
19654,VENTURA,OXNARD,6,0,4,1,3,C,1,0
19655,RIVERSIDE,PALM SPRINGS,3,0,3,1,3,C,0,1
19656,STANISLAUS,MODESTO,3,0,4,1,3,C,0,1
19657,VENTURA,OXNARD,2,0,4,1,3,C,0,0
19658,ORANGE,IRVINE,3,0,3,1,3,C,1,1
19659,ORANGE,IRVINE,3,0,1,1,3,C,1,1
19660,SANTA CLARA,SANTA CLARA,1,0,3,0,3,C,0,1
19661,LOS ANGELES,LOS ANGELES,2,0,4,1,3,C,0,0
19662,ORANGE,IRVINE,1,0,3,1,3,C,1,1
19663,LOS ANGELES,LOS ANGELES,5,0,3,1,3,C,0,1
19664,ORANGE,TUSTIN,5,0,3,0,3,C,1,1
19665,LOS ANGELES,LOS ANGELES,2,0,3,1,3,C,0,0
19666,ORANGE,ANAHEIM,3,0,3,1,3,C,1,1
19667,ORANGE,SANTA ANA,1,0,3,0,3,C,0,1
19668,ORANGE,SANTA ANA,6,0,3,1,3,C,0,0
19669,ORANGE,COSTA MESA,5,0,3,1,3,C,1,1
19670,ORANGE,SANTA ANA,7,0,1,1,3,C,0,0
19671,ORANGE,SANTA ANA,7,0,3,1,3,C,0,1
19672,ORANGE,ANAHEIM,6,1,3,1,3,C,1,1
19673,ORANGE,SANTA ANA,6,0,3,1,3,C,0,0
19674,LOS ANGELES,MONTEREY PARK,6,0,8,1,3,C,0,0
19675,ORANGE,SANTA ANA,5,0,3,1,3,C,0,1
19676,LOS ANGELES,LOS ANGELES,1,0,4,1,3,C,0,0
19677,SAN BERNARDINO,CHINO HILLS,1,0,3,1,3,C,0,1
19678,ORANGE,COSTA MESA,2,0,3,0,3,C,1,1
19679,LOS ANGELES,SANTA MONICA,4,0,3,0,3,C,0,1
19680,ORANGE,COSTA MESA,1,0,3,1,3,C,0,1
19681,LOS ANGELES,SANTA MONICA,3,0,3,0,3,C,0,1
19682,LOS ANGELES,LOS ANGELES,2,0,4,1,3,C,0,0
19683,ORANGE,ANAHEIM,2,0,3,0,3,C,1,1
19684,STANISLAUS,MODESTO,3,0,3,0,3,C,0,1
19685,VENTURA,OXNARD,7,0,4,1,3,C,0,1
19686,VENTURA,OXNARD,1,0,4,1,3,C,0,1
19687,ORANGE,COSTA MESA,7,0,3,1,3,C,0,1
19688,SACRAMENTO,FOLSOM,4,0,3,0,3,C,0,1
19689,RIVERSIDE,TEMECULA,4,0,3,0,3,C,0,1
19690,STANISLAUS,CERES,1,0,4,1,3,C,0,0
19691,STANISLAUS,MODESTO,5,0,3,0,3,C,0,1
19692,CONTRA COSTA,SAN PABLO,2,0,3,0,3,C,0,1
19693,STANISLAUS,MODESTO,5,0,3,1,3,C,1,1
19694,RIVERSIDE,NORCO,7,0,1,1,3,C,0,0
19695,STANISLAUS,MODESTO,2,0,1,1,3,C,0,0
19696,LOS ANGELES,REDONDO BEACH,7,0,3,1,3,C,0,1
19697,RIVERSIDE,INDIAN WELLS,7,0,3,1,3,C,0,0
19698,RIVERSIDE,TEMECULA,2,0,3,1,3,C,0,1
19699,YOLO,WOODLAND,6,0,4,1,3,C,0,1
19700,SAN JOAQUIN,TRACY,5,0,4,1,3,C,0,1
19701,CONTRA COSTA,UNINCORPORATED,2,0,3,1,3,C,1,1
19702,SAN DIEGO,SAN DIEGO,5,0,3,1,3,C,1,0
19703,CONTRA COSTA,UNINCORPORATED,7,0,3,1,3,C,1,0
19704,CONTRA COSTA,PLEASANT HILL,6,0,3,1,3,C,1,1
19705,SAN DIEGO,SAN DIEGO,6,1,3,1,3,C,1,1
19706,SAN DIEGO,SAN DIEGO,6,0,4,1,3,C,1,1
19707,SAN BERNARDINO,ONTARIO,5,0,3,0,3,C,1,0
19708,CONTRA COSTA,PLEASANT HILL,2,0,3,1,3,C,1,1
19709,BUTTE,UNINCORPORATED,5,0,4,1,3,C,1,1
19710,SANTA CRUZ,SANTA CRUZ,5,0,3,1,3,C,0,1
19711,SAN DIEGO,NATIONAL CITY,1,0,3,1,3,C,0,1
19712,SANTA CLARA,SAN JOSE,7,0,3,1,3,C,0,0
19713,RIVERSIDE,RIVERSIDE,3,0,3,1,3,C,1,0
19714,SANTA CLARA,MORGAN HILL,1,0,1,1,3,C,0,0
19715,SANTA CLARA,SAN JOSE,2,0,3,1,3,C,0,1
19716,VENTURA,OXNARD,5,0,3,1,3,C,0,1
19717,SANTA CLARA,SAN JOSE,2,0,3,0,3,C,0,1
19718,SACRAMENTO,FOLSOM,2,0,3,1,3,C,0,0
19719,RIVERSIDE,CORONA,3,0,3,0,3,C,1,1
19720,SANTA CLARA,SAN JOSE,5,0,3,1,3,C,0,0
19721,EL DORADO,UNINCORPORATED,2,0,3,1,3,C,1,0
19722,SANTA CLARA,SAN JOSE,4,0,3,0,3,C,0,1
19723,CONTRA COSTA,LAFAYETTE,1,0,3,1,3,C,1,0
19724,SANTA CLARA,SAN JOSE,6,0,3,0,3,C,0,0
19725,CONTRA COSTA,PITTSBURG,3,0,3,1,3,C,1,1
19726,TULARE,UNINCORPORATED,2,0,3,1,3,C,1,1
19727,CONTRA COSTA,WALNUT CREEK,1,0,3,1,3,C,0,1
19728,CONTRA COSTA,WALNUT CREEK,2,0,3,1,3,C,1,1
19729,SAN BERNARDINO,RANCHO CUCAMONGA,6,0,3,1,3,C,1,1
19730,SAN BERNARDINO,ONTARIO,5,0,3,1,3,C,1,0
19731,SANTA CLARA,SAN JOSE,5,0,3,1,3,C,0,1
19732,FRESNO,REEDLEY,4,0,12,0,3,C,0,1
19733,SACRAMENTO,SACRAMENTO,1,0,3,1,3,C,0,1
19734,LOS ANGELES,LOS ANGELES,1,0,1,1,3,C,0,0
19735,LOS ANGELES,LOS ANGELES,5,0,3,0,3,C,0,0
19736,ALAMEDA,LIVERMORE,6,0,3,1,3,C,0,0
19737,SANTA CLARA,SAN JOSE,4,0,3,0,3,C,0,1
19738,PLACER,UNINCORPORATED,2,0,3,1,3,C,0,1
19739,LOS ANGELES,SANTA CLARITA,4,0,4,1,3,C,0,1
19740,CONTRA COSTA,UNINCORPORATED,6,0,3,1,3,C,1,1
19741,LOS ANGELES,MALIBU,6,0,1,1,3,C,1,0
19742,SAN FRANCISCO,SAN FRANCISCO,1,0,4,1,3,C,1,0
19743,LOS ANGELES,WESTLAKE VILLAGE,7,0,3,1,3,C,0,0
19744,ORANGE,HUNTINGTON BEACH,5,0,3,1,3,C,0,1
19745,SACRAMENTO,SACRAMENTO,6,0,3,1,3,C,0,0
19746,MONTEREY,UNINCORPORATED,5,0,3,1,3,C,0,1
19747,LOS ANGELES,LONG BEACH,5,0,3,1,3,C,0,1
19748,MONTEREY,UNINCORPORATED,7,0,3,1,3,C,0,1
19749,SAN DIEGO,SAN DIEGO,7,0,3,0,3,C,0,1
19750,SAN DIEGO,SAN DIEGO,7,0,4,1,3,C,0,1
19751,STANISLAUS,MODESTO,5,0,1,1,3,C,1,0
19752,ORANGE,ANAHEIM,5,0,3,1,3,C,0,1
19753,SONOMA,UNINCORPORATED,7,0,3,0,3,C,0,1
19754,SAN DIEGO,SAN DIEGO,6,0,8,1,3,C,0,1
19755,LOS ANGELES,LOS ANGELES,2,0,3,0,3,C,1,1
19756,LOS ANGELES,LYNWOOD,3,0,3,1,3,C,0,1
19757,SAN DIEGO,SAN DIEGO,6,0,4,1,3,C,0,1
19758,SAN DIEGO,SAN DIEGO,7,0,8,1,3,C,0,1
19759,LOS ANGELES,LOS ANGELES,3,0,3,1,3,C,1,1
19760,SAN DIEGO,CARLSBAD,2,0,3,1,3,C,1,1
19761,ORANGE,COSTA MESA,1,0,3,1,3,C,0,1
19762,SAN DIEGO,OCEANSIDE,5,0,3,0,3,C,1,1
19763,ORANGE,COSTA MESA,6,0,3,1,3,C,0,1
19764,SAN DIEGO,SAN DIEGO,1,0,3,1,3,C,0,1
19765,KERN,UNINCORPORATED,4,0,3,1,3,C,0,1
19766,KERN,UNINCORPORATED,5,0,3,1,3,C,1,1
19767,SACRAMENTO,SACRAMENTO,3,0,3,0,3,C,0,1
19768,LOS ANGELES,LYNWOOD,1,1,1,1,3,C,0,0
19769,STANISLAUS,CERES,4,0,3,1,3,C,0,1
19770,SACRAMENTO,SACRAMENTO,5,0,3,1,3,C,0,1
19771,LOS ANGELES,PALMDALE,3,0,3,1,3,C,0,0
19772,LOS ANGELES,PALMDALE,7,0,3,1,3,C,0,1
19773,SONOMA,UNINCORPORATED,3,0,4,0,3,C,1,1
19774,LOS ANGELES,PALMDALE,5,0,9,0,3,C,0,0
19775,SONOMA,SANTA ROSA,5,0,3,1,3,C,1,1
19776,SONOMA,SANTA ROSA,4,0,3,0,3,C,1,1
19777,LOS ANGELES,LOS ANGELES,2,0,4,1,3,C,0,1
19778,SONOMA,UNINCORPORATED,6,0,3,1,3,C,0,1
19779,SONOMA,UNINCORPORATED,1,0,3,1,3,C,1,0
19780,LOS ANGELES,LOS ANGELES,1,0,3,1,3,C,0,1
19781,LOS ANGELES,LOS ANGELES,6,0,1,1,3,C,0,0
19782,LOS ANGELES,LOS ANGELES,1,0,9,1,3,C,0,1
19783,LOS ANGELES,LOS ANGELES,6,0,3,1,3,C,0,0
19784,LOS ANGELES,LOS ANGELES,1,0,3,1,3,C,1,1
19785,CALAVERAS,UNINCORPORATED,2,0,3,1,3,C,1,1
19786,LOS ANGELES,LOS ANGELES,7,0,3,1,3,C,1,1
19787,SANTA CLARA,GILROY,5,0,3,1,3,C,0,0
19788,SANTA CLARA,PALO ALTO,4,0,3,1,2,C,1,1
19789,SANTA CLARA,PALO ALTO,3,0,3,1,2,C,0,1
19790,RIVERSIDE,MORENO VALLEY,6,0,3,1,2,C,0,0
19791,SANTA CLARA,PALO ALTO,6,0,3,1,2,C,0,1
19792,ORANGE,COSTA MESA,5,0,1,1,2,C,1,0
19793,SANTA CLARA,SAN JOSE,5,0,3,1,3,C,1,1
19794,SANTA CLARA,MILPITAS,5,0,3,1,3,C,1,0
19795,RIVERSIDE,RIVERSIDE,1,0,3,1,3,C,1,1
19796,CONTRA COSTA,UNINCORPORATED,7,0,3,1,3,C,1,0
19797,SOLANO,UNINCORPORATED,7,0,3,1,3,C,1,0
19798,LOS ANGELES,SANTA MONICA,5,0,3,0,3,C,0,1
19799,RIVERSIDE,RIVERSIDE,5,0,3,0,3,C,1,1
19800,LOS ANGELES,SANTA MONICA,6,0,3,1,3,C,0,1
19801,LOS ANGELES,LOS ANGELES,2,0,3,0,3,C,1,1
19802,STANISLAUS,CERES,1,0,8,1,3,C,0,0
19803,LOS ANGELES,GLENDALE,2,0,3,1,3,C,0,1
19804,LOS ANGELES,LOS ANGELES,5,0,3,0,3,C,0,1
19805,SAN DIEGO,CORONADO,6,0,1,1,3,C,0,0
19806,CONTRA COSTA,PLEASANT HILL,2,0,3,1,3,C,0,1
19807,LOS ANGELES,LOS ANGELES,2,0,4,0,3,C,0,1
19808,SACRAMENTO,SACRAMENTO,5,0,7,1,3,C,1,0
19809,SANTA CLARA,LOS GATOS,4,0,3,0,3,C,0,1
19810,ORANGE,LA HABRA,2,0,1,0,3,C,1,1
19811,SACRAMENTO,SACRAMENTO,1,0,3,1,3,C,1,1
19812,LOS ANGELES,LOS ANGELES,1,0,1,1,3,C,0,0
19813,ORANGE,LA HABRA,2,0,3,1,3,C,1,0
19814,SACRAMENTO,SACRAMENTO,3,0,3,1,3,C,1,1
19815,LOS ANGELES,REDONDO BEACH,7,0,3,1,3,C,0,0
19816,LOS ANGELES,LOS ANGELES,5,0,3,0,3,C,1,1
19817,VENTURA,OXNARD,6,0,4,1,3,C,0,1
19818,VENTURA,OXNARD,6,0,8,1,3,C,0,1
19819,FRESNO,UNINCORPORATED,4,0,3,0,3,C,0,0
19820,SACRAMENTO,ELK GROVE,1,0,3,1,3,C,0,1
19821,MERCED,UNINCORPORATED,3,0,3,0,3,C,1,0
19822,LOS ANGELES,GLENDALE,3,0,3,1,3,C,0,1