ID,County,City,Weekday,Severity,ViolCat,ClearWeather,Month,CrashType,Highway,Daylight
19823,LOS ANGELES,GLENDALE,3,0,3,1,3,C,0,1
19824,SACRAMENTO,ELK GROVE,3,0,8,1,3,C,0,0
19825,VENTURA,OXNARD,2,0,3,1,3,C,0,1
19826,LOS ANGELES,GLENDALE,4,0,3,1,3,C,0,1
19827,SAN MATEO,SOUTH SAN FRANCISCO,6,0,1,1,3,C,0,0
19828,SACRAMENTO,ELK GROVE,1,0,3,1,3,C,0,0
19829,SACRAMENTO,ELK GROVE,7,0,3,1,3,C,0,1
19830,SAN MATEO,SOUTH SAN FRANCISCO,4,0,3,0,3,C,0,1
19831,LOS ANGELES,LOS ANGELES,4,0,3,0,3,C,1,1
19832,IMPERIAL,EL CENTRO,6,0,3,1,3,C,1,1
19833,LOS ANGELES,LOS ANGELES,5,0,3,0,3,C,1,1
19834,SAN DIEGO,SAN DIEGO,3,0,4,1,3,C,0,1
19835,LOS ANGELES,LOS ANGELES,6,0,3,1,3,C,1,1
19836,SAN JOAQUIN,TRACY,3,0,8,1,3,C,0,0
19837,LOS ANGELES,EL MONTE,5,0,3,1,3,C,1,0
19838,SONOMA,PETALUMA,4,0,3,1,3,C,0,0
19839,LOS ANGELES,COMMERCE,7,0,3,1,3,C,1,0
19840,IMPERIAL,EL CENTRO,3,0,3,1,3,C,1,0
19841,LOS ANGELES,COMMERCE,6,0,7,1,3,C,1,1
19842,LOS ANGELES,EL MONTE,5,0,3,0,3,C,1,0
19843,ORANGE,SANTA ANA,2,0,3,1,3,C,0,1
19844,SAN LUIS OBISPO,UNINCORPORATED,1,0,3,1,3,C,0,1
19845,LOS ANGELES,COMMERCE,4,0,3,0,3,C,1,1
19846,ORANGE,SANTA ANA,3,0,3,0,3,C,0,0
19847,SAN LUIS OBISPO,SAN LUIS OBISPO,7,0,3,1,3,C,0,1
19848,LOS ANGELES,COMMERCE,3,0,3,1,3,C,1,1
19849,LOS ANGELES,COMMERCE,3,0,3,1,3,C,1,1
19850,LOS ANGELES,MONTEREY PARK,4,0,3,0,3,C,1,0
19851,LOS ANGELES,LOS ANGELES,4,1,1,0,3,C,0,0
19852,LOS ANGELES,LYNWOOD,6,0,3,1,3,C,0,1
19853,LOS ANGELES,EL MONTE,5,0,3,1,3,C,1,0
19854,SAN FRANCISCO,SAN FRANCISCO,6,0,3,1,3,C,1,1
19855,LOS ANGELES,LOS ANGELES,2,0,4,0,3,C,0,0
19856,LOS ANGELES,MONTEBELLO,6,0,4,1,3,C,1,1
19857,SAN JOAQUIN,TRACY,4,0,3,1,3,C,0,1
19858,LOS ANGELES,LOS ANGELES,5,0,3,1,3,C,0,1
19859,LOS ANGELES,COMMERCE,4,0,3,1,3,C,1,1
19860,LOS ANGELES,COMMERCE,7,0,4,1,3,C,1,1
19861,LOS ANGELES,LOS ANGELES,5,0,1,1,3,C,0,0
19862,RIVERSIDE,RIVERSIDE,1,0,7,1,3,C,1,1
19863,RIVERSIDE,RIVERSIDE,4,0,3,0,3,C,1,1
19864,RIVERSIDE,RIVERSIDE,1,0,3,1,3,C,1,1
19865,LOS ANGELES,SANTA MONICA,4,0,3,1,3,C,0,1
19866,RIVERSIDE,CORONA,7,1,3,1,3,C,1,1
19867,LOS ANGELES,LOS ANGELES,5,0,4,1,3,C,0,1
19868,ORANGE,NEWPORT BEACH,2,0,3,0,3,C,0,1
19869,ORANGE,NEWPORT BEACH,5,0,3,1,3,C,1,1
19870,LOS ANGELES,LOS ANGELES,7,0,3,1,3,C,0,1
19871,ORANGE,NEWPORT BEACH,4,0,3,1,3,C,1,1
19872,ORANGE,NEWPORT BEACH,4,0,3,1,3,C,0,1
19873,SAN LUIS OBISPO,UNINCORPORATED,5,1,1,1,3,C,0,0
19874,VENTURA,UNINCORPORATED,7,0,3,0,3,C,1,0
19875,MONTEREY,SALINAS,3,0,3,0,3,C,0,1
19876,TULARE,UNINCORPORATED,2,0,3,1,3,C,0,1
19877,SAN DIEGO,SAN DIEGO,3,0,3,1,3,C,1,0
19878,ORANGE,FOUNTAIN VALLEY,1,0,3,1,3,C,0,1
19879,SANTA CLARA,SAN JOSE,7,0,3,1,3,C,1,0
19880,SAN DIEGO,SAN DIEGO,3,0,3,1,3,C,0,1
19881,SANTA CLARA,SAN JOSE,3,0,3,1,3,C,1,0
19882,SANTA CLARA,SAN JOSE,5,0,3,1,3,C,1,1
19883,ORANGE,FOUNTAIN VALLEY,7,0,3,1,3,C,0,1
19884,SANTA CLARA,SAN JOSE,2,0,3,1,3,C,0,1
19885,SAN DIEGO,SAN DIEGO,6,0,3,1,3,C,1,1
19886,LOS ANGELES,EL MONTE,6,0,3,1,3,C,1,0
19887,SAN DIEGO,SAN DIEGO,3,0,3,1,3,C,0,1
19888,MENDOCINO,UNINCORPORATED,3,0,3,0,3,C,0,1
19889,SANTA CLARA,SAN JOSE,5,0,1,1,3,C,1,1
19890,SAN LUIS OBISPO,UNINCORPORATED,5,0,1,0,3,C,0,1
19891,LOS ANGELES,LOS ANGELES,5,0,4,0,3,C,0,1
19892,SAN DIEGO,SAN DIEGO,4,0,3,0,3,C,1,1
19893,LOS ANGELES,LOS ANGELES,5,0,4,0,3,C,0,0
19894,SAN DIEGO,SAN DIEGO,4,0,3,1,3,C,1,0
19895,LOS ANGELES,LOS ANGELES,5,0,3,1,3,C,0,1
19896,RIVERSIDE,PALM DESERT,4,0,3,0,3,C,0,1
19897,CONTRA COSTA,WALNUT CREEK,7,0,3,1,3,C,0,1
19898,CONTRA COSTA,WALNUT CREEK,6,0,3,1,3,C,0,1
19899,ALAMEDA,FREMONT,5,0,3,1,3,C,1,1
19900,ALAMEDA,FREMONT,4,0,3,0,3,C,1,0
19901,CONTRA COSTA,WALNUT CREEK,2,0,3,1,3,C,0,1
19902,SAN BERNARDINO,ONTARIO,1,0,3,1,3,C,1,1
19903,ALAMEDA,FREMONT,4,0,3,0,3,C,0,0
19904,SANTA CLARA,SAN JOSE,2,0,3,1,3,C,1,1
19905,SAN BERNARDINO,RIALTO,1,0,3,1,3,C,0,1
19906,LOS ANGELES,LOS ANGELES,5,0,4,1,3,C,0,1
19907,SAN DIEGO,NATIONAL CITY,5,0,1,1,3,C,0,0
19908,LOS ANGELES,LOS ANGELES,6,0,3,1,3,C,0,0
19909,ORANGE,ANAHEIM,5,0,3,1,3,C,1,1
19910,SAN DIEGO,SAN DIEGO,5,0,3,1,3,C,1,1
19911,SAN DIEGO,SAN DIEGO,4,0,3,1,3,C,1,1
19912,TUOLUMNE,UNINCORPORATED,6,0,7,1,3,C,1,0
19913,SAN DIEGO,SAN DIEGO,4,0,3,1,3,C,0,1
19914,SAN DIEGO,SAN DIEGO,4,0,3,0,3,C,1,1
19915,LOS ANGELES,LOS ANGELES,7,0,1,1,3,C,0,0
19916,ALAMEDA,HAYWARD,5,0,3,1,3,C,0,1
19917,ORANGE,ANAHEIM,1,0,3,1,3,C,0,1
19918,ORANGE,FOUNTAIN VALLEY,1,0,3,1,3,C,0,1
19919,LOS ANGELES,LOS ANGELES,1,0,8,1,3,C,0,1
19920,ORANGE,ANAHEIM,3,0,3,1,3,C,0,1
19921,SAN DIEGO,SAN DIEGO,1,0,3,1,3,C,0,1
19922,NAPA,CALISTOGA,1,0,3,1,3,C,0,1
19923,LOS ANGELES,LOS ANGELES,5,0,3,1,3,C,0,0
19924,SAN DIEGO,SAN DIEGO,1,0,3,1,3,C,1,1
19925,SAN BERNARDINO,HESPERIA,7,0,3,1,3,C,0,1
19926,LOS ANGELES,LONG BEACH,5,0,3,1,3,C,0,1
19927,CONTRA COSTA,CONCORD,5,0,3,1,3,C,1,0
19928,SACRAMENTO,SACRAMENTO,2,0,3,1,3,C,0,1
19929,LOS ANGELES,LOS ANGELES,6,0,3,1,3,C,0,1
19930,LOS ANGELES,LOS ANGELES,7,0,4,1,3,C,0,1
19931,LOS ANGELES,LOS ANGELES,6,0,3,1,3,C,0,1
19932,LOS ANGELES,LOS ANGELES,5,0,4,1,3,C,0,1
19933,LOS ANGELES,LOS ANGELES,2,0,4,1,3,C,0,0
19934,LOS ANGELES,LOS ANGELES,7,0,4,1,3,C,0,1
19935,LOS ANGELES,LOS ANGELES,5,0,3,1,3,C,0,1
19936,LOS ANGELES,LOS ANGELES,7,0,1,1,3,C,0,0
19937,ALAMEDA,PLEASANTON,4,0,3,1,3,C,1,1
19938,LOS ANGELES,BURBANK,3,0,3,0,3,C,0,0
19939,LOS ANGELES,LOS ANGELES,6,0,4,1,3,C,0,1
19940,LOS ANGELES,LOS ANGELES,7,1,3,1,3,C,0,1
19941,KERN,BAKERSFIELD,1,0,3,0,1,C,0,0
19942,ALAMEDA,OAKLAND,5,0,3,1,1,C,1,1
19943,MONTEREY,SALINAS,1,0,1,1,2,C,0,0
19944,ALAMEDA,OAKLAND,5,0,3,1,1,C,0,1
19945,LOS ANGELES,ALHAMBRA,4,0,3,1,1,C,1,0
19946,KERN,UNINCORPORATED,5,0,3,1,1,C,1,0
19947,SACRAMENTO,FOLSOM,5,0,3,1,1,C,0,1
19948,SACRAMENTO,FOLSOM,6,0,3,1,1,C,0,1
19949,LOS ANGELES,CULVER CITY,3,0,4,0,1,C,0,1
19950,LOS ANGELES,CULVER CITY,1,0,3,1,1,C,0,0
19951,ORANGE,ANAHEIM,5,0,3,1,1,C,1,1
19952,ORANGE,ANAHEIM,5,0,7,1,1,C,1,1
19953,LOS ANGELES,CULVER CITY,6,0,3,1,1,C,0,0
19954,LOS ANGELES,COMMERCE,6,0,3,1,1,C,1,1
19955,ORANGE,TUSTIN,1,0,3,1,1,C,1,1
19956,ORANGE,SANTA ANA,5,0,3,1,1,C,0,1
19957,LOS ANGELES,CULVER CITY,1,0,3,1,1,C,0,1
19958,ORANGE,ORANGE,3,0,3,1,1,C,1,0
19959,VENTURA,VENTURA,3,0,3,1,1,C,0,1
19960,VENTURA,VENTURA,6,0,3,1,1,C,0,1
19961,SAN BERNARDINO,VICTORVILLE,5,0,3,1,3,C,0,1
19962,SAN DIEGO,SAN DIEGO,2,0,4,0,2,C,0,0
19963,SAN DIEGO,SAN DIEGO,2,0,3,1,2,C,0,1
19964,SAN BERNARDINO,UPLAND,3,0,3,1,2,C,1,1
19965,SAN DIEGO,SAN DIEGO,3,0,3,1,2,C,0,1
19966,CONTRA COSTA,HERCULES,4,0,3,1,2,C,1,0
19967,VENTURA,VENTURA,4,0,3,1,2,C,1,0
19968,SAN DIEGO,SAN DIEGO,3,0,4,1,2,C,0,1
19969,SAN DIEGO,SAN DIEGO,3,0,8,1,2,C,0,1
19970,SAN BERNARDINO,ONTARIO,1,0,3,0,2,C,1,1
19971,SAN DIEGO,SAN DIEGO,2,0,3,0,2,C,0,1
19972,ORANGE,WESTMINSTER,5,0,3,1,2,C,0,1
19973,SAN DIEGO,SAN DIEGO,3,0,8,1,2,C,0,1
19974,ORANGE,ANAHEIM,1,0,4,1,2,C,0,1
19975,CONTRA COSTA,CONCORD,1,0,3,0,2,C,0,1
19976,SAN DIEGO,SAN DIEGO,1,0,8,1,2,C,0,1
19977,VENTURA,UNINCORPORATED,1,0,3,1,2,C,0,0
19978,SAN JOAQUIN,TRACY,4,0,3,1,2,C,0,1
19979,ORANGE,ANAHEIM,1,0,3,1,2,C,0,0
19980,SAN JOAQUIN,TRACY,3,0,3,1,2,C,0,0
19981,ORANGE,ANAHEIM,6,0,3,1,2,C,0,0
19982,SONOMA,PETALUMA,2,0,3,1,2,C,0,1
19983,ORANGE,ANAHEIM,5,0,3,0,2,C,0,1
19984,VENTURA,UNINCORPORATED,4,0,3,1,2,C,0,0
19985,VENTURA,UNINCORPORATED,4,0,3,1,2,C,1,1
19986,BUTTE,CHICO,4,0,3,1,2,C,0,1
19987,ORANGE,TUSTIN,4,0,3,0,2,C,1,1
19988,SAN DIEGO,OCEANSIDE,4,0,3,1,2,C,1,0
19989,LOS ANGELES,SANTA FE SPRINGS,1,0,3,1,2,C,0,1
19990,SACRAMENTO,SACRAMENTO,2,0,3,1,2,C,0,1
19991,ORANGE,IRVINE,4,0,3,0,2,C,1,0
19992,ALAMEDA,FREMONT,4,0,3,1,2,C,1,1
19993,ORANGE,NEWPORT BEACH,6,0,3,1,2,C,1,1
19994,MARIN,SAN RAFAEL,4,0,3,1,2,C,0,1
19995,SAN BERNARDINO,FONTANA,1,0,7,1,2,C,1,1
19996,ORANGE,SANTA ANA,1,0,3,1,2,C,1,1
19997,ORANGE,NEWPORT BEACH,6,0,3,1,2,C,0,1
19998,LOS ANGELES,HAWTHORNE,7,0,3,1,2,C,0,0
19999,RIVERSIDE,RIVERSIDE,7,0,3,1,2,C,1,1
20000,RIVERSIDE,RIVERSIDE,7,0,3,1,2,C,1,1
20001,SANTA CLARA,PALO ALTO,7,0,3,1,2,C,0,1
20002,YOLO,WEST SACRAMENTO,1,0,4,1,2,C,0,1
20003,LOS ANGELES,LONG BEACH,3,0,3,1,2,C,0,1
20004,RIVERSIDE,CORONA,5,0,7,1,2,C,1,1
20005,LOS ANGELES,LONG BEACH,3,0,8,1,2,C,0,1
20006,LOS ANGELES,TORRANCE,7,0,4,0,2,C,0,1
20007,CONTRA COSTA,CONCORD,6,0,3,1,2,C,0,0
20008,SAN MATEO,BELMONT,5,0,8,1,2,C,0,1
20009,LOS ANGELES,LONG BEACH,1,0,3,1,2,C,0,1
20010,ORANGE,ANAHEIM,6,0,3,1,2,C,1,1
20011,TULARE,TULARE,4,0,8,1,2,C,0,1
20012,LOS ANGELES,TORRANCE,1,0,1,0,2,C,0,0
20013,LOS ANGELES,MONTEREY PARK,6,0,3,0,2,C,0,1
20014,LOS ANGELES,TORRANCE,2,0,3,1,2,C,1,0
20015,MONTEREY,PACIFIC GROVE,3,0,3,1,2,C,0,1
20016,SAN MATEO,SOUTH SAN FRANCISCO,2,0,3,1,2,C,1,0
20017,MONTEREY,PACIFIC GROVE,1,0,3,1,2,C,0,1
20018,SAN DIEGO,SAN DIEGO,1,0,3,1,2,C,0,0
20019,LOS ANGELES,TORRANCE,1,0,3,1,2,C,0,1
20020,SAN DIEGO,SAN DIEGO,4,0,4,1,2,C,0,1
20021,SAN BERNARDINO,APPLE VALLEY,2,0,3,1,2,C,0,1
20022,SAN BERNARDINO,APPLE VALLEY,1,0,3,1,2,C,1,1
20023,CONTRA COSTA,RICHMOND,7,0,3,0,1,C,0,0
20024,LOS ANGELES,TORRANCE,2,0,3,1,1,C,0,1
20025,SAN BERNARDINO,UPLAND,1,0,3,1,1,C,1,1
20026,ORANGE,VILLA PARK,6,0,3,1,1,C,0,0
20027,SAN DIEGO,ENCINITAS,4,0,1,1,1,C,0,0
20028,SAN BERNARDINO,FONTANA,5,0,3,1,1,C,1,0
20029,LOS ANGELES,DUARTE,6,0,3,1,1,C,0,1
20030,LOS ANGELES,TEMPLE CITY,2,0,8,1,1,C,0,0
20031,SAN DIEGO,ENCINITAS,1,0,3,1,1,C,0,0
20032,SAN BERNARDINO,ONTARIO,7,0,1,1,1,C,0,0
20033,SAN DIEGO,ENCINITAS,1,0,8,1,1,C,0,1
20034,LOS ANGELES,INDUSTRY,2,0,3,1,1,C,0,1
20035,SANTA CRUZ,UNINCORPORATED,3,0,3,1,1,C,0,1
20036,LOS ANGELES,LANCASTER,4,0,3,0,1,C,0,0
20037,IMPERIAL,UNINCORPORATED,4,0,3,0,1,C,0,1
20038,SAN DIEGO,CARLSBAD,2,0,3,1,1,C,1,0
20039,SAN DIEGO,ESCONDIDO,3,0,3,1,1,C,1,1
20040,LOS ANGELES,CLAREMONT,4,0,4,1,1,C,0,1
20041,SANTA CLARA,MOUNTAIN VIEW,3,0,3,1,1,C,1,0
20042,ORANGE,SANTA ANA,6,0,3,1,1,C,0,1
20043,LOS ANGELES,WHITTIER,3,0,3,1,1,C,1,1
20044,LOS ANGELES,TORRANCE,1,0,4,1,1,C,1,1
20045,SANTA CRUZ,UNINCORPORATED,6,0,8,1,1,C,0,1
20046,LOS ANGELES,TORRANCE,5,0,4,1,1,C,1,1
20047,ALAMEDA,LIVERMORE,5,0,3,1,1,C,0,1
20048,LOS ANGELES,TORRANCE,5,0,3,1,1,C,1,1
20049,SAN BERNARDINO,ONTARIO,4,0,3,1,1,C,0,0
20050,ORANGE,ORANGE,4,0,3,1,1,C,0,1
20051,SAN JOAQUIN,STOCKTON,4,0,3,1,1,C,1,1
20052,STANISLAUS,MODESTO,3,0,3,1,1,C,1,1
20053,SAN MATEO,DALY CITY,4,0,4,1,1,C,0,0
20054,SAN MATEO,DALY CITY,6,0,3,0,1,C,0,0
20055,LOS ANGELES,SANTA MONICA,5,0,3,0,1,C,0,1
20056,ORANGE,SANTA ANA,6,0,3,1,1,C,0,0
20057,ORANGE,SANTA ANA,1,0,7,1,1,C,0,1
20058,ALAMEDA,FREMONT,3,0,3,1,1,C,0,0
20059,ALAMEDA,FREMONT,6,0,1,1,1,C,0,0
20060,ORANGE,SANTA ANA,3,0,3,1,1,C,0,1
20061,SAN MATEO,DALY CITY,5,0,3,1,1,C,0,0
20062,MADERA,UNINCORPORATED,6,0,3,1,1,C,1,1
20063,ORANGE,SANTA ANA,6,0,3,1,1,C,0,0
20064,LOS ANGELES,LONG BEACH,2,0,3,1,1,C,0,0
20065,BUTTE,UNINCORPORATED,4,0,3,1,1,C,1,0
20066,LOS ANGELES,TORRANCE,4,0,4,0,1,C,0,1
20067,SAN JOAQUIN,STOCKTON,1,0,3,1,1,C,1,1
20068,SAN JOAQUIN,UNINCORPORATED,5,0,3,1,1,C,1,1
20069,LOS ANGELES,VERNON,5,0,3,1,1,C,0,1
20070,SAN MATEO,BURLINGAME,6,0,3,1,1,C,1,1
20071,ALAMEDA,SAN LEANDRO,6,0,1,1,1,C,0,0
20072,INYO,BISHOP,6,0,3,1,1,C,0,1
20073,MERCED,UNINCORPORATED,3,0,8,1,1,C,1,0
20074,LOS ANGELES,TORRANCE,6,0,3,1,1,C,1,1
20075,MONTEREY,SALINAS,4,0,7,1,1,C,0,1
20076,LOS ANGELES,TORRANCE,3,0,3,1,1,C,1,1
20077,LASSEN,SUSANVILLE,4,0,4,1,1,C,1,0
20078,ORANGE,STANTON,5,0,7,1,1,C,1,0
20079,ORANGE,LAGUNA NIGUEL,2,0,4,1,1,C,0,0
20080,ALAMEDA,OAKLAND,7,0,3,1,1,C,0,1
20081,ORANGE,LAGUNA NIGUEL,4,0,3,1,1,C,0,1
20082,ALAMEDA,HAYWARD,4,0,3,0,1,C,1,1
20083,ALAMEDA,EMERYVILLE,6,0,3,1,1,C,0,0
20084,YOLO,WEST SACRAMENTO,3,0,4,1,1,C,0,1
20085,CONTRA COSTA,CONCORD,5,0,3,1,1,C,0,1
20086,SAN BERNARDINO,FONTANA,6,0,3,0,1,C,0,1
20087,SAN BERNARDINO,FONTANA,1,0,1,1,1,C,0,0
20088,SACRAMENTO,SACRAMENTO,2,0,3,1,1,C,1,0
20089,NEVADA,UNINCORPORATED,3,0,1,0,1,C,1,0
20090,ORANGE,ANAHEIM,4,0,3,1,1,C,1,1
20091,SACRAMENTO,SACRAMENTO,4,0,3,1,1,C,1,1
20092,ALAMEDA,OAKLAND,4,0,3,1,1,C,1,1
20093,RIVERSIDE,RIVERSIDE,3,0,3,1,1,C,0,1
20094,ALAMEDA,OAKLAND,5,0,3,1,1,C,1,0
20095,ALAMEDA,OAKLAND,4,0,3,1,1,C,1,0
20096,SAN BERNARDINO,VICTORVILLE,7,0,8,1,1,C,0,1
20097,CONTRA COSTA,CLAYTON,3,0,3,0,1,C,0,1
20098,SAN BERNARDINO,VICTORVILLE,4,0,3,1,1,C,0,1
20099,SACRAMENTO,RANCHO CORDOVA,4,0,3,1,1,C,1,1
20100,CONTRA COSTA,MARTINEZ,2,0,4,1,1,C,0,0
20101,ALAMEDA,BERKELEY,5,0,3,1,1,C,1,1
20102,CONTRA COSTA,MARTINEZ,3,0,3,1,1,C,0,1
20103,LOS ANGELES,EL MONTE,3,0,4,1,1,C,0,0
20104,YOLO,UNINCORPORATED,3,0,3,1,1,C,1,1
20105,SOLANO,FAIRFIELD,2,0,4,1,1,C,0,0
20106,LOS ANGELES,EL MONTE,2,0,4,1,1,C,0,1
20107,SAN LUIS OBISPO,SAN LUIS OBISPO,4,0,3,1,1,C,0,0
20108,SOLANO,VACAVILLE,1,0,3,1,1,C,0,0
20109,SAN LUIS OBISPO,SAN LUIS OBISPO,2,0,8,1,1,C,0,1
20110,YOLO,UNINCORPORATED,2,0,3,1,1,C,1,0
20111,YOLO,UNINCORPORATED,1,0,3,1,1,C,1,1
20112,YOLO,UNINCORPORATED,5,0,3,1,1,C,1,1
20113,SANTA CLARA,CUPERTINO,2,0,3,1,1,C,0,1
20114,YOLO,WEST SACRAMENTO,7,0,3,1,1,C,1,1
20115,LOS ANGELES,HAWTHORNE,6,0,3,0,1,C,0,1
20116,ALAMEDA,OAKLAND,3,0,3,1,1,C,1,0
20117,SANTA CLARA,SARATOGA,3,0,3,1,1,C,0,0
20118,SANTA CLARA,SAN JOSE,4,0,3,0,1,C,0,1
20119,SANTA CLARA,CAMPBELL,4,0,3,0,1,C,0,0
20120,SANTA CLARA,SAN JOSE,3,0,3,1,1,C,1,1
20121,SANTA CLARA,SAN JOSE,5,0,3,1,1,C,1,1
20122,SANTA CLARA,SAN JOSE,6,0,3,1,1,C,1,0
20123,SANTA CLARA,SAN JOSE,3,0,3,0,1,C,0,0
20124,SANTA CLARA,SAN JOSE,1,0,3,1,1,C,0,1
20125,SACRAMENTO,SACRAMENTO,4,0,1,1,1,C,0,0
20126,SANTA CLARA,SAN JOSE,2,0,3,1,1,C,0,0
20127,SANTA CLARA,SAN JOSE,3,0,3,1,1,C,1,1
20128,CONTRA COSTA,PLEASANT HILL,2,0,1,1,1,C,0,1
20129,SAN DIEGO,CHULA VISTA,5,0,4,1,1,C,0,1
20130,CONTRA COSTA,PLEASANT HILL,2,0,3,0,1,C,0,0
20131,SAN DIEGO,CHULA VISTA,3,0,3,1,1,C,0,1
20132,LOS ANGELES,ALHAMBRA,3,0,3,1,1,C,1,1
20133,LOS ANGELES,TORRANCE,6,0,3,0,1,C,1,1
20134,LOS ANGELES,PARAMOUNT,5,0,3,1,1,C,1,0
20135,LOS ANGELES,EL MONTE,1,0,4,1,1,C,0,0
20136,LOS ANGELES,SAN GABRIEL,6,0,3,0,1,C,1,1
20137,ALAMEDA,BERKELEY,4,0,3,1,1,C,0,1
20138,LOS ANGELES,EL MONTE,6,0,3,1,1,C,1,1
20139,LOS ANGELES,EL MONTE,5,0,3,0,1,C,1,1
20140,SAN DIEGO,CHULA VISTA,1,0,3,1,1,C,0,0
20141,CONTRA COSTA,OAKLEY,6,0,3,1,1,C,0,1
20142,SAN DIEGO,CHULA VISTA,2,0,3,1,1,C,0,1
20143,SAN DIEGO,CHULA VISTA,3,0,3,1,1,C,0,1
20144,ORANGE,LAKE FOREST,2,0,3,1,1,C,0,0
20145,LOS ANGELES,EL MONTE,7,0,3,0,1,C,1,1
20146,SAN DIEGO,CHULA VISTA,3,0,3,1,1,C,0,0
20147,ORANGE,MISSION VIEJO,6,0,3,1,2,C,1,1
20148,SAN BERNARDINO,ONTARIO,1,0,3,1,2,C,1,1
20149,ORANGE,MISSION VIEJO,7,0,7,1,2,C,0,1
20150,ORANGE,COSTA MESA,3,0,3,1,2,C,0,1
20151,ORANGE,SAN JUAN CAPISTRANO,6,0,3,0,2,C,0,0
20152,ORANGE,LAGUNA HILLS,5,0,3,1,2,C,1,1
20153,ALAMEDA,PLEASANTON,6,0,3,1,2,C,1,1
20154,ORANGE,SANTA ANA,5,0,3,1,2,C,1,1
20155,SAN DIEGO,NATIONAL CITY,2,0,8,0,2,C,0,0
20156,ORANGE,SANTA ANA,2,0,3,1,2,C,1,1
20157,ORANGE,ANAHEIM,4,0,3,1,2,C,1,1
20158,ORANGE,IRVINE,2,0,3,1,2,C,0,1
20159,SACRAMENTO,SACRAMENTO,3,0,3,1,2,C,0,1
20160,SACRAMENTO,SACRAMENTO,3,0,7,1,2,C,1,1
20161,STANISLAUS,MODESTO,4,0,3,1,2,C,0,1
20162,PLACER,ROCKLIN,2,0,3,0,2,C,0,0
20163,ORANGE,SANTA ANA,5,0,3,1,2,C,0,1
20164,HUMBOLDT,FORTUNA,5,0,3,1,2,C,0,1
20165,PLACER,UNINCORPORATED,5,0,1,0,2,C,1,0
20166,RIVERSIDE,NORCO,4,0,3,1,2,C,1,1
20167,TULARE,FARMERSVILLE,3,0,3,1,2,C,0,1
20168,PLACER,UNINCORPORATED,3,0,3,1,2,C,0,1
20169,LOS ANGELES,TORRANCE,5,0,4,1,2,C,0,0
20170,LOS ANGELES,COVINA,1,0,3,1,2,C,0,1
20171,RIVERSIDE,RIVERSIDE,6,0,3,1,2,C,0,1
20172,RIVERSIDE,RIVERSIDE,4,0,3,1,2,C,1,1
20173,RIVERSIDE,RIVERSIDE,3,0,3,1,2,C,1,1
20174,LOS ANGELES,TORRANCE,1,0,3,1,2,C,1,1
20175,ORANGE,SANTA ANA,3,0,3,1,2,C,0,1
20176,SACRAMENTO,SACRAMENTO,3,0,3,1,2,C,0,1
20177,SACRAMENTO,SACRAMENTO,6,0,3,1,2,C,0,1
20178,NAPA,UNINCORPORATED,3,0,3,1,2,C,1,1
20179,SONOMA,UNINCORPORATED,2,0,3,1,2,C,0,1
20180,SAN BERNARDINO,BARSTOW,6,0,3,1,2,C,1,0
20181,LOS ANGELES,CLAREMONT,2,0,3,1,2,C,0,1
20182,SONOMA,UNINCORPORATED,1,1,3,1,2,C,1,1
20183,LOS ANGELES,CLAREMONT,4,0,3,1,2,C,0,0
20184,LOS ANGELES,TORRANCE,3,0,3,1,2,C,0,1
20185,LOS ANGELES,NORWALK,4,0,3,1,2,C,0,1
20186,KERN,TAFT,6,0,6,1,2,C,0,1
20187,ALAMEDA,HAYWARD,3,0,7,1,2,C,0,0
20188,SANTA CRUZ,UNINCORPORATED,5,0,3,1,2,C,1,1
20189,LOS ANGELES,SANTA CLARITA,1,0,4,1,2,C,0,1
20190,SONOMA,ROHNERT PARK,5,0,3,1,2,C,1,1
20191,SONOMA,SANTA ROSA,2,0,3,0,2,C,1,1
20192,LOS ANGELES,CULVER CITY,6,0,3,1,2,C,0,1
20193,LOS ANGELES,TORRANCE,4,0,3,1,2,C,0,0
20194,LOS ANGELES,GLENDALE,1,0,3,1,2,C,1,0
20195,LOS ANGELES,CULVER CITY,7,0,3,1,2,C,0,1
20196,VENTURA,OXNARD,2,0,4,1,2,C,0,1
20197,MONTEREY,SEASIDE,2,0,3,0,2,C,1,1
20198,VENTURA,OXNARD,2,0,4,1,2,C,0,1
20199,MONTEREY,UNINCORPORATED,4,0,3,1,2,C,0,1
20200,VENTURA,OXNARD,6,0,9,1,2,C,0,1
20201,VENTURA,OXNARD,6,0,3,1,2,C,0,0
20202,SAN JOAQUIN,LODI,3,0,3,1,2,C,0,1
20203,MONTEREY,SALINAS,1,0,3,1,2,C,0,1
20204,MARIN,UNINCORPORATED,5,0,3,1,2,C,0,1
20205,SANTA CRUZ,UNINCORPORATED,3,0,3,1,2,C,0,1
20206,SANTA CRUZ,UNINCORPORATED,6,0,3,1,2,C,1,0
20207,ORANGE,IRVINE,4,0,3,1,2,C,0,1
20208,LOS ANGELES,LANCASTER,1,0,3,1,2,C,0,0
20209,SAN DIEGO,SAN DIEGO,3,0,3,0,2,C,1,0
20210,ORANGE,HUNTINGTON BEACH,2,0,1,0,2,C,0,1
20211,SAN MATEO,SOUTH SAN FRANCISCO,6,0,3,1,2,C,0,1
20212,SAN DIEGO,SAN MARCOS,5,0,3,1,2,C,1,1
20213,SANTA CRUZ,UNINCORPORATED,6,0,3,1,2,C,1,0
20214,SANTA CLARA,MOUNTAIN VIEW,1,0,3,1,2,C,1,1
20215,YOLO,WEST SACRAMENTO,5,0,3,1,2,C,1,0
20216,SAN DIEGO,SAN DIEGO,5,0,3,1,2,C,1,1
20217,SACRAMENTO,SACRAMENTO,1,0,3,1,2,C,0,1
20218,SANTA CRUZ,UNINCORPORATED,4,0,3,1,2,C,1,1
20219,SAN DIEGO,SAN DIEGO,6,0,3,0,2,C,0,1
20220,ALAMEDA,FREMONT,3,0,3,1,2,C,0,1