ID,County,City,Weekday,Severity,ViolCat,ClearWeather,Month,CrashType,Highway,Daylight
22619,LOS ANGELES,LOS ANGELES,6,0,1,1,3,C,0,0
22620,LOS ANGELES,LOS ANGELES,5,0,3,1,3,C,0,0
22621,LOS ANGELES,LOS ANGELES,7,0,3,0,3,C,0,1
22622,LOS ANGELES,LOS ANGELES,1,0,4,1,3,C,0,0
22623,LOS ANGELES,LOS ANGELES,3,0,4,1,3,C,0,1
22624,LOS ANGELES,LOS ANGELES,5,0,4,1,3,C,0,1
22625,SAN DIEGO,SAN DIEGO,1,0,4,1,3,C,1,1
22626,LOS ANGELES,LOS ANGELES,4,0,8,1,3,C,0,0
22627,SAN DIEGO,SAN DIEGO,3,0,3,1,3,C,1,1
22628,SAN DIEGO,SAN DIEGO,5,0,3,1,3,C,1,1
22629,SAN BERNARDINO,ONTARIO,7,0,3,1,3,C,0,1
22630,SAN DIEGO,SAN DIEGO,5,0,3,1,3,C,0,1
22631,SOLANO,VALLEJO,7,0,3,1,3,C,1,1
22632,LOS ANGELES,LOS ANGELES,5,0,4,1,3,C,0,1
22633,LOS ANGELES,LOS ANGELES,5,0,4,1,3,C,0,1
22634,CONTRA COSTA,PITTSBURG,2,0,3,1,3,C,1,1
22635,CONTRA COSTA,BRENTWOOD,4,0,3,1,3,C,1,1
22636,LOS ANGELES,CALABASAS,1,0,3,1,3,C,0,1
22637,CONTRA COSTA,PITTSBURG,5,0,3,1,3,C,1,1
22638,LOS ANGELES,LOS ANGELES,5,0,4,1,3,C,0,1
22639,LOS ANGELES,LOS ANGELES,3,0,3,1,3,C,0,1
22640,CONTRA COSTA,PITTSBURG,3,0,3,1,3,C,1,1
22641,LOS ANGELES,LOS ANGELES,6,0,3,1,3,C,0,1
22642,LOS ANGELES,LOS ANGELES,7,0,4,1,3,C,0,1
22643,SAN BERNARDINO,YUCAIPA,5,0,3,1,2,C,1,1
22644,SAN BERNARDINO,COLTON,5,0,3,1,2,C,1,0
22645,SAN BERNARDINO,YUCAIPA,1,0,3,1,1,C,1,1
22646,SAN BERNARDINO,COLTON,2,0,3,1,1,C,1,1
22647,LOS ANGELES,BALDWIN PARK,6,0,3,0,2,C,0,1
22648,SAN BERNARDINO,REDLANDS,4,0,3,1,1,C,1,1
22649,SAN BERNARDINO,REDLANDS,3,0,3,1,1,C,1,1
22650,SAN BERNARDINO,REDLANDS,5,0,3,1,2,C,0,1
22651,SAN BERNARDINO,RIALTO,2,0,3,1,1,C,1,1
22652,LOS ANGELES,BALDWIN PARK,3,0,3,1,2,C,0,1
22653,ORANGE,YORBA LINDA,1,0,3,1,2,C,0,0
22654,SAN BERNARDINO,COLTON,2,0,3,1,1,C,1,1
22655,ORANGE,SANTA ANA,4,0,3,1,2,C,1,0
22656,LOS ANGELES,BALDWIN PARK,3,0,8,1,1,C,0,1
22657,ORANGE,IRVINE,1,0,3,1,2,C,1,1
22658,SOLANO,VALLEJO,4,0,3,1,2,C,0,1
22659,SAN BERNARDINO,REDLANDS,1,0,3,1,2,C,1,0
22660,SAN BERNARDINO,SAN BERNARDINO,4,0,3,0,1,C,1,0
22661,EL DORADO,SOUTH LAKE TAHOE,4,0,4,1,1,C,0,1
22662,SANTA CLARA,SAN JOSE,5,0,3,1,1,C,0,1
22663,CONTRA COSTA,UNINCORPORATED,1,0,1,1,2,C,0,1
22664,LOS ANGELES,PASADENA,5,0,3,1,2,C,1,1
22665,LOS ANGELES,ALHAMBRA,4,0,12,1,2,C,0,0
22666,SONOMA,SANTA ROSA,1,0,3,1,2,C,0,1
22667,STANISLAUS,TURLOCK,3,0,3,1,3,C,0,1
22668,LOS ANGELES,LOS ANGELES,3,0,3,1,3,C,1,1
22669,LOS ANGELES,LOS ANGELES,7,0,3,1,3,C,1,1
22670,ORANGE,BREA,5,0,3,0,3,C,0,1
22671,ORANGE,COSTA MESA,5,0,3,1,4,C,0,1
22672,ORANGE,SEAL BEACH,1,0,3,1,3,C,0,1
22673,LOS ANGELES,LOS ANGELES,5,0,4,1,3,C,0,1
22674,LOS ANGELES,LOS ANGELES,4,0,3,1,3,C,0,1
22675,LOS ANGELES,LOS ANGELES,1,0,3,1,3,C,1,0
22676,LOS ANGELES,LOS ANGELES,5,0,3,1,3,C,1,1
22677,LOS ANGELES,LOS ANGELES,4,0,3,1,3,C,1,1
22678,ORANGE,GARDEN GROVE,1,0,3,1,3,C,0,1
22679,BUTTE,GRIDLEY,2,0,4,1,4,C,1,1
22680,VENTURA,UNINCORPORATED,4,0,12,1,3,C,1,1
22681,CONTRA COSTA,UNINCORPORATED,2,0,3,1,2,C,0,0
22682,LOS ANGELES,LONG BEACH,1,0,3,1,3,C,0,1
22683,SAN BERNARDINO,ONTARIO,2,0,3,1,3,C,1,1
22684,ORANGE,HUNTINGTON BEACH,6,0,3,1,3,C,1,0
22685,SAN BERNARDINO,RANCHO CUCAMONGA,5,0,3,1,3,C,1,1
22686,SAN BERNARDINO,ONTARIO,2,0,3,1,3,C,1,1
22687,ORANGE,HUNTINGTON BEACH,5,0,3,0,3,C,0,1
22688,ORANGE,GARDEN GROVE,3,0,3,1,3,C,1,1
22689,ORANGE,HUNTINGTON BEACH,5,0,7,1,3,C,1,1
22690,ORANGE,BUENA PARK,4,0,3,1,3,C,0,1
22691,LOS ANGELES,LOS ANGELES,5,0,4,1,3,C,0,0
22692,ORANGE,HUNTINGTON BEACH,2,0,4,1,3,C,1,1
22693,LOS ANGELES,LOS ANGELES,4,0,3,1,3,C,0,1
22694,ORANGE,HUNTINGTON BEACH,1,0,4,1,3,C,0,0
22695,LOS ANGELES,LOS ANGELES,5,0,3,0,3,C,0,1
22696,ORANGE,HUNTINGTON BEACH,1,0,3,1,3,C,1,1
22697,ORANGE,GARDEN GROVE,5,0,3,1,3,C,1,1
22698,LOS ANGELES,LOS ANGELES,4,0,3,1,3,C,0,0
22699,ORANGE,HUNTINGTON BEACH,1,0,3,1,3,C,1,1
22700,ORANGE,BUENA PARK,4,0,3,1,3,C,1,1
22701,LOS ANGELES,LOS ANGELES,2,0,3,1,3,C,0,1
22702,SAN BERNARDINO,CHINO,2,0,4,1,3,C,1,1
22703,LOS ANGELES,SANTA CLARITA,4,0,3,1,3,C,1,1
22704,LOS ANGELES,LOS ANGELES,5,0,3,1,3,C,1,1
22705,SAN BERNARDINO,UPLAND,2,0,3,1,3,C,1,1
22706,ORANGE,FULLERTON,3,0,3,1,3,C,0,1
22707,RIVERSIDE,RIVERSIDE,7,0,3,1,3,C,1,0
22708,RIVERSIDE,RIVERSIDE,4,0,3,1,3,C,1,1
22709,SAN MATEO,SOUTH SAN FRANCISCO,4,0,1,1,3,C,0,1
22710,RIVERSIDE,CORONA,6,0,3,1,3,C,1,1
22711,SAN MATEO,SOUTH SAN FRANCISCO,5,0,4,1,3,C,1,1
22712,SAN DIEGO,ESCONDIDO,3,0,3,1,3,C,0,1
22713,STANISLAUS,CERES,4,0,3,1,3,C,0,1
22714,ORANGE,BUENA PARK,4,0,3,1,3,C,1,1
22715,ORANGE,IRVINE,4,0,3,1,3,C,0,1
22716,ORANGE,BUENA PARK,5,0,3,1,3,C,1,1
22717,ORANGE,GARDEN GROVE,6,0,3,1,3,C,1,1
22718,ORANGE,IRVINE,2,0,3,1,3,C,0,1
22719,ORANGE,HUNTINGTON BEACH,3,0,3,1,3,C,1,1
22720,SAN BERNARDINO,VICTORVILLE,3,0,3,1,3,C,0,1
22721,VENTURA,OXNARD,3,0,3,1,3,C,1,1
22722,ORANGE,FULLERTON,1,0,3,1,3,C,0,1
22723,RIVERSIDE,RIVERSIDE,5,0,3,1,3,C,1,1
22724,RIVERSIDE,RIVERSIDE,4,0,3,1,3,C,1,1
22725,LOS ANGELES,LOS ANGELES,5,0,3,0,3,C,0,0
22726,LOS ANGELES,SAN FERNANDO,3,0,3,1,3,C,1,1
22727,LOS ANGELES,LOS ANGELES,4,0,8,1,3,C,1,1
22728,LOS ANGELES,LOS ANGELES,3,0,3,1,3,C,0,1
22729,ALAMEDA,FREMONT,2,0,3,1,4,C,1,1
22730,RIVERSIDE,PERRIS,2,0,12,1,4,C,0,1
22731,SAN DIEGO,SAN DIEGO,2,0,3,1,4,C,1,1
22732,SAN FRANCISCO,SAN FRANCISCO,7,0,3,0,3,C,1,1
22733,LOS ANGELES,LANCASTER,3,0,3,1,3,C,0,1
22734,VENTURA,MOORPARK,1,0,3,1,3,C,1,1
22735,SANTA CRUZ,SANTA CRUZ,4,0,3,1,2,C,0,1
22736,LOS ANGELES,LOS ANGELES,2,0,3,1,4,C,0,0
22737,LOS ANGELES,LOS ANGELES,2,0,3,1,4,C,0,1
22738,LOS ANGELES,LOS ANGELES,5,0,8,0,4,C,0,0
22739,SAN JOAQUIN,TRACY,7,0,3,1,4,C,0,1
22740,SAN DIEGO,LEMON GROVE,2,0,3,1,2,C,0,1
22741,ALAMEDA,PLEASANTON,4,0,3,1,3,C,1,1
22742,YOLO,WOODLAND,6,0,1,1,4,C,0,1
22743,LOS ANGELES,LOS ANGELES,2,0,3,1,4,C,0,1
22744,MADERA,UNINCORPORATED,5,0,3,1,3,C,1,1
22745,LOS ANGELES,LOS ANGELES,5,0,4,1,3,C,0,1
22746,LOS ANGELES,EL MONTE,3,0,3,1,2,C,0,1
22747,ORANGE,BUENA PARK,2,0,3,1,2,C,0,0
22748,LOS ANGELES,LOS ANGELES,4,0,1,1,3,C,1,0
22749,KERN,BAKERSFIELD,4,0,3,1,4,C,1,1
22750,HUMBOLDT,EUREKA,5,0,8,1,3,C,1,1
22751,ORANGE,BUENA PARK,4,0,3,1,2,C,0,1
22752,VENTURA,MOORPARK,4,0,3,1,3,C,1,1
22753,LOS ANGELES,LOS ANGELES,5,0,3,1,3,C,0,1
22754,LOS ANGELES,LOS ANGELES,2,0,3,1,3,C,0,1
22755,KERN,BAKERSFIELD,6,0,1,1,3,C,0,1
22756,KERN,BAKERSFIELD,3,0,3,1,3,C,0,1
22757,ORANGE,LA PALMA,3,0,3,1,4,C,1,1
22758,ORANGE,GARDEN GROVE,7,0,3,1,3,C,1,1
22759,LOS ANGELES,DOWNEY,1,0,8,1,3,C,0,0
22760,ORANGE,GARDEN GROVE,4,0,3,1,3,C,0,1
22761,ORANGE,GARDEN GROVE,6,0,8,1,3,C,0,0
22762,LOS ANGELES,COMPTON,2,0,8,1,4,C,0,0
22763,LOS ANGELES,LOS ANGELES,7,0,3,1,4,C,0,1
22764,ORANGE,DANA POINT,2,0,3,0,4,C,0,1
22765,SANTA CLARA,MILPITAS,5,0,4,1,3,C,1,1
22766,SANTA CLARA,MILPITAS,3,0,3,1,3,C,0,1
22767,RIVERSIDE,RIVERSIDE,2,0,3,1,4,C,0,1
22768,MADERA,MADERA,2,0,3,0,3,C,1,0
22769,ORANGE,LAGUNA HILLS,3,0,3,1,3,C,0,1
22770,SAN JOAQUIN,LATHROP,4,0,3,1,3,C,0,1
22771,CONTRA COSTA,RICHMOND,3,0,3,1,3,C,1,1
22772,RIVERSIDE,MORENO VALLEY,2,0,4,1,3,C,0,1
22773,RIVERSIDE,MORENO VALLEY,3,0,1,1,3,C,0,0
22774,ALAMEDA,OAKLAND,2,0,3,1,4,C,1,1
22775,SANTA CLARA,SAN JOSE,3,0,3,1,4,C,0,1
22776,ALAMEDA,BERKELEY,7,0,7,1,3,C,1,1
22777,SAN BERNARDINO,RANCHO CUCAMONGA,7,0,3,1,3,C,0,1
22778,KERN,BAKERSFIELD,7,0,1,0,3,C,0,0
22779,ORANGE,SANTA ANA,3,0,3,1,4,C,0,1
22780,LOS ANGELES,LOS ANGELES,2,0,3,1,3,C,0,1
22781,LOS ANGELES,LOS ANGELES,6,0,4,1,3,C,0,1
22782,LOS ANGELES,LOS ANGELES,1,0,3,1,3,C,0,0
22783,ORANGE,IRVINE,1,0,3,1,3,C,0,1
22784,LOS ANGELES,LOS ANGELES,1,0,3,0,3,C,0,1
22785,SANTA CLARA,MILPITAS,7,0,3,1,3,C,1,1
22786,HUMBOLDT,EUREKA,5,0,3,1,1,C,0,1
22787,RIVERSIDE,RIVERSIDE,1,0,3,1,3,C,0,1
22788,ORANGE,WESTMINSTER,5,0,3,1,3,C,1,1
22789,ORANGE,FULLERTON,7,0,7,1,3,C,1,1
22790,LOS ANGELES,LOS ANGELES,7,0,4,0,3,C,0,1
22791,LOS ANGELES,LOS ANGELES,6,0,3,1,3,C,0,1
22792,LOS ANGELES,LOS ANGELES,7,0,3,1,3,C,0,0
22793,SAN DIEGO,ENCINITAS,3,0,3,1,3,C,1,0
22794,LOS ANGELES,LOS ANGELES,5,0,3,1,3,C,0,1
22795,LOS ANGELES,LOS ANGELES,1,0,3,1,3,C,0,0
22796,LOS ANGELES,LOS ANGELES,5,0,3,1,3,C,0,1
22797,ORANGE,GARDEN GROVE,7,0,3,1,3,C,0,1
22798,LOS ANGELES,LOS ANGELES,6,0,4,1,3,C,0,1
22799,LOS ANGELES,LOS ANGELES,5,0,3,1,3,C,0,1
22800,ALAMEDA,ALBANY,5,0,3,1,1,C,1,1
22801,LOS ANGELES,LONG BEACH,6,0,3,1,3,C,0,1
22802,LOS ANGELES,LOS ANGELES,6,0,3,1,3,C,1,0
22803,STANISLAUS,MODESTO,7,0,1,0,3,C,0,1
22804,SAN FRANCISCO,SAN FRANCISCO,6,0,3,1,3,C,1,1
22805,SAN MATEO,UNINCORPORATED,5,0,3,1,3,C,1,1
22806,STANISLAUS,MODESTO,4,0,3,1,3,C,0,1
22807,LOS ANGELES,LOS ANGELES,6,0,3,1,3,C,0,0
22808,SAN FRANCISCO,SAN FRANCISCO,1,0,3,0,3,C,1,1
22809,SAN FRANCISCO,SAN FRANCISCO,4,0,3,1,3,C,1,1
22810,LOS ANGELES,LANCASTER,6,0,3,1,3,C,0,1
22811,ALAMEDA,OAKLAND,6,0,3,0,3,C,1,0
22812,ALAMEDA,OAKLAND,6,0,3,1,3,C,1,1
22813,ORANGE,WESTMINSTER,1,0,3,1,3,C,0,1
22814,STANISLAUS,MODESTO,7,0,1,1,3,C,1,0
22815,LOS ANGELES,LOS ANGELES,1,0,4,1,3,C,0,0
22816,TULARE,LINDSAY,6,0,3,1,3,C,0,0
22817,LOS ANGELES,LANCASTER,7,0,3,1,3,C,0,1
22818,LOS ANGELES,LOS ANGELES,3,0,3,1,3,C,0,0
22819,STANISLAUS,MODESTO,6,0,4,1,3,C,0,1
22820,KERN,BAKERSFIELD,4,0,3,1,3,C,0,1
22821,LOS ANGELES,LANCASTER,2,0,3,1,3,C,0,1
22822,LOS ANGELES,LOS ANGELES,5,0,3,1,3,C,1,1
22823,LOS ANGELES,LOS ANGELES,7,0,3,1,3,C,1,1
22824,LOS ANGELES,LOS ANGELES,5,0,3,1,3,C,1,1
22825,LOS ANGELES,LOS ANGELES,7,0,3,1,3,C,1,0
22826,ALAMEDA,OAKLAND,2,0,3,1,3,C,1,0
22827,ALAMEDA,EMERYVILLE,7,0,3,1,3,C,1,1
22828,LOS ANGELES,LOS ANGELES,3,0,3,1,3,C,1,1
22829,LOS ANGELES,SAN GABRIEL,5,0,3,1,3,C,0,0
22830,LOS ANGELES,LOS ANGELES,7,0,3,1,3,C,1,1
22831,LOS ANGELES,LOS ANGELES,1,0,3,1,3,C,0,1
22832,LOS ANGELES,LOS ANGELES,7,0,3,1,3,C,0,1
22833,LOS ANGELES,LOS ANGELES,6,0,3,1,3,C,1,0
22834,LOS ANGELES,LOS ANGELES,6,0,3,1,3,C,1,1
22835,LOS ANGELES,LOS ANGELES,2,0,3,1,3,C,0,1
22836,LOS ANGELES,LOS ANGELES,6,0,3,1,3,C,1,1
22837,LOS ANGELES,LOS ANGELES,5,0,7,0,3,C,1,1
22838,LOS ANGELES,LOS ANGELES,3,0,3,1,3,C,1,1
22839,SAN DIEGO,ESCONDIDO,3,0,3,1,3,C,0,1
22840,LOS ANGELES,LOS ANGELES,4,0,3,1,3,C,1,1
22841,LOS ANGELES,LOS ANGELES,3,0,3,1,3,C,1,1
22842,LOS ANGELES,LOS ANGELES,1,0,3,0,3,C,1,0
22843,LOS ANGELES,LOS ANGELES,3,0,3,1,3,C,1,1
22844,LOS ANGELES,LOS ANGELES,1,0,3,0,3,C,1,1
22845,SAN DIEGO,ESCONDIDO,6,0,3,1,3,C,0,1
22846,LOS ANGELES,LOS ANGELES,5,0,3,1,3,C,1,1
22847,VENTURA,VENTURA,4,0,3,1,3,C,0,1
22848,LOS ANGELES,LOS ANGELES,6,0,3,1,3,C,1,1
22849,LOS ANGELES,LOS ANGELES,2,0,3,1,3,C,1,1
22850,LOS ANGELES,LOS ANGELES,5,0,3,1,3,C,1,1
22851,LOS ANGELES,LOS ANGELES,5,0,3,1,3,C,0,0
22852,LOS ANGELES,SAN GABRIEL,4,0,3,1,3,C,0,0
22853,SAN DIEGO,SAN DIEGO,7,0,3,1,3,C,0,1
22854,SAN DIEGO,SAN DIEGO,6,0,3,1,3,C,0,0
22855,MONTEREY,UNINCORPORATED,5,0,3,1,3,C,1,1
22856,MONTEREY,UNINCORPORATED,5,0,8,1,3,C,0,1
22857,VENTURA,THOUSAND OAKS,4,0,3,1,3,C,0,1
22858,MONTEREY,UNINCORPORATED,4,0,3,0,3,C,1,1
22859,LOS ANGELES,LONG BEACH,4,0,3,1,3,C,0,0
22860,LOS ANGELES,MAYWOOD,1,0,3,1,3,C,0,1
22861,CONTRA COSTA,RICHMOND,3,0,3,1,3,C,1,1
22862,SAN DIEGO,SAN DIEGO,3,0,3,1,3,C,0,1
22863,VENTURA,OXNARD,5,0,8,1,3,C,0,1
22864,RIVERSIDE,MORENO VALLEY,4,0,3,1,3,C,0,1
22865,MONTEREY,UNINCORPORATED,5,0,3,1,3,C,1,1
22866,VENTURA,OXNARD,3,0,3,1,3,C,0,1
22867,RIVERSIDE,MORENO VALLEY,6,0,9,1,3,C,0,0
22868,FRESNO,REEDLEY,5,0,9,1,3,C,0,1
22869,SANTA CLARA,MOUNTAIN VIEW,4,0,3,1,3,C,1,1
22870,ALAMEDA,HAYWARD,3,0,3,0,4,C,1,1
22871,SAN MATEO,WOODSIDE,2,0,3,0,3,C,1,1
22872,CONTRA COSTA,UNINCORPORATED,5,0,3,1,3,C,0,0
22873,SAN DIEGO,SAN DIEGO,3,0,3,1,3,C,1,1
22874,SAN DIEGO,SAN DIEGO,2,0,3,1,3,C,1,1
22875,ALAMEDA,FREMONT,3,0,3,1,3,C,0,1
22876,SAN MATEO,MENLO PARK,4,0,3,1,3,C,1,1
22877,SAN MATEO,PACIFICA,6,0,3,1,3,C,1,1
22878,SAN MATEO,SAN MATEO,2,0,3,1,3,C,1,1
22879,SAN MATEO,SAN CARLOS,4,0,3,1,3,C,0,1
22880,SAN MATEO,HALF MOON BAY,6,0,3,1,3,C,1,1
22881,MONTEREY,UNINCORPORATED,1,0,1,1,3,C,0,1
22882,LOS ANGELES,COMMERCE,2,0,3,1,3,C,0,1
22883,SANTA CLARA,SAN JOSE,3,0,3,1,3,C,1,1
22884,MONTEREY,UNINCORPORATED,4,0,3,1,3,C,0,1
22885,MONTEREY,UNINCORPORATED,4,0,3,0,3,C,1,1
22886,VENTURA,THOUSAND OAKS,4,0,3,1,3,C,0,1
22887,SAN DIEGO,SAN DIEGO,6,0,3,1,3,C,0,1
22888,LOS ANGELES,TORRANCE,5,0,4,1,3,C,0,1
22889,NAPA,NAPA,5,0,3,1,3,C,1,1
22890,ORANGE,ORANGE,1,0,3,1,4,C,0,1
22891,RIVERSIDE,TEMECULA,6,0,3,1,3,C,0,1
22892,ORANGE,ORANGE,4,0,3,0,3,C,0,1
22893,SAN DIEGO,SAN DIEGO,4,0,3,1,3,C,1,1
22894,SANTA CLARA,SAN JOSE,3,0,3,0,3,C,1,1
22895,SANTA CLARA,MOUNTAIN VIEW,3,0,3,0,4,C,1,1
22896,KINGS,HANFORD,2,0,3,1,4,C,0,1
22897,ORANGE,ANAHEIM,4,0,3,0,4,C,1,1
22898,SANTA CLARA,MOUNTAIN VIEW,3,0,3,1,4,C,1,1
22899,SOLANO,VACAVILLE,3,0,1,1,4,C,0,0
22900,SAN MATEO,SAN MATEO,1,0,3,1,4,C,1,1
22901,ALAMEDA,FREMONT,7,0,1,1,3,C,0,1
22902,SAN MATEO,UNINCORPORATED,2,0,3,1,3,C,1,1
22903,LOS ANGELES,TORRANCE,4,0,4,1,3,C,0,1
22904,FRESNO,UNINCORPORATED,7,1,3,1,3,C,1,1
22905,LOS ANGELES,TORRANCE,7,0,4,1,3,C,0,1
22906,ORANGE,SANTA ANA,3,0,3,0,3,C,0,1
22907,SAN MATEO,UNINCORPORATED,3,0,3,1,3,C,0,1
22908,ALAMEDA,PLEASANTON,4,0,3,1,3,C,1,1
22909,SAN MATEO,MENLO PARK,3,0,3,0,3,C,1,1
22910,LOS ANGELES,TORRANCE,3,0,3,1,3,C,0,1
22911,SAN MATEO,EAST PALO ALTO,4,0,3,1,3,C,1,1
22912,SAN DIEGO,SAN DIEGO,4,0,3,1,3,C,1,1
22913,SAN DIEGO,SAN DIEGO,4,0,7,1,3,C,1,1
22914,SAN FRANCISCO,SAN FRANCISCO,6,0,3,1,3,C,1,1
22915,SAN MATEO,UNINCORPORATED,2,0,3,1,3,C,1,1
22916,LOS ANGELES,TORRANCE,7,0,3,1,3,C,0,1
22917,ALAMEDA,FREMONT,5,0,3,1,3,C,0,1
22918,LOS ANGELES,TORRANCE,4,0,3,0,3,C,0,1
22919,ALAMEDA,PLEASANTON,4,0,3,1,3,C,1,1
22920,SAN FRANCISCO,SAN FRANCISCO,4,0,3,0,3,C,1,1
22921,LOS ANGELES,TORRANCE,5,0,3,1,3,C,1,1
22922,ALAMEDA,FREMONT,2,0,3,1,3,C,0,1
22923,ALAMEDA,FREMONT,4,0,4,0,3,C,0,1
22924,AMADOR,JACKSON,4,0,3,0,3,C,1,1
22925,RIVERSIDE,PALM DESERT,1,0,3,1,3,C,0,1
22926,SAN BERNARDINO,FONTANA,6,0,3,1,3,C,0,1
22927,MERCED,UNINCORPORATED,4,0,3,1,3,C,1,1
22928,ORANGE,FOUNTAIN VALLEY,4,0,3,1,3,C,1,1
22929,RIVERSIDE,PALM DESERT,5,0,3,1,2,C,0,0
22930,SAN BERNARDINO,CHINO,2,0,3,1,2,C,0,1
22931,ORANGE,ANAHEIM,1,0,3,1,3,C,1,1
22932,ORANGE,GARDEN GROVE,4,0,7,0,3,C,1,1
22933,LOS ANGELES,BURBANK,5,0,3,0,2,C,1,0
22934,HUMBOLDT,UNINCORPORATED,3,0,3,0,3,C,0,1
22935,ORANGE,HUNTINGTON BEACH,1,0,3,0,3,C,1,1
22936,LOS ANGELES,GLENDALE,5,0,3,0,2,C,1,1
22937,ORANGE,SEAL BEACH,2,0,3,1,3,C,1,1
22938,ORANGE,ANAHEIM,2,0,3,1,3,C,1,1
22939,LOS ANGELES,PASADENA,5,0,3,1,2,C,0,0
22940,SAN BERNARDINO,CHINO,5,0,3,1,2,C,0,1
22941,ALAMEDA,FREMONT,3,0,4,0,3,C,1,0
22942,KERN,DELANO,3,0,3,0,3,C,0,1
22943,ALAMEDA,FREMONT,4,0,4,1,3,C,1,1
22944,SAN BERNARDINO,CHINO,2,0,3,1,2,C,0,1
22945,LOS ANGELES,BURBANK,2,0,3,0,2,C,0,1
22946,ORANGE,FULLERTON,5,0,3,1,3,C,1,0
22947,VENTURA,THOUSAND OAKS,4,0,3,1,2,C,1,0
22948,ORANGE,IRVINE,5,0,3,1,3,C,1,1
22949,ORANGE,ANAHEIM,1,0,3,0,3,C,1,1
22950,ORANGE,IRVINE,4,0,3,1,3,C,1,1
22951,ORANGE,SANTA ANA,5,0,3,1,3,C,1,1
22952,ORANGE,ORANGE,4,0,3,1,3,C,1,1
22953,ORANGE,SANTA ANA,7,0,3,1,3,C,1,0
22954,ORANGE,ORANGE,4,0,3,1,3,C,1,1
22955,LOS ANGELES,PASADENA,4,0,3,1,3,C,1,1
22956,ORANGE,SANTA ANA,7,0,3,1,3,C,1,1
22957,LOS ANGELES,GLENDALE,2,0,3,1,3,C,1,1
22958,ORANGE,IRVINE,5,0,3,1,3,C,1,0
22959,ORANGE,SANTA ANA,5,0,3,1,3,C,1,1
22960,ORANGE,COSTA MESA,6,0,3,1,3,C,1,1
22961,LOS ANGELES,TORRANCE,6,0,4,1,2,C,0,1
22962,LOS ANGELES,GLENDALE,7,0,3,0,3,C,0,1
22963,ORANGE,SANTA ANA,2,0,3,1,3,C,1,1
22964,LOS ANGELES,LOS ANGELES,1,0,3,1,3,C,1,1
22965,ORANGE,COSTA MESA,7,0,3,1,3,C,1,1
22966,ORANGE,ANAHEIM,2,0,3,1,3,C,1,1
22967,ORANGE,BREA,2,0,3,1,3,C,1,1
22968,ORANGE,IRVINE,2,0,3,1,3,C,1,1
22969,SAN FRANCISCO,SAN FRANCISCO,2,0,3,0,2,C,1,1
22970,ORANGE,LAGUNA HILLS,7,1,3,1,3,C,0,1
22971,SOLANO,FAIRFIELD,3,0,1,1,2,C,0,0
22972,LOS ANGELES,LOS ANGELES,3,0,3,1,3,C,1,1
22973,LOS ANGELES,LOS ANGELES,6,0,3,1,3,C,1,1
22974,SAN BERNARDINO,RIALTO,5,0,3,1,3,C,0,1
22975,MADERA,UNINCORPORATED,1,0,3,0,3,C,1,1
22976,VENTURA,OXNARD,4,0,4,1,3,C,0,1
22977,RIVERSIDE,RIVERSIDE,2,0,3,1,3,C,0,1
22978,RIVERSIDE,RIVERSIDE,4,0,3,1,3,C,0,1
22979,LOS ANGELES,DIAMOND BAR,5,0,3,1,3,C,0,1
22980,IMPERIAL,EL CENTRO,5,0,3,1,3,C,1,0
22981,ORANGE,LA HABRA,6,0,3,1,4,C,1,0
22982,TULARE,UNINCORPORATED,7,0,3,1,3,C,1,1
22983,TULARE,UNINCORPORATED,2,0,3,1,3,C,0,1
22984,MONTEREY,MONTEREY,5,0,3,0,3,C,0,1
22985,MONTEREY,MONTEREY,6,0,3,0,3,C,0,0
22986,LOS ANGELES,CLAREMONT,3,0,3,1,3,C,0,1
22987,IMPERIAL,EL CENTRO,5,0,3,1,3,C,1,0
22988,SANTA CLARA,PALO ALTO,7,0,4,0,3,C,0,0
22989,IMPERIAL,EL CENTRO,5,0,3,1,3,C,1,1
22990,SANTA CLARA,PALO ALTO,5,0,4,1,3,C,0,0
22991,IMPERIAL,EL CENTRO,2,0,3,1,3,C,0,1
22992,SAN BERNARDINO,YUCAIPA,5,0,3,1,3,C,1,1
22993,SAN BERNARDINO,SAN BERNARDINO,4,0,3,1,3,C,0,1
22994,SAN BERNARDINO,GRAND TERRACE,2,0,3,1,3,C,1,0
22995,SAN BERNARDINO,COLTON,1,0,3,1,3,C,1,1
22996,SAN BERNARDINO,SAN BERNARDINO,7,0,1,1,2,C,1,0
22997,SAN BERNARDINO,FONTANA,4,0,8,1,3,C,1,1
22998,SANTA CLARA,SAN JOSE,2,0,3,1,4,C,0,0
22999,SAN DIEGO,EL CAJON,2,0,4,1,2,C,0,1
23000,HUMBOLDT,EUREKA,7,0,3,1,3,C,1,1
23001,SONOMA,UNINCORPORATED,4,0,3,0,4,C,0,1
23002,SONOMA,UNINCORPORATED,3,0,3,1,4,C,0,1
23003,SOLANO,VACAVILLE,6,0,4,1,4,C,0,1
23004,SOLANO,VACAVILLE,7,0,3,1,4,C,0,1
23005,SANTA CLARA,LOS GATOS,3,0,3,1,4,C,1,1
23006,SAN DIEGO,EL CAJON,4,0,3,1,3,C,0,1
23007,ORANGE,SANTA ANA,1,0,3,0,4,C,0,0
23008,ORANGE,SANTA ANA,2,0,3,1,4,C,0,1
23009,SAN DIEGO,CHULA VISTA,3,0,8,1,3,C,0,1
23010,RIVERSIDE,RIVERSIDE,3,0,3,1,4,C,1,1
23011,SAN FRANCISCO,SAN FRANCISCO,5,0,3,1,4,C,1,1
23012,LOS ANGELES,PALMDALE,7,0,3,1,3,C,0,1
23013,MENDOCINO,UKIAH,6,0,3,1,3,C,0,1