ID,County,City,Weekday,Severity,ViolCat,ClearWeather,Month,CrashType,Highway,Daylight
24600,LOS ANGELES,LOS ANGELES,4,0,3,1,4,C,0,1
24601,LOS ANGELES,LOS ANGELES,5,0,8,1,4,C,0,0
24602,LOS ANGELES,LOS ANGELES,7,0,3,1,4,C,0,0
24603,LOS ANGELES,LOS ANGELES,1,0,3,1,4,C,0,1
24604,SAN DIEGO,SAN DIEGO,6,0,3,1,4,C,0,1
24605,MARIN,BELVEDERE,3,0,8,1,4,C,0,1
24606,SAN DIEGO,SAN DIEGO,2,1,3,1,4,C,0,1
24607,SAN DIEGO,SAN DIEGO,3,0,3,1,4,C,0,1
24608,LOS ANGELES,LOS ANGELES,4,0,3,1,4,C,1,1
24609,LOS ANGELES,LOS ANGELES,5,0,3,1,4,C,0,0
24610,ORANGE,ANAHEIM,3,0,3,0,4,C,0,1
24611,LOS ANGELES,LONG BEACH,3,0,3,1,4,C,0,1
24612,LOS ANGELES,WHITTIER,4,0,3,1,3,C,1,0
24613,SOLANO,VACAVILLE,3,0,3,1,4,C,0,1
24614,LOS ANGELES,ARCADIA,3,0,1,1,4,C,0,0
24615,KERN,UNINCORPORATED,2,0,9,1,4,C,0,1
24616,RIVERSIDE,TEMECULA,3,0,3,1,4,C,1,1
24617,SACRAMENTO,SACRAMENTO,1,0,1,0,4,C,0,0
24618,RIVERSIDE,MURRIETA,5,0,3,0,4,C,1,0
24619,RIVERSIDE,TEMECULA,6,0,3,1,4,C,1,0
24620,LOS ANGELES,LOS ANGELES,3,0,4,1,4,C,0,1
24621,CONTRA COSTA,PINOLE,1,0,3,0,4,C,0,0
24622,LOS ANGELES,LOS ANGELES,2,0,3,1,4,C,0,0
24623,RIVERSIDE,MORENO VALLEY,1,0,3,1,3,C,0,1
24624,LOS ANGELES,LOS ANGELES,1,0,3,1,4,C,0,1
24625,LOS ANGELES,LOS ANGELES,5,0,3,0,3,C,0,0
24626,RIVERSIDE,PALM DESERT,4,0,3,1,3,C,0,0
24627,SAN DIEGO,SAN DIEGO,7,0,8,0,3,C,0,0
24628,LOS ANGELES,LOS ANGELES,6,0,3,1,4,C,0,0
24629,SAN DIEGO,CARLSBAD,4,0,3,1,3,C,0,0
24630,LOS ANGELES,LOS ANGELES,2,0,8,1,4,C,0,1
24631,SAN DIEGO,SAN DIEGO,5,0,3,1,4,C,0,0
24632,SAN DIEGO,CARLSBAD,2,0,7,1,3,C,0,1
24633,SAN DIEGO,SAN DIEGO,6,0,4,1,4,C,0,1
24634,ORANGE,FULLERTON,4,1,1,1,3,C,1,1
24635,SAN DIEGO,SAN DIEGO,5,0,4,1,4,C,0,0
24636,SAN DIEGO,SAN DIEGO,5,0,4,1,4,C,0,1
24637,SAN DIEGO,ENCINITAS,1,0,3,1,3,C,0,1
24638,RIVERSIDE,MORENO VALLEY,5,0,3,1,3,C,0,1
24639,SAN DIEGO,SOLANA BEACH,5,0,4,1,3,C,0,1
24640,ORANGE,ANAHEIM,7,0,1,0,4,C,0,0
24641,RIVERSIDE,MORENO VALLEY,5,0,3,1,3,C,0,1
24642,SAN DIEGO,SOLANA BEACH,6,0,6,1,3,C,0,1
24643,ORANGE,HUNTINGTON BEACH,2,0,3,1,3,C,0,1
24644,ALAMEDA,PLEASANTON,3,0,3,1,3,C,0,1
24645,SAN DIEGO,CHULA VISTA,7,0,3,1,2,C,0,1
24646,SANTA CRUZ,UNINCORPORATED,4,0,3,1,2,C,1,1
24647,ALAMEDA,PLEASANTON,2,0,3,1,3,C,0,1
24648,SAN DIEGO,CHULA VISTA,4,0,3,1,2,C,0,1
24649,SANTA CRUZ,UNINCORPORATED,4,0,3,1,2,C,1,1
24650,SAN DIEGO,CHULA VISTA,1,0,3,1,2,C,0,1
24651,SANTA CRUZ,UNINCORPORATED,4,0,3,1,2,C,0,1
24652,SANTA CRUZ,UNINCORPORATED,6,0,3,1,2,C,1,1
24653,CONTRA COSTA,ANTIOCH,7,0,3,1,3,C,0,1
24654,SAN BENITO,HOLLISTER,6,0,1,1,3,C,0,1
24655,LOS ANGELES,WEST HOLLYWOOD,7,0,3,1,2,C,0,1
24656,SAN BENITO,HOLLISTER,2,0,3,1,3,C,0,1
24657,LOS ANGELES,WEST HOLLYWOOD,4,0,3,1,2,C,0,1
24658,RIVERSIDE,RIVERSIDE,2,0,3,1,2,C,0,1
24659,LOS ANGELES,WEST HOLLYWOOD,4,0,7,1,2,C,0,1
24660,SAN DIEGO,IMPERIAL BEACH,3,0,1,1,2,C,0,0
24661,LOS ANGELES,WEST HOLLYWOOD,6,0,4,1,2,C,0,0
24662,LOS ANGELES,WEST HOLLYWOOD,6,0,4,1,2,C,0,1
24663,ORANGE,ANAHEIM,4,0,3,1,4,C,0,1
24664,RIVERSIDE,PERRIS,5,0,3,1,4,C,1,1
24665,RIVERSIDE,PERRIS,6,0,1,1,4,C,1,0
24666,RIVERSIDE,CORONA,5,0,3,1,4,C,1,1
24667,RIVERSIDE,RIVERSIDE,1,0,3,1,4,C,1,1
24668,LOS ANGELES,LOS ANGELES,2,0,3,1,4,C,1,1
24669,LOS ANGELES,LOS ANGELES,2,0,3,1,4,C,1,1
24670,RIVERSIDE,BANNING,3,0,7,1,4,C,1,1
24671,LOS ANGELES,LOS ANGELES,1,0,8,1,4,C,0,0
24672,FRESNO,UNINCORPORATED,3,0,3,1,4,C,0,1
24673,LOS ANGELES,LOS ANGELES,2,0,8,1,4,C,0,1
24674,LOS ANGELES,LOS ANGELES,4,0,4,1,4,C,0,1
24675,LOS ANGELES,LOS ANGELES,5,0,4,1,4,C,0,1
24676,LOS ANGELES,LOS ANGELES,1,0,4,1,4,C,0,1
24677,LOS ANGELES,LOS ANGELES,7,0,1,0,4,C,0,0
24678,LOS ANGELES,LOS ANGELES,4,0,3,1,4,C,0,1
24679,LOS ANGELES,LOS ANGELES,3,0,3,1,4,C,0,1
24680,SAN DIEGO,SAN DIEGO,6,0,8,1,4,C,0,0
24681,SAN DIEGO,SAN DIEGO,5,0,8,1,4,C,0,1
24682,ORANGE,TUSTIN,1,0,3,0,5,C,1,1
24683,ORANGE,ORANGE,5,1,1,1,5,C,1,0
24684,LOS ANGELES,HAWTHORNE,7,0,3,1,4,C,0,1
24685,ORANGE,IRVINE,3,0,3,1,5,C,1,1
24686,ORANGE,ANAHEIM,7,0,3,1,4,C,1,0
24687,SANTA CLARA,SAN JOSE,1,0,3,0,5,C,0,1
24688,ORANGE,TUSTIN,2,0,3,0,4,C,1,1
24689,SANTA CLARA,SAN JOSE,4,0,3,1,5,C,0,1
24690,ORANGE,FULLERTON,5,0,3,1,4,C,1,1
24691,SANTA CLARA,SAN JOSE,7,0,3,1,5,C,0,1
24692,SANTA CLARA,SAN JOSE,4,0,3,1,5,C,0,1
24693,IMPERIAL,UNINCORPORATED,2,0,3,1,4,C,0,1
24694,IMPERIAL,UNINCORPORATED,3,0,3,1,4,C,1,0
24695,SANTA CLARA,SAN JOSE,3,0,3,1,5,C,0,0
24696,ORANGE,SANTA ANA,7,0,3,1,4,C,1,1
24697,SANTA CLARA,SAN JOSE,3,0,4,1,5,C,0,1
24698,SANTA CLARA,SAN JOSE,4,0,3,1,5,C,0,1
24699,SANTA CLARA,MILPITAS,4,0,3,1,4,C,1,1
24700,ORANGE,ORANGE,5,0,3,1,4,C,1,0
24701,SANTA CLARA,SAN JOSE,6,0,3,1,5,C,0,1
24702,ORANGE,TUSTIN,4,0,3,1,4,C,1,1
24703,ORANGE,SANTA ANA,6,0,3,1,5,C,1,1
24704,SANTA CLARA,MILPITAS,6,0,3,1,4,C,0,1
24705,SANTA CLARA,SAN JOSE,7,0,3,1,5,C,0,1
24706,ORANGE,ANAHEIM,3,0,3,1,5,C,1,1
24707,SAN DIEGO,SAN DIEGO,5,1,3,1,4,C,1,1
24708,ORANGE,SANTA ANA,5,0,3,1,5,C,0,1
24709,ORANGE,FULLERTON,3,0,3,0,5,C,1,1
24710,SANTA CLARA,SAN JOSE,5,0,3,1,4,C,0,1
24711,SAN DIEGO,SAN DIEGO,1,0,3,0,4,C,1,1
24712,SAN DIEGO,SAN DIEGO,5,0,3,1,4,C,0,1
24713,SAN DIEGO,SAN DIEGO,4,0,3,1,4,C,1,1
24714,SAN DIEGO,SAN DIEGO,1,0,3,1,4,C,1,1
24715,ORANGE,TUSTIN,7,0,3,1,4,C,0,1
24716,SAN DIEGO,SAN DIEGO,6,0,4,1,4,C,1,1
24717,SAN DIEGO,SAN DIEGO,4,0,1,1,4,C,1,0
24718,SONOMA,PETALUMA,1,0,3,1,4,C,0,1
24719,SAN DIEGO,SAN DIEGO,6,0,3,1,4,C,1,1
24720,SACRAMENTO,SACRAMENTO,7,0,4,1,3,C,1,1
24721,SAN MATEO,REDWOOD CITY,2,0,3,1,3,C,0,1
24722,SACRAMENTO,SACRAMENTO,7,0,1,1,3,C,1,0
24723,SANTA CLARA,SAN JOSE,3,0,3,1,4,C,0,1
24724,SANTA CLARA,SAN JOSE,3,0,3,1,4,C,0,1
24725,ORANGE,COSTA MESA,2,0,8,1,4,C,0,1
24726,ORANGE,COSTA MESA,7,0,3,1,4,C,0,1
24727,SAN JOAQUIN,UNINCORPORATED,3,0,4,1,4,C,1,0
24728,SAN DIEGO,ESCONDIDO,3,0,3,1,4,C,0,1
24729,SAN DIEGO,ESCONDIDO,1,0,3,1,4,C,0,1
24730,ORANGE,FULLERTON,5,0,3,1,4,C,0,1
24731,SAN LUIS OBISPO,SAN LUIS OBISPO,4,0,3,1,4,C,0,1
24732,ORANGE,FULLERTON,3,0,3,1,4,C,0,1
24733,ORANGE,GARDEN GROVE,4,0,3,0,4,C,0,1
24734,CONTRA COSTA,WALNUT CREEK,3,0,3,1,4,C,1,0
24735,SAN FRANCISCO,SAN FRANCISCO,1,0,4,1,2,C,0,1
24736,ORANGE,BUENA PARK,5,0,3,1,4,C,1,1
24737,ORANGE,SEAL BEACH,5,0,3,1,4,C,1,1
24738,SAN BERNARDINO,VICTORVILLE,4,0,3,1,4,C,1,1
24739,INYO,BISHOP,6,0,3,0,3,C,0,1
24740,ORANGE,LAGUNA HILLS,3,0,3,1,3,C,0,1
24741,LOS ANGELES,COMMERCE,1,0,4,1,3,C,1,1
24742,LOS ANGELES,SANTA CLARITA,5,0,3,1,3,C,0,1
24743,SANTA CRUZ,UNINCORPORATED,5,0,8,1,3,C,0,1
24744,SANTA CRUZ,UNINCORPORATED,7,0,3,1,3,C,0,1
24745,LOS ANGELES,SANTA CLARITA,3,0,4,1,3,C,0,0
24746,SAN FRANCISCO,SAN FRANCISCO,6,0,3,0,3,C,1,0
24747,ORANGE,ORANGE,5,0,3,1,3,C,1,0
24748,LOS ANGELES,SOUTH GATE,6,0,3,1,4,C,0,1
24749,RIVERSIDE,RIVERSIDE,5,0,8,1,4,C,0,1
24750,RIVERSIDE,RIVERSIDE,1,0,3,1,4,C,0,1
24751,SAN DIEGO,VISTA,1,0,4,1,4,C,0,1
24752,SAN BERNARDINO,VICTORVILLE,3,0,3,1,4,C,0,1
24753,LOS ANGELES,SOUTH GATE,6,0,1,1,4,C,0,1
24754,LOS ANGELES,LOS ANGELES,4,0,3,1,4,C,1,1
24755,LOS ANGELES,SOUTH GATE,4,0,3,1,4,C,0,1
24756,LOS ANGELES,LOS ANGELES,2,0,3,1,4,C,0,1
24757,LOS ANGELES,LOS ANGELES,1,0,3,1,4,C,1,0
24758,LOS ANGELES,LOS ANGELES,4,0,3,1,4,C,1,1
24759,LOS ANGELES,SOUTH GATE,4,0,3,1,4,C,0,1
24760,LOS ANGELES,LOS ANGELES,7,1,3,1,4,C,1,1
24761,LOS ANGELES,SOUTH GATE,4,0,3,1,4,C,0,1
24762,LOS ANGELES,LOS ANGELES,7,1,3,1,4,C,1,1
24763,LOS ANGELES,LOS ANGELES,3,0,3,1,4,C,1,1
24764,TULARE,PORTERVILLE,2,0,3,1,4,C,0,1
24765,RIVERSIDE,RIVERSIDE,6,1,3,1,4,C,1,1
24766,SAN DIEGO,SAN DIEGO,6,0,3,1,4,C,0,0
24767,PLACER,ROCKLIN,5,0,3,1,4,C,0,0
24768,LOS ANGELES,LOS ANGELES,4,0,3,1,4,C,1,1
24769,SAN MATEO,MENLO PARK,3,0,3,1,4,C,0,1
24770,SAN MATEO,MENLO PARK,4,0,3,1,4,C,0,1
24771,SAN DIEGO,SAN DIEGO,6,0,8,0,4,C,0,1
24772,TULARE,UNINCORPORATED,6,0,3,1,4,C,0,0
24773,KERN,BAKERSFIELD,3,0,3,0,4,C,0,1
24774,ORANGE,COSTA MESA,5,0,12,1,4,C,0,1
24775,ORANGE,ORANGE,2,0,3,1,4,C,0,1
24776,ORANGE,COSTA MESA,2,0,1,1,4,C,0,0
24777,ORANGE,IRVINE,5,0,3,1,4,C,0,1
24778,LOS ANGELES,LOS ANGELES,5,0,3,1,4,C,1,1
24779,KERN,BAKERSFIELD,1,0,3,1,4,C,0,1
24780,SOLANO,FAIRFIELD,3,0,3,1,4,C,1,1
24781,LOS ANGELES,LOS ANGELES,4,0,3,1,4,C,1,1
24782,ORANGE,ORANGE,5,0,1,1,4,C,0,0
24783,RIVERSIDE,BANNING,2,0,3,1,4,C,1,0
24784,LOS ANGELES,LOS ANGELES,3,0,3,1,4,C,1,1
24785,ORANGE,ORANGE,4,0,3,1,4,C,0,1
24786,LOS ANGELES,LOS ANGELES,4,0,3,1,4,C,1,1
24787,LOS ANGELES,LOS ANGELES,6,0,3,1,4,C,1,1
24788,VENTURA,VENTURA,1,0,3,0,4,C,0,0
24789,LOS ANGELES,LOS ANGELES,2,0,3,0,4,C,1,1
24790,LOS ANGELES,LOS ANGELES,7,0,3,1,4,C,1,1
24791,SOLANO,UNINCORPORATED,5,0,3,1,4,C,1,0
24792,LOS ANGELES,LOS ANGELES,5,0,3,1,4,C,1,0
24793,ORANGE,IRVINE,4,0,3,1,4,C,0,0
24794,LOS ANGELES,LOS ANGELES,6,0,3,0,4,C,1,1
24795,SACRAMENTO,SACRAMENTO,1,0,3,1,4,C,0,1
24796,SACRAMENTO,SACRAMENTO,4,0,3,1,4,C,0,1
24797,LOS ANGELES,LOS ANGELES,5,0,3,1,4,C,1,1
24798,SANTA CLARA,SAN JOSE,4,0,3,1,4,C,1,1
24799,VENTURA,VENTURA,4,0,3,1,4,C,0,1
24800,ORANGE,HUNTINGTON BEACH,2,0,1,1,4,C,0,0
24801,MONTEREY,MONTEREY,6,0,3,1,4,C,0,1
24802,SONOMA,PETALUMA,2,0,3,1,4,C,0,1
24803,VENTURA,OXNARD,3,0,4,1,4,C,0,1
24804,SONOMA,PETALUMA,5,0,3,1,4,C,0,1
24805,VENTURA,OXNARD,3,0,3,1,4,C,1,0
24806,RIVERSIDE,RIVERSIDE,3,0,3,1,4,C,1,1
24807,RIVERSIDE,MORENO VALLEY,5,0,3,1,4,C,1,0
24808,SACRAMENTO,SACRAMENTO,6,0,3,1,4,C,0,1
24809,RIVERSIDE,RIVERSIDE,6,0,1,1,4,C,1,0
24810,CONTRA COSTA,RICHMOND,2,0,3,1,4,C,0,1
24811,STANISLAUS,CERES,2,0,3,1,4,C,0,1
24812,RIVERSIDE,RIVERSIDE,2,0,3,1,4,C,1,1
24813,LOS ANGELES,PASADENA,3,0,3,1,4,C,0,0
24814,SANTA CLARA,SANTA CLARA,4,0,3,0,4,C,0,1
24815,RIVERSIDE,RIVERSIDE,4,0,3,1,4,C,1,0
24816,SOLANO,FAIRFIELD,4,0,1,0,4,C,1,0
24817,SANTA CRUZ,UNINCORPORATED,3,0,3,1,4,C,1,1
24818,RIVERSIDE,CORONA,1,0,3,1,4,C,1,1
24819,RIVERSIDE,CORONA,5,0,3,1,4,C,1,1
24820,SANTA CRUZ,UNINCORPORATED,3,0,3,1,4,C,1,1
24821,SOLANO,VALLEJO,5,0,3,1,4,C,1,1
24822,SANTA CRUZ,UNINCORPORATED,1,0,4,0,4,C,1,1
24823,SANTA CLARA,SAN JOSE,3,0,3,1,4,C,0,1
24824,ORANGE,NEWPORT BEACH,3,0,3,1,4,C,0,1
24825,VENTURA,THOUSAND OAKS,2,0,3,1,4,C,0,1
24826,SANTA CRUZ,UNINCORPORATED,3,0,3,1,4,C,1,1
24827,ORANGE,ALISO VIEJO,3,0,3,1,4,C,0,0
24828,SONOMA,UNINCORPORATED,4,0,3,0,4,C,1,1
24829,SACRAMENTO,SACRAMENTO,2,0,3,1,4,C,0,1
24830,SACRAMENTO,SACRAMENTO,7,0,3,1,4,C,1,1
24831,VENTURA,THOUSAND OAKS,4,0,3,1,4,C,0,1
24832,SACRAMENTO,SACRAMENTO,7,0,3,1,4,C,1,1
24833,ORANGE,ALISO VIEJO,5,0,3,0,4,C,0,1
24834,SACRAMENTO,SACRAMENTO,2,0,3,1,4,C,0,1
24835,SONOMA,UNINCORPORATED,2,0,3,1,4,C,1,1
24836,NAPA,UNINCORPORATED,2,0,3,1,4,C,1,1
24837,NAPA,UNINCORPORATED,6,0,3,1,4,C,1,1
24838,FRESNO,UNINCORPORATED,5,0,3,1,4,C,0,1
24839,ORANGE,WESTMINSTER,7,0,1,1,4,C,0,0
24840,PLACER,ROSEVILLE,2,0,3,1,4,C,0,1
24841,ORANGE,LAKE FOREST,1,0,4,1,4,C,0,1
24842,STANISLAUS,TURLOCK,6,0,3,1,4,C,0,1
24843,STANISLAUS,TURLOCK,6,0,3,1,4,C,0,1
24844,PLACER,ROSEVILLE,4,0,3,1,4,C,1,1
24845,SAN DIEGO,CARLSBAD,4,0,8,1,4,C,1,0
24846,SAN DIEGO,CARLSBAD,6,0,3,1,4,C,1,1
24847,SAN BERNARDINO,RIALTO,3,0,3,1,4,C,0,1
24848,SAN DIEGO,ESCONDIDO,3,0,3,1,4,C,0,1
24849,ORANGE,DANA POINT,3,0,3,1,4,C,0,1
24850,SAN DIEGO,ESCONDIDO,5,1,3,1,4,C,1,1
24851,LOS ANGELES,LOS ANGELES,1,0,3,1,4,C,0,1
24852,SAN DIEGO,SAN MARCOS,3,0,3,1,4,C,1,1
24853,LOS ANGELES,GLENDALE,4,0,3,1,4,C,0,1
24854,SAN DIEGO,SAN MARCOS,5,0,3,1,4,C,0,1
24855,FRESNO,FRESNO,3,0,3,1,4,C,1,1
24856,LOS ANGELES,GLENDALE,4,0,1,1,4,C,0,0
24857,STANISLAUS,MODESTO,2,0,3,1,4,C,0,1
24858,SAN DIEGO,ENCINITAS,3,0,3,1,4,C,1,1
24859,STANISLAUS,TURLOCK,5,0,3,1,4,C,0,1
24860,STANISLAUS,MODESTO,1,0,3,0,4,C,0,1
24861,LOS ANGELES,SANTA FE SPRINGS,2,0,1,1,4,C,0,0
24862,FRESNO,FRESNO,5,0,1,1,4,C,1,1
24863,MARIN,UNINCORPORATED,3,0,3,1,4,C,0,1
24864,MARIN,SAN RAFAEL,4,0,3,1,4,C,1,1
24865,STANISLAUS,MODESTO,5,0,3,1,4,C,0,1
24866,LOS ANGELES,ROSEMEAD,1,0,3,0,4,C,1,1
24867,MARIN,UNINCORPORATED,5,0,3,1,4,C,1,1
24868,STANISLAUS,MODESTO,4,0,3,0,4,C,0,1
24869,MARIN,UNINCORPORATED,3,0,3,1,4,C,1,1
24870,STANISLAUS,MODESTO,7,0,3,1,4,C,0,1
24871,LOS ANGELES,COMMERCE,2,0,3,1,4,C,0,0
24872,MARIN,UNINCORPORATED,1,0,3,1,4,C,1,0
24873,SONOMA,WINDSOR,2,0,3,1,4,C,0,1
24874,ORANGE,ORANGE,3,0,3,1,4,C,1,1
24875,SONOMA,UNINCORPORATED,3,0,3,1,4,C,0,1
24876,SONOMA,UNINCORPORATED,4,0,3,0,4,C,1,1
24877,RIVERSIDE,RIVERSIDE,3,0,3,1,4,C,0,1
24878,ORANGE,IRVINE,3,0,3,1,4,C,1,1
24879,ORANGE,ORANGE,2,0,3,1,4,C,1,1
24880,ORANGE,TUSTIN,1,0,3,1,4,C,1,1
24881,SANTA CRUZ,UNINCORPORATED,5,0,3,1,3,C,1,1
24882,RIVERSIDE,HEMET,5,0,3,1,3,C,1,1
24883,SOLANO,FAIRFIELD,4,0,3,1,3,C,0,1
24884,ORANGE,LAGUNA NIGUEL,2,0,4,1,3,C,0,1
24885,LOS ANGELES,LA CANADA-FLINTRIDGE,3,0,4,1,3,C,0,1
24886,SANTA CRUZ,UNINCORPORATED,5,0,3,1,3,C,1,1
24887,SANTA CRUZ,UNINCORPORATED,5,0,3,1,3,C,1,1
24888,ORANGE,ORANGE,2,0,3,1,3,C,0,1
24889,SANTA CRUZ,UNINCORPORATED,4,0,3,1,3,C,1,1
24890,SANTA CLARA,LOS GATOS,6,0,3,1,3,C,0,0
24891,RIVERSIDE,HEMET,4,0,3,1,3,C,0,1
24892,ORANGE,ORANGE,1,0,3,1,3,C,0,1
24893,SANTA CRUZ,UNINCORPORATED,5,0,4,1,3,C,1,1
24894,RIVERSIDE,HEMET,5,0,3,1,3,C,1,1
24895,RIVERSIDE,HEMET,6,0,3,1,3,C,0,0
24896,NAPA,NAPA,5,0,3,1,3,C,0,1
24897,SANTA CLARA,GILROY,6,0,3,0,3,C,1,1
24898,LOS ANGELES,PASADENA,3,0,3,0,3,C,1,1
24899,SANTA CLARA,LOS GATOS,2,0,3,0,3,C,0,1
24900,ORANGE,ORANGE,2,0,3,1,3,C,0,1
24901,SANTA CRUZ,UNINCORPORATED,3,0,3,0,3,C,1,0
24902,ORANGE,RCHO SNTA MARGARITA,1,0,3,1,3,C,0,1
24903,SANTA CRUZ,UNINCORPORATED,3,0,3,1,3,C,0,1
24904,SAN MATEO,MENLO PARK,6,0,3,1,3,C,0,1
24905,CONTRA COSTA,PITTSBURG,6,0,3,1,4,C,1,1
24906,LOS ANGELES,LOS ANGELES,4,0,3,1,4,C,1,1
24907,LOS ANGELES,LOS ANGELES,2,0,3,1,3,C,0,1
24908,LOS ANGELES,LOS ANGELES,6,0,3,1,4,C,1,1
24909,LOS ANGELES,LOS ANGELES,3,0,3,1,3,C,1,1
24910,LOS ANGELES,LOS ANGELES,5,0,3,1,4,C,1,1
24911,LOS ANGELES,LOS ANGELES,5,0,3,1,4,C,1,1
24912,LOS ANGELES,LOS ANGELES,2,0,3,1,4,C,1,1
24913,LOS ANGELES,LOS ANGELES,1,0,3,0,4,C,1,1
24914,STANISLAUS,UNINCORPORATED,4,0,3,1,4,C,0,1
24915,STANISLAUS,UNINCORPORATED,5,0,3,1,4,C,1,1
24916,STANISLAUS,UNINCORPORATED,5,0,3,1,4,C,0,1
24917,STANISLAUS,UNINCORPORATED,6,0,3,1,4,C,0,1
24918,STANISLAUS,UNINCORPORATED,3,0,3,1,4,C,0,1
24919,STANISLAUS,UNINCORPORATED,5,0,3,1,4,C,1,1
24920,SAN DIEGO,SANTEE,6,0,4,1,1,C,0,1
24921,SAN FRANCISCO,SAN FRANCISCO,4,0,3,1,3,C,1,1
24922,LOS ANGELES,MONTEBELLO,5,0,4,1,3,C,0,0
24923,LOS ANGELES,MONTEBELLO,6,0,3,1,3,C,0,0
24924,LOS ANGELES,MONTEBELLO,5,0,3,0,3,C,0,1
24925,SAN DIEGO,SAN DIEGO,5,1,3,0,3,C,1,0
24926,SAN DIEGO,NATIONAL CITY,3,1,3,1,3,C,1,0
24927,LOS ANGELES,MONTEBELLO,3,0,3,1,3,C,0,1
24928,LOS ANGELES,MONTEBELLO,1,0,3,1,3,C,0,1
24929,LOS ANGELES,MONTEBELLO,4,0,3,1,3,C,0,1
24930,SAN LUIS OBISPO,UNINCORPORATED,5,0,3,1,3,C,1,1
24931,SAN LUIS OBISPO,UNINCORPORATED,5,0,3,0,3,C,1,1
24932,SAN LUIS OBISPO,PISMO BEACH,4,0,3,1,3,C,1,1
24933,NAPA,UNINCORPORATED,6,0,3,1,3,C,1,1
24934,LOS ANGELES,PASADENA,2,0,3,1,3,C,0,1
24935,LOS ANGELES,PASADENA,2,0,3,1,3,C,0,1
24936,MARIN,UNINCORPORATED,6,0,3,0,3,C,1,0
24937,SAN DIEGO,ESCONDIDO,5,0,3,1,3,C,0,1
24938,LOS ANGELES,LONG BEACH,4,0,3,1,4,C,0,1
24939,SACRAMENTO,ELK GROVE,1,0,3,1,4,C,0,1
24940,SACRAMENTO,SACRAMENTO,5,0,3,1,4,C,0,1
24941,SACRAMENTO,SACRAMENTO,3,0,3,1,4,C,0,1
24942,SAN DIEGO,SAN DIEGO,3,0,4,1,4,C,1,1
24943,SAN DIEGO,SAN DIEGO,1,0,3,0,4,C,1,1
24944,SAN DIEGO,SAN DIEGO,3,0,3,1,4,C,1,1
24945,SAN DIEGO,CHULA VISTA,3,0,3,1,4,C,1,1
24946,SAN DIEGO,SAN DIEGO,3,0,4,0,4,C,1,1
24947,SAN DIEGO,SAN DIEGO,2,0,3,1,4,C,1,1
24948,SAN DIEGO,SAN DIEGO,1,0,3,0,4,C,1,0
24949,SAN DIEGO,SAN DIEGO,4,0,3,1,4,C,1,1
24950,SAN DIEGO,SAN DIEGO,6,0,3,1,4,C,1,1
24951,FRESNO,KINGSBURG,4,0,9,1,4,C,0,1
24952,SAN DIEGO,SANTEE,5,0,8,1,2,C,0,1
24953,SACRAMENTO,SACRAMENTO,1,0,3,1,2,C,1,1
24954,SACRAMENTO,SACRAMENTO,3,0,3,1,2,C,1,1
24955,SAN DIEGO,ESCONDIDO,7,0,3,1,2,C,0,1
24956,LOS ANGELES,LONG BEACH,5,0,8,1,4,C,0,0
24957,TULARE,FARMERSVILLE,6,0,3,1,3,C,0,1
24958,TULARE,FARMERSVILLE,6,0,3,1,3,C,0,1
24959,FRESNO,UNINCORPORATED,5,0,1,1,3,C,0,1
24960,MADERA,MADERA,4,0,3,1,2,C,0,1
24961,MADERA,MADERA,4,0,3,1,2,C,0,1
24962,SAN JOAQUIN,LATHROP,2,0,3,1,4,C,1,1
24963,LOS ANGELES,PICO RIVERA,2,0,3,0,2,C,0,0
24964,SACRAMENTO,SACRAMENTO,3,0,3,1,4,C,1,1
24965,SAN BERNARDINO,COLTON,2,0,3,1,2,C,1,0
24966,ALAMEDA,SAN LEANDRO,3,0,3,1,4,C,1,1
24967,ORANGE,ANAHEIM,2,0,3,0,4,C,1,1
24968,ALAMEDA,FREMONT,2,0,3,1,4,C,1,1
24969,ORANGE,IRVINE,4,0,3,1,4,C,1,1
24970,ORANGE,ORANGE,5,0,3,1,4,C,1,1
24971,ORANGE,FULLERTON,5,0,3,1,4,C,1,1
24972,ORANGE,ORANGE,1,0,3,0,4,C,1,1
24973,ORANGE,SANTA ANA,4,0,3,0,4,C,0,1
24974,ORANGE,ANAHEIM,2,0,3,1,4,C,1,1
24975,ALAMEDA,SAN LEANDRO,1,0,3,1,4,C,1,1
24976,ORANGE,HUNTINGTON BEACH,6,0,1,1,4,C,0,0
24977,SOLANO,FAIRFIELD,5,0,3,1,4,C,0,1
24978,FRESNO,SANGER,1,0,3,1,3,C,0,0
24979,KERN,UNINCORPORATED,5,0,3,1,4,C,1,1
24980,ORANGE,SANTA ANA,3,0,3,1,4,C,0,1
24981,ORANGE,SANTA ANA,3,0,3,1,4,C,0,1
24982,SOLANO,BENICIA,7,0,4,1,4,C,1,1
24983,SOLANO,FAIRFIELD,1,0,3,1,4,C,0,1
24984,SOLANO,FAIRFIELD,1,0,3,1,4,C,0,1
24985,LOS ANGELES,PASADENA,6,0,3,1,4,C,0,1
24986,LOS ANGELES,BURBANK,3,0,3,1,4,C,0,1
24987,LOS ANGELES,PASADENA,7,0,7,1,4,C,0,0
24988,STANISLAUS,MODESTO,3,0,3,1,4,C,0,0
24989,SAN JOAQUIN,TRACY,5,0,3,1,4,C,0,1
24990,LOS ANGELES,BURBANK,7,0,3,1,4,C,0,1
24991,STANISLAUS,MODESTO,2,0,8,1,4,C,0,0
24992,BUTTE,UNINCORPORATED,6,0,3,1,4,C,0,1
24993,BUTTE,UNINCORPORATED,2,0,1,1,4,C,1,1
24994,BUTTE,PARADISE,2,0,3,1,4,C,0,1
24995,STANISLAUS,MODESTO,5,0,3,1,4,C,0,1
24996,LOS ANGELES,LOS ANGELES,5,0,3,1,4,C,0,1
24997,BUTTE,PARADISE,5,0,3,1,4,C,0,1