ID,County,City,Weekday,Severity,ViolCat,ClearWeather,Month,CrashType,Highway,Daylight
26968,LOS ANGELES,LOS ANGELES,5,0,3,1,4,C,1,0
26969,LOS ANGELES,LOS ANGELES,6,0,3,1,4,C,1,0
26970,LOS ANGELES,LOS ANGELES,4,0,3,1,4,C,1,1
26971,STANISLAUS,UNINCORPORATED,5,0,3,1,4,C,0,1
26972,STANISLAUS,CERES,4,0,3,1,4,C,1,1
26973,STANISLAUS,UNINCORPORATED,2,0,3,1,4,C,1,1
26974,MARIN,UNINCORPORATED,2,0,3,1,4,C,1,1
26975,MARIN,UNINCORPORATED,6,0,3,1,4,C,1,1
26976,ORANGE,ANAHEIM,5,0,3,1,4,C,0,1
26977,ORANGE,ANAHEIM,3,0,3,1,4,C,0,0
26978,LOS ANGELES,HAWTHORNE,1,0,3,1,4,C,0,1
26979,ORANGE,SANTA ANA,1,0,3,1,5,C,0,1
26980,SACRAMENTO,SACRAMENTO,6,0,1,1,5,C,0,1
26981,SAN BERNARDINO,FONTANA,2,0,3,1,5,C,0,1
26982,SAN LUIS OBISPO,GROVER BEACH,7,0,1,1,5,C,0,0
26983,STANISLAUS,OAKDALE,5,0,3,1,4,C,1,1
26984,STANISLAUS,OAKDALE,5,0,3,1,4,C,1,1
26985,EL DORADO,UNINCORPORATED,3,0,3,1,5,C,0,1
26986,SAN DIEGO,NATIONAL CITY,2,0,4,1,5,C,0,0
26987,SACRAMENTO,ELK GROVE,6,0,3,1,5,C,0,1
26988,STANISLAUS,UNINCORPORATED,5,0,3,1,5,C,0,1
26989,KERN,UNINCORPORATED,2,0,3,1,4,C,0,1
26990,ORANGE,ANAHEIM,7,0,3,1,4,C,0,1
26991,RIVERSIDE,TEMECULA,5,0,9,1,4,C,0,1
26992,RIVERSIDE,TEMECULA,6,0,4,1,4,C,0,1
26993,MONTEREY,UNINCORPORATED,5,0,7,1,4,C,1,1
26994,MONTEREY,UNINCORPORATED,7,0,3,1,4,C,1,1
26995,LOS ANGELES,EL MONTE,5,0,3,1,4,C,1,0
26996,LOS ANGELES,SOUTH GATE,5,0,3,1,4,C,1,1
26997,LOS ANGELES,EL MONTE,6,0,3,1,4,C,1,1
26998,LOS ANGELES,LOS ANGELES,4,0,3,1,4,C,1,1
26999,LOS ANGELES,GLENDALE,3,0,3,1,4,C,1,1
27000,LOS ANGELES,LOS ANGELES,1,0,4,0,4,C,1,1
27001,LOS ANGELES,LOS ANGELES,4,0,3,1,4,C,1,1
27002,LOS ANGELES,BURBANK,4,0,3,1,4,C,1,1
27003,LOS ANGELES,PASADENA,2,0,3,1,4,C,1,1
27004,LOS ANGELES,GLENDALE,5,0,3,0,4,C,1,0
27005,LOS ANGELES,POMONA,4,0,3,0,4,C,1,1
27006,LOS ANGELES,POMONA,6,0,3,1,4,C,1,1
27007,LOS ANGELES,BALDWIN PARK,4,0,3,1,4,C,1,1
27008,LOS ANGELES,BALDWIN PARK,1,0,3,1,4,C,1,1
27009,LOS ANGELES,CALABASAS,7,0,3,1,4,C,0,1
27010,LOS ANGELES,WESTLAKE VILLAGE,5,0,3,1,4,C,0,1
27011,LOS ANGELES,POMONA,1,0,3,1,4,C,1,1
27012,LOS ANGELES,MONROVIA,5,1,3,1,4,C,1,1
27013,LOS ANGELES,POMONA,5,0,3,1,4,C,0,1
27014,LOS ANGELES,POMONA,6,0,3,1,4,C,1,0
27015,LOS ANGELES,IRWINDALE,4,0,3,1,4,C,0,1
27016,LOS ANGELES,DIAMOND BAR,4,0,3,1,4,C,1,1
27017,LOS ANGELES,DIAMOND BAR,6,0,3,1,4,C,1,1
27018,STANISLAUS,MODESTO,4,0,1,1,4,C,0,0
27019,SANTA CLARA,SAN JOSE,4,0,3,1,5,C,1,1
27020,SANTA CLARA,SAN JOSE,2,0,3,1,5,C,1,1
27021,SAN BENITO,UNINCORPORATED,5,0,3,1,4,C,1,1
27022,SAN BERNARDINO,RANCHO CUCAMONGA,3,0,3,1,5,C,0,1
27023,MARIN,SAN RAFAEL,3,0,4,1,5,C,1,1
27024,MARIN,CORTE MADERA,1,0,3,1,5,C,1,1
27025,SANTA CLARA,SAN JOSE,1,0,3,1,4,C,1,1
27026,LOS ANGELES,PALMDALE,4,0,7,0,5,C,1,1
27027,SAN DIEGO,ESCONDIDO,2,0,3,0,4,C,1,1
27028,SAN DIEGO,ESCONDIDO,2,0,3,1,5,C,0,1
27029,SAN FRANCISCO,SAN FRANCISCO,5,0,8,1,1,C,0,1
27030,SANTA CLARA,SAN JOSE,5,0,8,1,5,C,1,1
27031,SANTA CLARA,SAN JOSE,5,0,3,1,5,C,1,1
27032,SAN FRANCISCO,SAN FRANCISCO,1,0,3,1,1,C,0,1
27033,SANTA CLARA,SAN JOSE,7,0,3,1,5,C,1,0
27034,SANTA CLARA,MILPITAS,2,0,3,1,4,C,1,1
27035,MARIN,NOVATO,2,0,3,1,4,C,0,1
27036,SAN DIEGO,CARLSBAD,6,0,3,1,5,C,1,1
27037,MARIN,UNINCORPORATED,4,0,3,1,4,C,0,1
27038,SAN FRANCISCO,SAN FRANCISCO,1,0,4,1,2,C,0,1
27039,KERN,BAKERSFIELD,6,0,3,1,5,C,0,1
27040,LOS ANGELES,LOS ANGELES,2,0,12,1,4,C,0,1
27041,LOS ANGELES,LOS ANGELES,5,0,3,1,5,C,0,1
27042,LOS ANGELES,LOS ANGELES,5,0,3,1,4,C,0,1
27043,SAN FRANCISCO,SAN FRANCISCO,5,0,3,1,2,C,0,1
27044,LOS ANGELES,LOS ANGELES,6,0,6,1,4,C,0,1
27045,SAN FRANCISCO,SAN FRANCISCO,2,0,4,0,3,C,0,1
27046,LOS ANGELES,LOS ANGELES,6,0,3,1,4,C,0,1
27047,LOS ANGELES,LOS ANGELES,1,0,3,0,5,C,0,1
27048,LOS ANGELES,LOS ANGELES,4,0,4,1,4,C,0,1
27049,LOS ANGELES,LOS ANGELES,4,0,3,1,5,C,1,0
27050,RIVERSIDE,RIVERSIDE,3,0,1,1,5,C,1,1
27051,RIVERSIDE,CORONA,6,0,3,1,5,C,1,1
27052,RIVERSIDE,RIVERSIDE,2,0,3,0,5,C,1,1
27053,SAN MATEO,MENLO PARK,2,0,8,1,4,C,0,1
27054,SAN MATEO,MENLO PARK,5,0,3,1,5,C,1,1
27055,SAN MATEO,MENLO PARK,2,0,3,1,4,C,0,1
27056,LOS ANGELES,SANTA MONICA,2,0,3,1,5,C,0,1
27057,ORANGE,ORANGE,1,0,3,1,5,C,0,1
27058,LOS ANGELES,SANTA MONICA,7,0,1,1,5,C,0,0
27059,ORANGE,ORANGE,3,0,4,1,5,C,0,1
27060,SAN FRANCISCO,SAN FRANCISCO,4,0,4,0,3,C,0,1
27061,LOS ANGELES,MONTEBELLO,5,0,3,1,4,C,0,1
27062,LOS ANGELES,DIAMOND BAR,3,0,3,1,5,C,1,1
27063,LOS ANGELES,CLAREMONT,2,0,7,1,5,C,1,1
27064,LOS ANGELES,SAN DIMAS,4,0,3,1,5,C,1,1
27065,LOS ANGELES,CLAREMONT,4,0,3,1,5,C,1,0
27066,LOS ANGELES,IRWINDALE,2,0,7,0,5,C,0,1
27067,LOS ANGELES,SANTA MONICA,5,0,3,1,5,C,0,1
27068,LOS ANGELES,SANTA MONICA,7,0,3,1,5,C,0,1
27069,RIVERSIDE,CORONA,2,0,3,1,5,C,1,1
27070,LOS ANGELES,SANTA MONICA,1,0,3,1,5,C,0,1
27071,LOS ANGELES,SANTA MONICA,5,0,3,1,5,C,0,1
27072,SACRAMENTO,SACRAMENTO,1,0,3,0,5,C,1,1
27073,LOS ANGELES,SANTA MONICA,2,0,3,1,5,C,0,1
27074,ORANGE,ORANGE,1,0,3,1,5,C,0,1
27075,LOS ANGELES,GLENDALE,3,0,3,1,5,C,0,0
27076,LOS ANGELES,GLENDALE,2,0,3,1,5,C,0,0
27077,ORANGE,ORANGE,7,0,3,1,5,C,0,1
27078,VENTURA,VENTURA,4,0,3,1,5,C,0,1
27079,ORANGE,HUNTINGTON BEACH,2,0,3,1,5,C,0,1
27080,ORANGE,HUNTINGTON BEACH,2,0,3,1,5,C,0,1
27081,SANTA CLARA,PALO ALTO,1,0,3,1,5,C,0,1
27082,SANTA CLARA,PALO ALTO,2,0,3,1,5,C,0,1
27083,RIVERSIDE,BEAUMONT,4,0,3,0,5,C,1,1
27084,SANTA CLARA,SANTA CLARA,6,0,3,1,5,C,0,1
27085,RIVERSIDE,RANCHO MIRAGE,6,0,7,1,5,C,0,0
27086,VENTURA,VENTURA,1,0,3,1,5,C,0,1
27087,SANTA CLARA,SAN JOSE,7,0,3,1,5,C,1,1
27088,RIVERSIDE,PALM DESERT,2,0,3,1,5,C,0,1
27089,SANTA CLARA,CAMPBELL,7,0,3,1,5,C,1,1
27090,RIVERSIDE,CORONA,2,0,1,1,5,C,1,0
27091,ORANGE,HUNTINGTON BEACH,2,0,3,1,5,C,0,1
27092,SAN BERNARDINO,RANCHO CUCAMONGA,1,0,3,0,5,C,0,1
27093,RIVERSIDE,RIVERSIDE,6,0,3,1,5,C,1,1
27094,ORANGE,HUNTINGTON BEACH,6,0,1,0,5,C,0,0
27095,SANTA CLARA,SANTA CLARA,6,0,3,1,5,C,0,1
27096,RIVERSIDE,RIVERSIDE,5,1,7,1,5,C,1,1
27097,MARIN,NOVATO,5,0,3,1,5,C,1,1
27098,ORANGE,HUNTINGTON BEACH,1,0,1,1,5,C,1,1
27099,SANTA CLARA,SAN JOSE,7,0,3,1,5,C,1,1
27100,MARIN,SAN RAFAEL,1,0,3,1,5,C,0,1
27101,MARIN,NOVATO,5,0,3,1,5,C,1,1
27102,RIVERSIDE,RIVERSIDE,2,0,3,1,5,C,1,1
27103,FRESNO,FRESNO,3,0,3,0,5,C,0,1
27104,SAN DIEGO,CHULA VISTA,5,0,3,1,4,C,0,1
27105,FRESNO,UNINCORPORATED,4,0,3,1,5,C,0,1
27106,SAN DIEGO,CHULA VISTA,3,0,3,0,4,C,0,1
27107,FRESNO,FRESNO,3,0,3,1,5,C,1,1
27108,FRESNO,UNINCORPORATED,3,0,3,1,5,C,0,1
27109,SAN DIEGO,CHULA VISTA,4,0,3,1,4,C,0,1
27110,SAN DIEGO,CHULA VISTA,5,0,3,1,4,C,0,1
27111,FRESNO,FRESNO,2,0,3,1,5,C,1,1
27112,SAN DIEGO,SAN DIEGO,4,0,3,1,5,C,1,1
27113,SOLANO,FAIRFIELD,1,0,12,1,5,C,0,1
27114,ALAMEDA,BERKELEY,5,0,3,1,4,C,1,1
27115,SUTTER,YUBA CITY,4,0,3,1,5,C,0,1
27116,LOS ANGELES,MALIBU,7,0,1,1,5,C,1,0
27117,RIVERSIDE,INDIO,1,0,3,1,4,C,0,0
27118,SUTTER,YUBA CITY,2,0,3,1,5,C,0,1
27119,LOS ANGELES,AGOURA HILLS,1,0,3,1,4,C,0,1
27120,ORANGE,SANTA ANA,2,0,3,1,5,C,0,1
27121,RIVERSIDE,INDIO,7,0,3,1,4,C,0,0
27122,SAN DIEGO,SAN DIEGO,3,0,3,1,5,C,0,1
27123,ALAMEDA,BERKELEY,7,0,3,1,4,C,0,1
27124,MARIN,SAN RAFAEL,4,0,3,1,5,C,1,1
27125,SAN DIEGO,ESCONDIDO,1,0,3,0,5,C,0,1
27126,SAN DIEGO,ESCONDIDO,1,0,3,1,5,C,0,1
27127,ORANGE,SANTA ANA,6,0,3,1,5,C,0,1
27128,SAN DIEGO,ESCONDIDO,2,0,3,1,4,C,0,1
27129,ALAMEDA,UNION CITY,3,0,3,1,5,C,1,1
27130,NEVADA,UNINCORPORATED,1,0,3,1,5,C,0,1
27131,ALAMEDA,BERKELEY,5,0,3,1,4,C,0,1
27132,MERCED,UNINCORPORATED,7,0,3,1,5,C,0,1
27133,SAN LUIS OBISPO,UNINCORPORATED,5,0,3,1,5,C,0,1
27134,SACRAMENTO,SACRAMENTO,2,0,3,1,5,C,0,1
27135,RIVERSIDE,MORENO VALLEY,4,0,3,1,5,C,1,1
27136,YOLO,UNINCORPORATED,1,0,3,1,4,C,1,1
27137,RIVERSIDE,INDIAN WELLS,1,0,3,1,4,C,0,1
27138,SANTA CLARA,SAN JOSE,5,0,3,1,5,C,1,1
27139,SAN DIEGO,ESCONDIDO,1,0,3,0,5,C,1,1
27140,SANTA CLARA,SAN JOSE,2,0,3,1,5,C,1,1
27141,SANTA CLARA,SAN JOSE,2,0,7,1,5,C,1,1
27142,SAN MATEO,MENLO PARK,1,0,4,1,4,C,0,1
27143,SAN MATEO,MENLO PARK,5,0,3,1,4,C,0,1
27144,LOS ANGELES,GLENDALE,1,0,3,1,4,C,0,1
27145,SAN DIEGO,OCEANSIDE,2,0,3,1,5,C,0,1
27146,SAN FRANCISCO,SAN FRANCISCO,3,0,4,0,3,C,0,1
27147,LOS ANGELES,MONTEBELLO,5,0,3,1,4,C,0,1
27148,SAN FRANCISCO,SAN FRANCISCO,2,0,3,1,3,C,0,0
27149,LOS ANGELES,MONTEBELLO,2,0,3,0,4,C,0,1
27150,SAN BERNARDINO,SAN BERNARDINO,3,0,7,1,2,C,0,0
27151,KERN,BAKERSFIELD,1,0,3,1,5,C,0,1
27152,LOS ANGELES,GLENDALE,1,0,3,1,5,C,1,1
27153,SAN JOAQUIN,STOCKTON,1,0,4,1,4,C,1,1
27154,SAN JOAQUIN,UNINCORPORATED,6,0,3,1,4,C,1,0
27155,RIVERSIDE,BEAUMONT,2,0,7,1,4,C,1,0
27156,SAN JOAQUIN,UNINCORPORATED,2,0,4,1,4,C,0,1
27157,SAN BERNARDINO,ONTARIO,6,0,3,1,4,C,1,1
27158,LOS ANGELES,LOS ANGELES,1,0,3,1,5,C,1,1
27159,PLACER,ROSEVILLE,1,0,3,1,4,C,1,1
27160,SONOMA,UNINCORPORATED,5,0,3,1,5,C,0,0
27161,RIVERSIDE,LAKE ELSINORE,1,0,3,1,4,C,0,1
27162,LOS ANGELES,LOS ANGELES,3,0,3,1,5,C,1,0
27163,PLACER,UNINCORPORATED,6,0,3,1,4,C,0,0
27164,SONOMA,UNINCORPORATED,3,0,3,1,5,C,1,1
27165,NAPA,UNINCORPORATED,7,0,3,1,4,C,1,1
27166,ALAMEDA,OAKLAND,5,0,3,1,5,C,1,1
27167,ALAMEDA,LIVERMORE,1,0,3,1,5,C,1,0
27168,ALAMEDA,LIVERMORE,4,0,3,1,4,C,1,1
27169,ALAMEDA,LIVERMORE,3,0,3,1,5,C,0,1
27170,ALAMEDA,LIVERMORE,1,0,3,1,4,C,0,1
27171,SONOMA,UNINCORPORATED,3,1,3,1,5,C,1,1
27172,SAN BERNARDINO,RANCHO CUCAMONGA,2,0,3,0,5,C,1,1
27173,SAN BERNARDINO,ONTARIO,2,0,3,0,5,C,0,1
27174,PLACER,UNINCORPORATED,4,0,8,1,5,C,0,0
27175,SACRAMENTO,SACRAMENTO,7,0,1,1,5,C,0,1
27176,ORANGE,LA HABRA,1,0,3,1,5,C,0,1
27177,ORANGE,FOUNTAIN VALLEY,3,0,3,1,5,C,0,1
27178,SAN BERNARDINO,RANCHO CUCAMONGA,3,0,3,1,5,C,1,1
27179,LOS ANGELES,SANTA CLARITA,6,0,3,1,5,C,0,0
27180,SAN BERNARDINO,UPLAND,5,0,3,1,5,C,0,0
27181,SAN BERNARDINO,CHINO,5,0,3,1,5,C,1,1
27182,SAN BERNARDINO,ONTARIO,6,0,3,1,5,C,1,1
27183,LOS ANGELES,LA MIRADA,4,0,4,0,4,C,0,1
27184,SAN MATEO,FOSTER CITY,5,0,3,1,4,C,0,1
27185,SHASTA,UNINCORPORATED,6,0,1,1,4,C,1,0
27186,LOS ANGELES,PALMDALE,5,0,3,1,4,C,0,1
27187,VENTURA,CAMARILLO,6,0,1,1,4,C,1,1
27188,PLACER,UNINCORPORATED,3,0,3,1,5,C,0,1
27189,ORANGE,LA HABRA,5,0,3,1,5,C,0,0
27190,SAN DIEGO,SAN DIEGO,3,0,3,1,4,C,0,1
27191,SAN MATEO,FOSTER CITY,1,0,3,1,4,C,0,1
27192,BUTTE,UNINCORPORATED,2,0,3,1,5,C,1,0
27193,CONTRA COSTA,SAN RAMON,5,0,3,1,5,C,0,1
27194,VENTURA,CAMARILLO,3,0,3,1,5,C,1,1
27195,SAN DIEGO,SAN DIEGO,4,0,3,1,5,C,0,1
27196,CONTRA COSTA,SAN RAMON,5,0,3,1,5,C,0,1
27197,CONTRA COSTA,SAN RAMON,4,0,8,1,5,C,0,0
27198,CONTRA COSTA,UNINCORPORATED,2,0,3,1,5,C,0,1
27199,ALAMEDA,OAKLAND,2,0,3,1,5,C,1,0
27200,LOS ANGELES,LOS ANGELES,3,0,1,1,5,C,0,0
27201,ALAMEDA,BERKELEY,3,0,3,1,5,C,1,1
27202,SOLANO,UNINCORPORATED,6,0,3,1,5,C,1,0
27203,LOS ANGELES,LOS ANGELES,5,0,3,1,5,C,1,1
27204,SAN DIEGO,SAN DIEGO,7,0,3,0,5,C,0,0
27205,LOS ANGELES,LOS ANGELES,6,0,4,1,5,C,0,0
27206,LOS ANGELES,LOS ANGELES,5,0,3,1,5,C,1,1
27207,SAN DIEGO,SAN DIEGO,4,0,3,1,5,C,0,1
27208,LOS ANGELES,LOS ANGELES,1,0,3,0,5,C,0,1
27209,SAN DIEGO,SAN DIEGO,3,0,3,0,5,C,0,1
27210,PLACER,ROSEVILLE,4,0,3,1,5,C,0,1
27211,SAN DIEGO,SAN DIEGO,2,0,3,0,5,C,0,1
27212,PLACER,ROSEVILLE,5,0,8,1,5,C,1,1
27213,PLACER,ROSEVILLE,5,0,4,1,5,C,1,1
27214,VENTURA,UNINCORPORATED,7,0,3,1,5,C,1,1
27215,LOS ANGELES,LOS ANGELES,6,0,3,1,3,C,0,1
27216,LOS ANGELES,LOS ANGELES,6,0,3,1,3,C,0,1
27217,LOS ANGELES,LOS ANGELES,4,0,3,1,3,C,0,1
27218,GLENN,UNINCORPORATED,5,0,3,1,5,C,0,1
27219,LOS ANGELES,LOS ANGELES,4,0,3,1,3,C,0,1
27220,LOS ANGELES,PALMDALE,1,0,4,0,5,C,0,1
27221,KINGS,HANFORD,5,0,3,1,5,C,0,1
27222,SAN FRANCISCO,SAN FRANCISCO,5,0,3,1,3,C,0,1
27223,VENTURA,THOUSAND OAKS,4,0,3,1,5,C,0,0
27224,VENTURA,THOUSAND OAKS,5,0,7,1,5,C,0,1
27225,SAN BERNARDINO,VICTORVILLE,1,0,3,1,5,C,0,0
27226,VENTURA,UNINCORPORATED,4,0,8,1,5,C,1,1
27227,SAN FRANCISCO,SAN FRANCISCO,5,0,3,1,3,C,0,1
27228,LOS ANGELES,LOS ANGELES,5,0,3,1,4,C,0,1
27229,SONOMA,UNINCORPORATED,7,0,3,1,4,C,0,1
27230,NAPA,UNINCORPORATED,5,0,3,1,4,C,1,0
27231,LOS ANGELES,PASADENA,6,0,3,1,3,C,1,1
27232,LOS ANGELES,LOS ANGELES,2,0,3,1,4,C,0,1
27233,LOS ANGELES,LOS ANGELES,3,0,3,1,4,C,0,1
27234,LOS ANGELES,LOS ANGELES,6,0,1,1,4,C,0,0
27235,LOS ANGELES,LOS ANGELES,6,0,7,1,5,C,1,1
27236,ORANGE,LAGUNA HILLS,6,0,3,1,4,C,1,1
27237,CONTRA COSTA,SAN PABLO,2,0,4,1,4,C,0,1
27238,ORANGE,RCHO SNTA MARGARITA,4,0,7,1,4,C,1,1
27239,ORANGE,ALISO VIEJO,3,0,3,1,4,C,0,1
27240,ORANGE,DANA POINT,7,0,1,0,4,C,0,1
27241,ORANGE,LOS ALAMITOS,5,0,3,1,4,C,0,1
27242,SAN BERNARDINO,FONTANA,3,0,3,1,4,C,0,1
27243,SAN JOAQUIN,UNINCORPORATED,5,0,3,1,4,C,1,1
27244,SAN JOAQUIN,UNINCORPORATED,3,0,3,1,4,C,0,1
27245,SAN JOAQUIN,UNINCORPORATED,1,0,3,1,4,C,1,1
27246,SAN LUIS OBISPO,PASO ROBLES,5,0,3,1,4,C,0,1
27247,ALAMEDA,HAYWARD,6,0,7,1,4,C,1,1
27248,STANISLAUS,CERES,5,0,4,1,5,C,0,1
27249,VENTURA,THOUSAND OAKS,7,0,3,1,5,C,0,1
27250,ORANGE,SAN CLEMENTE,6,0,3,1,5,C,1,1
27251,VENTURA,OXNARD,7,0,9,0,5,C,0,0
27252,VENTURA,OXNARD,2,0,3,1,5,C,0,1
27253,ORANGE,LAGUNA HILLS,5,0,3,1,5,C,1,1
27254,ORANGE,SAN CLEMENTE,6,0,3,0,5,C,1,0
27255,ORANGE,MISSION VIEJO,5,0,3,1,5,C,1,1
27256,LOS ANGELES,LOS ANGELES,1,1,3,0,5,C,1,0
27257,LOS ANGELES,LOS ANGELES,2,0,3,0,5,C,1,1
27258,LOS ANGELES,LOS ANGELES,5,0,3,1,5,C,0,1
27259,ORANGE,SANTA ANA,7,0,1,1,5,C,0,1
27260,LOS ANGELES,LOS ANGELES,5,0,3,1,5,C,0,1
27261,ORANGE,HUNTINGTON BEACH,2,0,3,1,5,C,0,1
27262,ORANGE,HUNTINGTON BEACH,3,0,3,1,5,C,0,1
27263,SAN LUIS OBISPO,SAN LUIS OBISPO,5,0,3,1,5,C,1,1
27264,LOS ANGELES,REDONDO BEACH,4,0,4,0,5,C,0,0
27265,MARIN,SAN RAFAEL,2,0,3,1,5,C,0,1
27266,ORANGE,COSTA MESA,5,0,8,1,5,C,0,1
27267,ORANGE,LOS ALAMITOS,2,0,3,0,5,C,0,1
27268,ALAMEDA,FREMONT,4,0,7,1,5,C,1,1
27269,ALAMEDA,PLEASANTON,6,0,3,1,4,C,1,1
27270,ALAMEDA,LIVERMORE,3,0,3,1,4,C,1,1
27271,MONTEREY,UNINCORPORATED,7,0,1,1,4,C,1,0
27272,LOS ANGELES,LONG BEACH,4,0,4,1,4,C,0,1
27273,SANTA CLARA,CUPERTINO,3,0,3,1,4,C,0,1
27274,SAN DIEGO,SAN DIEGO,5,0,8,1,4,C,0,1
27275,LOS ANGELES,LOS ANGELES,2,0,4,1,4,C,0,1
27276,LOS ANGELES,LOS ANGELES,2,0,3,1,4,C,0,0
27277,SACRAMENTO,SACRAMENTO,4,0,3,1,4,C,0,1
27278,ORANGE,ANAHEIM,4,0,3,1,5,C,0,1
27279,ORANGE,ANAHEIM,5,0,8,1,5,C,0,1
27280,ORANGE,ANAHEIM,7,0,1,1,5,C,0,1
27281,ORANGE,ANAHEIM,7,0,3,0,5,C,0,1
27282,ORANGE,ANAHEIM,3,0,8,1,5,C,0,0
27283,RIVERSIDE,TEMECULA,4,0,3,1,5,C,0,1
27284,RIVERSIDE,TEMECULA,5,0,3,1,5,C,1,1
27285,RIVERSIDE,TEMECULA,7,0,1,0,5,C,1,1
27286,RIVERSIDE,TEMECULA,1,0,3,0,5,C,1,1
27287,MONTEREY,UNINCORPORATED,5,0,3,1,5,C,1,1
27288,MONTEREY,UNINCORPORATED,5,0,3,1,5,C,0,1
27289,LOS ANGELES,WESTLAKE VILLAGE,6,0,1,1,5,C,0,1
27290,SAN DIEGO,SAN DIEGO,3,0,3,1,5,C,0,1
27291,SAN DIEGO,SAN DIEGO,2,0,3,0,5,C,0,1
27292,STANISLAUS,UNINCORPORATED,4,0,1,1,5,C,1,0
27293,STANISLAUS,UNINCORPORATED,1,0,3,1,5,C,0,1
27294,LOS ANGELES,WHITTIER,3,0,3,1,5,C,0,1
27295,SANTA CLARA,SAN JOSE,3,0,3,1,5,C,0,1
27296,LOS ANGELES,LANCASTER,5,0,3,1,5,C,0,1
27297,RIVERSIDE,RIVERSIDE,1,0,3,0,5,C,0,1
27298,RIVERSIDE,MORENO VALLEY,1,0,8,0,5,C,0,1
27299,RIVERSIDE,MORENO VALLEY,4,0,3,1,4,C,0,1
27300,RIVERSIDE,MORENO VALLEY,6,0,9,1,4,C,0,1
27301,RIVERSIDE,MORENO VALLEY,2,0,3,1,5,C,0,1
27302,TULARE,UNINCORPORATED,2,0,3,1,5,C,0,1
27303,TULARE,VISALIA,6,0,3,1,5,C,0,1
27304,TULARE,UNINCORPORATED,5,0,4,1,5,C,1,1
27305,LOS ANGELES,MONROVIA,4,1,3,1,1,C,0,1
27306,LOS ANGELES,MONROVIA,3,0,3,1,1,C,0,1
27307,SAN BERNARDINO,UPLAND,3,0,3,1,1,C,0,1
27308,SAN BERNARDINO,UPLAND,4,0,3,1,1,C,0,1
27309,SAN BERNARDINO,UPLAND,6,0,3,1,1,C,0,1
27310,SAN BERNARDINO,UPLAND,5,0,8,1,1,C,0,0
27311,SANTA CLARA,SAN JOSE,3,0,3,0,1,C,0,0
27312,LOS ANGELES,LOS ANGELES,2,0,1,1,3,C,1,1
27313,LOS ANGELES,LOS ANGELES,7,0,3,1,3,C,1,0
27314,LOS ANGELES,PASADENA,6,0,3,1,3,C,1,1
27315,LOS ANGELES,LONG BEACH,4,0,8,1,3,C,0,1
27316,LOS ANGELES,EL MONTE,7,0,1,1,3,C,1,0
27317,ORANGE,FULLERTON,2,0,3,1,3,C,0,1
27318,ORANGE,FULLERTON,3,0,3,1,3,C,0,0
27319,ORANGE,FULLERTON,6,0,3,1,3,C,0,1
27320,SAN LUIS OBISPO,SAN LUIS OBISPO,1,0,4,1,3,C,0,1
27321,LOS ANGELES,DIAMOND BAR,5,0,3,1,3,C,1,1
27322,RIVERSIDE,TEMECULA,2,1,3,1,3,C,0,1
27323,LOS ANGELES,LOS ANGELES,4,0,3,1,3,C,1,1
27324,LOS ANGELES,PASADENA,4,0,3,1,3,C,1,1
27325,SAN BERNARDINO,CHINO HILLS,5,0,3,1,3,C,0,1
27326,LOS ANGELES,LA PUENTE,1,0,3,1,2,C,0,1
27327,SAN BERNARDINO,VICTORVILLE,1,0,3,1,2,C,0,1
27328,SANTA CLARA,CUPERTINO,6,0,3,1,3,C,0,1
27329,LOS ANGELES,POMONA,3,0,3,1,3,C,0,0
27330,SAN DIEGO,SAN DIEGO,3,0,3,0,5,C,1,1
27331,RIVERSIDE,DESERT HOT SPRINGS,3,0,4,1,2,C,0,0
27332,CONTRA COSTA,UNINCORPORATED,2,0,3,1,5,C,1,1
27333,CONTRA COSTA,UNINCORPORATED,2,0,3,1,5,C,1,1
27334,SAN DIEGO,SAN DIEGO,4,0,3,1,5,C,1,1
27335,SAN DIEGO,SAN DIEGO,5,0,7,1,4,C,1,1
27336,LOS ANGELES,LOS ANGELES,7,0,3,1,5,C,0,0
27337,LOS ANGELES,LOS ANGELES,2,0,4,1,5,C,0,1
27338,KERN,UNINCORPORATED,5,0,1,1,5,C,0,1
27339,SAN FRANCISCO,SAN FRANCISCO,3,0,3,1,5,C,1,1
27340,TULARE,UNINCORPORATED,6,0,8,1,5,C,0,1
27341,KERN,UNINCORPORATED,3,0,3,1,5,C,0,1
27342,SAN FRANCISCO,SAN FRANCISCO,1,0,3,1,4,C,1,1
27343,KERN,UNINCORPORATED,4,0,3,1,5,C,1,1
27344,KERN,UNINCORPORATED,2,0,3,1,5,C,0,0
27345,KERN,UNINCORPORATED,6,0,1,1,5,C,0,1
27346,TEHAMA,RED BLUFF,3,1,1,1,5,C,1,0
27347,SAN DIEGO,EL CAJON,1,0,3,1,5,C,0,1
27348,KERN,UNINCORPORATED,7,0,3,1,5,C,1,1
27349,KERN,UNINCORPORATED,6,0,1,1,5,C,0,1
27350,KERN,UNINCORPORATED,7,0,3,0,5,C,0,1
27351,KERN,UNINCORPORATED,1,0,3,1,5,C,0,1
27352,LOS ANGELES,LOS ANGELES,1,0,3,0,5,C,0,1
27353,TULARE,LINDSAY,6,0,3,1,4,C,0,0
27354,SAN DIEGO,SAN DIEGO,4,0,7,1,5,C,1,1
27355,SAN DIEGO,SAN DIEGO,3,0,3,1,5,C,0,1
27356,LOS ANGELES,LOS ANGELES,3,0,3,1,5,C,0,1
27357,LOS ANGELES,DOWNEY,5,0,1,1,5,C,0,0
27358,LOS ANGELES,DOWNEY,3,0,3,1,5,C,0,1