ID,County,City,Weekday,Severity,ViolCat,ClearWeather,Month,CrashType,Highway,Daylight
28138,SANTA CLARA,CAMPBELL,1,0,3,1,5,C,0,1
28139,SANTA CLARA,SAN JOSE,2,0,1,1,5,C,0,0
28140,SANTA CLARA,SARATOGA,3,0,3,1,5,C,1,1
28141,VENTURA,SIMI VALLEY,6,0,3,0,5,C,0,1
28142,SAN JOAQUIN,UNINCORPORATED,6,0,3,1,5,C,0,1
28143,VENTURA,CAMARILLO,1,0,3,0,5,C,0,1
28144,VENTURA,CAMARILLO,1,0,4,1,5,C,0,1
28145,ORANGE,IRVINE,3,0,3,1,5,C,0,1
28146,SANTA CLARA,SAN JOSE,1,0,3,1,5,C,1,1
28147,SANTA CLARA,SANTA CLARA,4,0,3,1,5,C,0,1
28148,SANTA CLARA,SUNNYVALE,7,0,3,1,5,C,1,0
28149,LOS ANGELES,HUNTINGTON PARK,5,0,3,1,5,C,0,1
28150,LOS ANGELES,HUNTINGTON PARK,4,0,3,0,5,C,0,1
28151,SANTA CLARA,SAN JOSE,2,0,3,1,5,C,0,1
28152,SANTA CLARA,SAN JOSE,7,0,3,1,5,C,0,1
28153,SANTA CLARA,SAN JOSE,4,0,3,1,5,C,0,1
28154,SANTA CLARA,SAN JOSE,4,0,3,0,5,C,0,1
28155,ORANGE,SANTA ANA,4,0,3,0,5,C,0,1
28156,ORANGE,BREA,4,0,3,1,5,C,1,1
28157,ORANGE,COSTA MESA,4,0,3,1,5,C,1,1
28158,SAN DIEGO,SAN DIEGO,4,0,3,1,5,C,1,1
28159,RIVERSIDE,CORONA,5,0,3,1,5,C,1,1
28160,RIVERSIDE,CORONA,1,0,3,0,5,C,1,1
28161,SAN MATEO,BURLINGAME,3,0,3,1,5,C,0,1
28162,SAN LUIS OBISPO,GROVER BEACH,6,0,3,1,5,C,0,1
28163,SAN DIEGO,NATIONAL CITY,6,0,3,1,5,C,0,1
28164,HUMBOLDT,ARCATA,4,0,4,1,3,C,0,1
28165,LOS ANGELES,PARAMOUNT,5,0,3,0,3,C,0,1
28166,SAN DIEGO,SAN DIEGO,2,0,3,0,4,C,1,1
28167,SAN DIEGO,SAN DIEGO,1,0,3,0,4,C,1,1
28168,RIVERSIDE,INDIAN WELLS,7,1,1,1,3,C,0,0
28169,SAN JOAQUIN,TRACY,2,0,3,1,5,C,0,1
28170,SAN BERNARDINO,ONTARIO,1,1,1,0,5,C,0,1
28171,KINGS,HANFORD,7,0,3,1,5,C,0,1
28172,ORANGE,MISSION VIEJO,3,0,1,1,5,C,0,1
28173,KERN,UNINCORPORATED,5,0,3,1,5,C,1,1
28174,KERN,UNINCORPORATED,6,0,1,1,5,C,0,1
28175,SAN BERNARDINO,HESPERIA,3,0,4,1,5,C,0,1
28176,KERN,BAKERSFIELD,2,0,3,1,5,C,1,1
28177,NAPA,UNINCORPORATED,5,0,3,1,5,C,1,1
28178,ORANGE,ANAHEIM,6,0,3,1,5,C,0,1
28179,KERN,BAKERSFIELD,4,0,3,1,5,C,0,1
28180,LOS ANGELES,HUNTINGTON PARK,7,0,3,1,5,C,0,1
28181,ORANGE,NEWPORT BEACH,1,0,3,1,5,C,1,1
28182,SAN JOAQUIN,UNINCORPORATED,2,0,3,1,5,C,1,1
28183,ORANGE,YORBA LINDA,5,0,3,1,5,C,0,1
28184,RIVERSIDE,PALM DESERT,1,0,4,1,5,C,0,1
28185,SAN BERNARDINO,HESPERIA,4,1,3,1,5,C,1,0
28186,LOS ANGELES,NORWALK,1,0,3,1,5,C,0,0
28187,SAN BERNARDINO,VICTORVILLE,4,0,9,1,5,C,0,1
28188,BUTTE,UNINCORPORATED,5,0,3,1,5,C,1,1
28189,SAN DIEGO,ESCONDIDO,1,0,3,1,5,C,0,1
28190,SAN DIEGO,ESCONDIDO,5,0,3,1,5,C,0,1
28191,SAN BERNARDINO,ADELANTO,6,0,3,1,4,C,0,1
28192,EL DORADO,PLACERVILLE,2,0,3,1,4,C,1,1
28193,ORANGE,HUNTINGTON BEACH,2,0,1,1,5,C,1,0
28194,ORANGE,NEWPORT BEACH,5,0,1,1,5,C,1,1
28195,NAPA,AMERICAN CANYON,5,0,3,1,5,C,1,1
28196,LOS ANGELES,NORWALK,5,0,3,1,4,C,0,1
28197,MONTEREY,SALINAS,5,0,3,1,4,C,0,0
28198,MERCED,MERCED,1,0,4,1,5,C,0,1
28199,RIVERSIDE,LAKE ELSINORE,5,0,3,1,5,C,1,1
28200,STANISLAUS,MODESTO,3,0,3,1,5,C,0,1
28201,ORANGE,IRVINE,2,0,3,1,5,C,0,1
28202,ORANGE,IRVINE,1,0,3,1,5,C,0,1
28203,ORANGE,IRVINE,4,0,3,1,5,C,0,1
28204,LOS ANGELES,GLENDALE,1,0,3,1,5,C,0,1
28205,SAN DIEGO,CARLSBAD,5,0,3,1,5,C,0,1
28206,LOS ANGELES,GLENDALE,6,0,3,1,5,C,0,1
28207,LOS ANGELES,COMPTON,6,0,4,1,5,C,0,0
28208,SAN DIEGO,CARLSBAD,6,0,3,0,5,C,0,0
28209,MONTEREY,SALINAS,3,0,3,1,5,C,0,1
28210,MONTEREY,SALINAS,5,0,3,1,5,C,0,1
28211,MONTEREY,SALINAS,5,0,3,1,5,C,0,1
28212,SACRAMENTO,SACRAMENTO,7,0,3,0,5,C,0,0
28213,IMPERIAL,EL CENTRO,5,0,3,1,5,C,0,1
28214,SACRAMENTO,ELK GROVE,2,0,3,1,5,C,0,1
28215,SACRAMENTO,ELK GROVE,4,0,3,1,5,C,0,1
28216,VENTURA,OXNARD,2,0,1,1,5,C,1,1
28217,LOS ANGELES,HERMOSA BEACH,5,0,3,1,5,C,1,1
28218,VENTURA,OXNARD,5,0,4,1,5,C,0,1
28219,NAPA,NAPA,4,0,3,1,5,C,1,1
28220,NAPA,NAPA,2,0,3,1,5,C,0,1
28221,LOS ANGELES,NORWALK,1,0,4,0,5,C,0,1
28222,RIVERSIDE,MORENO VALLEY,4,0,3,1,5,C,0,0
28223,RIVERSIDE,MORENO VALLEY,5,0,4,1,5,C,0,1
28224,SONOMA,PETALUMA,2,0,3,1,5,C,0,1
28225,VENTURA,CAMARILLO,1,0,3,1,5,C,0,1
28226,FRESNO,UNINCORPORATED,2,0,3,1,5,C,0,0
28227,FRESNO,FRESNO,5,0,3,1,5,C,1,1
28228,LOS ANGELES,LOS ANGELES,2,0,3,1,5,C,0,0
28229,SAN FRANCISCO,SAN FRANCISCO,4,0,7,1,5,C,1,0
28230,LASSEN,UNINCORPORATED,4,0,3,1,5,C,1,1
28231,LOS ANGELES,LOS ANGELES,7,0,7,1,5,C,1,1
28232,LOS ANGELES,LOS ANGELES,1,0,3,1,5,C,1,1
28233,LOS ANGELES,LOS ANGELES,5,0,8,1,5,C,0,1
28234,LOS ANGELES,LOS ANGELES,4,0,3,1,5,C,1,1
28235,LOS ANGELES,LOS ANGELES,4,0,3,1,5,C,1,1
28236,MONTEREY,MONTEREY,3,0,3,1,5,C,0,1
28237,LOS ANGELES,PALMDALE,3,0,3,1,5,C,0,1
28238,LOS ANGELES,PALMDALE,6,0,1,1,5,C,0,1
28239,LOS ANGELES,SOUTH GATE,1,0,3,1,5,C,0,1
28240,ORANGE,GARDEN GROVE,2,0,3,1,5,C,0,1
28241,KERN,BAKERSFIELD,3,0,12,1,5,C,0,0
28242,SAN MATEO,MILLBRAE,1,0,3,1,5,C,0,1
28243,SAN BERNARDINO,RANCHO CUCAMONGA,3,0,3,1,5,C,1,0
28244,SAN BERNARDINO,ONTARIO,5,0,3,1,5,C,1,1
28245,LOS ANGELES,LOS ANGELES,1,0,7,1,5,C,0,1
28246,LOS ANGELES,COMPTON,5,0,3,1,5,C,0,0
28247,TULARE,PORTERVILLE,7,0,8,1,5,C,0,1
28248,RIVERSIDE,TEMECULA,7,0,1,1,5,C,0,0
28249,LOS ANGELES,LOS ANGELES,4,0,4,1,5,C,0,1
28250,LOS ANGELES,LOS ANGELES,6,0,3,1,5,C,0,0
28251,ORANGE,COSTA MESA,3,0,3,1,5,C,0,1
28252,LOS ANGELES,LOS ANGELES,1,0,3,1,5,C,0,0
28253,LOS ANGELES,LOS ANGELES,4,0,4,1,5,C,0,1
28254,LOS ANGELES,LOS ANGELES,3,0,4,1,5,C,0,1
28255,SOLANO,FAIRFIELD,1,0,4,1,5,C,0,0
28256,SAN BERNARDINO,APPLE VALLEY,1,0,3,1,4,C,0,0
28257,SUTTER,YUBA CITY,4,0,3,1,5,C,1,1
28258,FRESNO,UNINCORPORATED,2,0,3,1,5,C,0,1
28259,FRESNO,UNINCORPORATED,1,0,3,1,5,C,1,1
28260,SUTTER,YUBA CITY,4,0,4,1,5,C,0,1
28261,LOS ANGELES,LANCASTER,4,0,4,1,5,C,0,1
28262,FRESNO,FRESNO,6,0,3,1,5,C,1,1
28263,FRESNO,FRESNO,1,0,3,1,5,C,0,1
28264,SONOMA,UNINCORPORATED,5,0,3,1,5,C,1,1
28265,FRESNO,UNINCORPORATED,6,0,3,1,5,C,0,1
28266,MARIN,UNINCORPORATED,4,0,3,1,5,C,1,1
28267,MARIN,UNINCORPORATED,1,0,3,1,5,C,0,0
28268,SUTTER,YUBA CITY,1,0,3,1,5,C,0,1
28269,MARIN,UNINCORPORATED,7,0,4,1,5,C,1,1
28270,LOS ANGELES,LONG BEACH,4,0,3,1,5,C,0,1
28271,ORANGE,SANTA ANA,3,0,3,1,5,C,0,1
28272,ORANGE,LA HABRA,6,0,3,1,5,C,0,1
28273,ORANGE,SANTA ANA,5,0,3,1,5,C,0,1
28274,LOS ANGELES,LONG BEACH,4,0,3,1,5,C,0,1
28275,RIVERSIDE,RIVERSIDE,4,0,3,0,5,C,0,1
28276,MERCED,MERCED,6,0,3,1,5,C,1,1
28277,SAN MATEO,REDWOOD CITY,7,0,3,1,5,C,0,1
28278,ORANGE,LA HABRA,6,0,3,1,5,C,1,1
28279,YOLO,UNINCORPORATED,3,0,1,1,5,C,0,1
28280,SAN MATEO,REDWOOD CITY,6,0,3,1,5,C,0,1
28281,MERCED,UNINCORPORATED,1,0,3,1,5,C,0,1
28282,SOLANO,FAIRFIELD,3,0,3,1,5,C,1,1
28283,ALAMEDA,SAN LEANDRO,4,0,3,1,5,C,0,1
28284,SAN DIEGO,ESCONDIDO,7,0,3,1,5,C,0,1
28285,SAN DIEGO,ESCONDIDO,5,0,4,1,5,C,0,1
28286,LOS ANGELES,LONG BEACH,4,0,3,1,5,C,1,1
28287,SAN LUIS OBISPO,UNINCORPORATED,1,0,3,1,5,C,1,1
28288,NEVADA,UNINCORPORATED,1,0,8,1,5,C,1,1
28289,EL DORADO,UNINCORPORATED,2,0,3,1,5,C,1,1
28290,LOS ANGELES,LONG BEACH,2,0,3,0,5,C,0,1
28291,LOS ANGELES,PASADENA,7,0,3,0,5,C,0,1
28292,RIVERSIDE,INDIO,3,0,3,1,5,C,0,1
28293,YOLO,DAVIS,7,0,3,1,5,C,1,1
28294,LOS ANGELES,BALDWIN PARK,4,0,3,0,5,C,1,1
28295,YOLO,UNINCORPORATED,2,0,3,1,5,C,1,1
28296,ORANGE,RCHO SNTA MARGARITA,5,0,12,1,5,C,0,1
28297,LOS ANGELES,PASADENA,4,0,3,1,5,C,0,1
28298,SAN BERNARDINO,RIALTO,3,0,3,1,4,C,1,1
28299,SAN BERNARDINO,SAN BERNARDINO,3,0,3,1,4,C,1,1
28300,SAN BERNARDINO,REDLANDS,5,0,3,1,4,C,1,1
28301,SAN BERNARDINO,RIALTO,3,0,3,1,4,C,1,1
28302,SAN BERNARDINO,YUCAIPA,4,0,3,1,4,C,1,1
28303,LOS ANGELES,LOS ANGELES,5,0,3,1,4,C,1,1
28304,LOS ANGELES,LOS ANGELES,5,0,3,1,4,C,1,1
28305,LOS ANGELES,BURBANK,5,0,3,1,4,C,1,1
28306,SAN BERNARDINO,SAN BERNARDINO,5,0,3,1,4,C,1,1
28307,LOS ANGELES,LOS ANGELES,3,0,3,1,5,C,0,1
28308,SONOMA,SEBASTOPOL,6,0,3,1,5,C,0,0
28309,LOS ANGELES,LOS ANGELES,3,0,3,1,5,C,0,1
28310,SAN BERNARDINO,SAN BERNARDINO,7,0,3,1,4,C,1,1
28311,SAN DIEGO,SAN DIEGO,2,0,3,1,4,C,1,1
28312,SAN BERNARDINO,SAN BERNARDINO,2,0,3,1,4,C,1,1
28313,LOS ANGELES,DIAMOND BAR,6,0,3,1,4,C,0,1
28314,LOS ANGELES,CERRITOS,4,0,3,1,4,C,0,0
28315,SONOMA,SEBASTOPOL,5,0,4,1,4,C,1,1
28316,SONOMA,SEBASTOPOL,3,0,3,1,4,C,1,1
28317,SAN BERNARDINO,SAN BERNARDINO,1,0,8,1,5,C,1,1
28318,SAN BERNARDINO,SAN BERNARDINO,2,0,3,1,5,C,1,1
28319,SAN BERNARDINO,SAN BERNARDINO,5,0,1,1,5,C,0,1
28320,SAN BERNARDINO,COLTON,6,0,3,1,5,C,1,0
28321,SAN BERNARDINO,REDLANDS,4,0,7,1,4,C,1,1
28322,SAN BERNARDINO,COLTON,1,0,3,0,5,C,1,1
28323,SAN BERNARDINO,SAN BERNARDINO,6,0,8,1,5,C,1,1
28324,SAN DIEGO,SAN DIEGO,2,0,4,1,5,C,1,1
28325,SAN DIEGO,SAN DIEGO,3,0,3,1,5,C,0,1
28326,ORANGE,GARDEN GROVE,6,0,3,1,5,C,0,1
28327,LOS ANGELES,GLENDORA,5,0,3,1,5,C,1,1
28328,SAN DIEGO,SAN DIEGO,1,0,3,1,5,C,1,1
28329,SAN DIEGO,SAN DIEGO,4,0,3,0,5,C,1,1
28330,LOS ANGELES,WEST COVINA,6,0,3,1,5,C,1,1
28331,LOS ANGELES,NORWALK,3,0,1,1,5,C,0,0
28332,LOS ANGELES,DIAMOND BAR,6,0,4,1,5,C,0,1
28333,HUMBOLDT,UNINCORPORATED,3,0,3,1,5,C,1,1
28334,LOS ANGELES,IRWINDALE,2,0,3,1,5,C,1,1
28335,LOS ANGELES,LONG BEACH,2,0,3,1,5,C,0,0
28336,ORANGE,FOUNTAIN VALLEY,4,0,3,1,5,C,0,1
28337,LOS ANGELES,AZUSA,1,0,3,1,5,C,1,1
28338,ORANGE,ANAHEIM,5,0,3,0,5,C,0,1
28339,LOS ANGELES,BURBANK,3,0,3,1,5,C,0,1
28340,SAN DIEGO,SAN DIEGO,6,1,3,0,5,C,0,0
28341,IMPERIAL,UNINCORPORATED,6,0,3,1,5,C,1,1
28342,LOS ANGELES,INDUSTRY,5,0,3,0,5,C,0,1
28343,VENTURA,MOORPARK,1,0,3,1,5,C,1,1
28344,CONTRA COSTA,ANTIOCH,4,0,3,1,4,C,0,1
28345,VENTURA,MOORPARK,3,0,3,1,5,C,0,1
28346,CONTRA COSTA,ANTIOCH,3,0,3,1,5,C,0,1
28347,ORANGE,IRVINE,1,0,7,1,5,C,1,1
28348,ALAMEDA,EMERYVILLE,5,0,3,1,4,C,0,1
28349,ORANGE,COSTA MESA,1,0,7,1,5,C,1,1
28350,ORANGE,ORANGE,3,0,3,1,5,C,1,1
28351,ORANGE,FULLERTON,1,0,3,1,5,C,1,1
28352,SAN DIEGO,SAN DIEGO,5,0,3,1,5,C,0,1
28353,SAN DIEGO,SAN DIEGO,6,0,8,1,5,C,0,0
28354,SAN DIEGO,SAN DIEGO,5,0,3,0,5,C,0,1
28355,SAN DIEGO,SAN DIEGO,5,0,3,1,5,C,0,0
28356,SAN DIEGO,SAN DIEGO,4,0,4,1,5,C,0,1
28357,SAN DIEGO,SAN DIEGO,7,0,4,1,5,C,0,1
28358,ORANGE,ANAHEIM,4,0,3,1,5,C,0,1
28359,LOS ANGELES,LOS ANGELES,5,0,3,1,5,C,0,1
28360,SANTA CLARA,SAN JOSE,2,0,3,1,5,C,1,1
28361,SAN DIEGO,SAN DIEGO,5,0,4,1,5,C,0,0
28362,SAN DIEGO,SAN DIEGO,4,0,4,0,5,C,0,1
28363,SANTA CLARA,SAN JOSE,3,0,3,1,5,C,0,1
28364,VENTURA,THOUSAND OAKS,7,0,3,1,5,C,1,1
28365,VENTURA,THOUSAND OAKS,4,0,3,0,5,C,1,1
28366,SANTA CLARA,SAN JOSE,2,0,7,1,5,C,1,1
28367,SANTA CLARA,SAN JOSE,3,0,3,1,5,C,1,1
28368,SAN DIEGO,SAN DIEGO,1,0,4,1,5,C,0,1
28369,SAN DIEGO,SAN DIEGO,2,0,8,1,5,C,0,1
28370,SANTA CLARA,SAN JOSE,2,0,3,1,5,C,1,1
28371,SAN DIEGO,SAN DIEGO,3,0,8,1,5,C,0,1
28372,LOS ANGELES,NORWALK,1,0,4,1,5,C,0,1
28373,LOS ANGELES,LOS ANGELES,7,0,3,1,5,C,0,1
28374,LOS ANGELES,LOS ANGELES,1,0,3,1,5,C,1,1
28375,LOS ANGELES,NORWALK,4,0,3,0,5,C,0,1
28376,LOS ANGELES,NORWALK,4,0,3,1,5,C,0,1
28377,LOS ANGELES,NORWALK,5,0,8,1,5,C,0,1
28378,LOS ANGELES,LOS ANGELES,2,0,3,1,5,C,1,1
28379,LOS ANGELES,LOS ANGELES,1,0,3,1,5,C,1,0
28380,SAN DIEGO,SAN DIEGO,3,0,4,0,5,C,0,1
28381,MENDOCINO,UNINCORPORATED,2,0,3,1,5,C,0,1
28382,VENTURA,OXNARD,6,0,3,1,5,C,0,1
28383,LOS ANGELES,BURBANK,4,0,3,1,5,C,0,1
28384,LOS ANGELES,DIAMOND BAR,5,0,3,1,5,C,0,1
28385,ORANGE,IRVINE,2,0,3,1,5,C,0,1
28386,NAPA,NAPA,5,0,3,1,5,C,0,1
28387,NAPA,NAPA,1,0,3,0,5,C,0,1
28388,CONTRA COSTA,SAN RAMON,4,0,3,1,5,C,0,1
28389,NAPA,NAPA,7,0,3,1,5,C,1,1
28390,LOS ANGELES,MONROVIA,4,0,3,1,5,C,1,1
28391,SONOMA,PETALUMA,4,0,3,1,5,C,1,1
28392,CONTRA COSTA,SAN RAMON,4,0,1,1,5,C,0,1
28393,SANTA CLARA,LOS ALTOS HILLS,7,0,8,1,5,C,0,1
28394,ALAMEDA,SAN LEANDRO,5,0,1,1,5,C,0,1
28395,RIVERSIDE,PALM SPRINGS,1,0,3,1,5,C,0,1
28396,SAN DIEGO,SANTEE,2,0,3,1,5,C,1,1
28397,SAN DIEGO,LA MESA,7,0,8,1,5,C,1,1
28398,SAN DIEGO,SAN DIEGO,1,0,3,0,5,C,0,1
28399,LOS ANGELES,LONG BEACH,4,0,3,1,5,C,0,0
28400,LOS ANGELES,DIAMOND BAR,4,0,7,1,5,C,1,1
28401,LOS ANGELES,POMONA,1,0,3,1,5,C,1,1
28402,LOS ANGELES,WEST COVINA,1,0,3,1,5,C,1,1
28403,LOS ANGELES,CLAREMONT,1,0,3,1,5,C,1,0
28404,LOS ANGELES,GLENDORA,1,0,3,1,5,C,1,1
28405,ALAMEDA,SAN LEANDRO,1,0,3,0,5,C,1,0
28406,SOLANO,VACAVILLE,7,0,3,1,5,C,0,0
28407,SAN DIEGO,SAN DIEGO,7,0,1,1,5,C,0,0
28408,VENTURA,OXNARD,7,0,8,1,5,C,1,1
28409,SAN DIEGO,SAN DIEGO,3,0,3,1,5,C,1,1
28410,LOS ANGELES,INDUSTRY,1,0,3,1,5,C,0,1
28411,LOS ANGELES,LA PUENTE,3,0,4,1,5,C,0,1
28412,SAN DIEGO,CARLSBAD,5,0,3,1,5,C,1,1
28413,LOS ANGELES,LA PUENTE,2,0,4,1,5,C,0,0
28414,NAPA,NAPA,7,0,3,1,5,C,0,0
28415,NAPA,NAPA,3,0,3,1,5,C,0,1
28416,SAN DIEGO,CARLSBAD,1,0,3,1,5,C,1,1
28417,SAN DIEGO,SAN MARCOS,4,0,3,1,5,C,1,1
28418,SAN DIEGO,ENCINITAS,3,0,3,1,5,C,0,1
28419,SAN BERNARDINO,FONTANA,7,0,3,1,1,C,0,1
28420,LOS ANGELES,WEST COVINA,7,0,3,1,5,C,1,1
28421,LOS ANGELES,WEST COVINA,5,1,7,1,5,C,1,1
28422,LOS ANGELES,LOS ANGELES,4,0,3,1,5,C,0,1
28423,SANTA CLARA,SAN JOSE,2,0,3,1,5,C,0,1
28424,LOS ANGELES,LOS ANGELES,3,0,4,1,5,C,0,1
28425,SANTA CLARA,SAN JOSE,5,0,3,1,5,C,1,1
28426,LOS ANGELES,POMONA,1,0,3,0,5,C,1,1
28427,SANTA CLARA,SAN JOSE,2,0,3,1,5,C,1,1
28428,LOS ANGELES,LOS ANGELES,5,0,4,1,5,C,0,1
28429,FRESNO,FRESNO,7,0,3,1,5,C,0,1
28430,SANTA CLARA,CUPERTINO,4,0,3,1,5,C,1,1
28431,ALAMEDA,FREMONT,2,0,4,0,5,C,1,1
28432,LOS ANGELES,GLENDORA,1,0,3,1,5,C,1,1
28433,LOS ANGELES,ARCADIA,6,0,3,1,5,C,1,1
28434,LOS ANGELES,WEST COVINA,6,0,3,1,5,C,1,1
28435,SANTA CLARA,CAMPBELL,6,0,3,1,5,C,1,1
28436,SANTA CLARA,SAN JOSE,6,0,3,1,5,C,0,1
28437,FRESNO,UNINCORPORATED,6,0,3,1,5,C,0,1
28438,SANTA CLARA,LOS GATOS,6,0,3,1,5,C,1,1
28439,SANTA CLARA,LOS GATOS,7,0,3,1,5,C,1,0
28440,SANTA CLARA,SAN JOSE,4,0,3,1,5,C,1,1
28441,LOS ANGELES,LOS ANGELES,7,0,3,1,5,C,0,1
28442,SANTA CLARA,SAN JOSE,5,0,3,1,5,C,1,1
28443,LOS ANGELES,LOS ANGELES,2,0,3,1,5,C,0,1
28444,LOS ANGELES,LOS ANGELES,5,0,3,1,5,C,0,1
28445,LOS ANGELES,DIAMOND BAR,4,0,7,1,5,C,1,1
28446,ORANGE,WESTMINSTER,2,0,3,0,5,C,0,1
28447,MONTEREY,SALINAS,3,0,3,1,5,C,0,1
28448,CONTRA COSTA,EL CERRITO,5,0,1,1,5,C,0,0
28449,SAN JOAQUIN,MANTECA,3,0,3,1,5,C,1,1
28450,LOS ANGELES,WHITTIER,5,0,3,1,5,C,0,1
28451,TULARE,UNINCORPORATED,7,0,3,1,5,C,1,0
28452,SAN JOAQUIN,STOCKTON,7,0,3,1,5,C,0,1
28453,LOS ANGELES,SANTA MONICA,4,0,3,1,5,C,0,1
28454,RIVERSIDE,TEMECULA,4,0,4,1,5,C,0,1
28455,LOS ANGELES,SANTA MONICA,1,0,4,1,5,C,0,1
28456,LOS ANGELES,ALHAMBRA,2,0,3,1,4,C,0,1
28457,RIVERSIDE,MURRIETA,4,0,8,1,5,C,1,1
28458,LOS ANGELES,SANTA MONICA,7,0,7,1,5,C,0,1
28459,FRESNO,FRESNO,6,0,3,1,4,C,0,1
28460,LOS ANGELES,SANTA MONICA,3,0,3,1,5,C,0,1
28461,LOS ANGELES,LOS ANGELES,2,0,3,1,4,C,0,1
28462,LOS ANGELES,LOS ANGELES,2,0,3,1,4,C,0,1
28463,LOS ANGELES,SANTA MONICA,2,0,3,1,5,C,0,1
28464,FRESNO,FRESNO,1,0,3,1,4,C,1,1
28465,SAN JOAQUIN,STOCKTON,1,0,3,1,4,C,1,0
28466,LOS ANGELES,SANTA MONICA,7,0,3,1,5,C,0,1
28467,RIVERSIDE,RIVERSIDE,6,0,3,1,5,C,0,1
28468,LOS ANGELES,ALHAMBRA,6,0,3,1,4,C,0,1
28469,SANTA CLARA,GILROY,1,0,3,1,5,C,0,1
28470,LOS ANGELES,ALHAMBRA,7,0,3,1,4,C,0,1
28471,ALAMEDA,NEWARK,5,0,3,1,5,C,0,1
28472,KERN,BAKERSFIELD,3,0,3,1,5,C,0,0
28473,ALAMEDA,FREMONT,3,0,3,1,5,C,0,1
28474,LOS ANGELES,ALHAMBRA,4,0,3,1,4,C,0,1
28475,ALAMEDA,FREMONT,2,0,3,1,5,C,1,0
28476,LOS ANGELES,GLENDORA,5,0,1,1,4,C,0,0
28477,SAN DIEGO,CHULA VISTA,1,0,3,0,4,C,0,1
28478,ALAMEDA,FREMONT,5,0,3,1,4,C,0,1
28479,SAN DIEGO,CHULA VISTA,6,0,3,1,4,C,0,0
28480,LOS ANGELES,WEST COVINA,6,0,3,1,4,C,1,1
28481,SAN DIEGO,CHULA VISTA,1,0,3,0,4,C,0,1
28482,SAN DIEGO,CHULA VISTA,2,0,3,0,4,C,0,1
28483,SAN DIEGO,CHULA VISTA,2,0,3,1,4,C,0,1
28484,SAN DIEGO,CHULA VISTA,2,0,1,1,4,C,0,0
28485,SAN DIEGO,CHULA VISTA,1,0,3,1,4,C,0,1
28486,SAN DIEGO,CHULA VISTA,4,0,3,0,4,C,0,1
28487,SANTA CLARA,SAN JOSE,6,0,3,1,4,C,1,0
28488,SAN DIEGO,CHULA VISTA,2,0,3,0,4,C,0,1
28489,RIVERSIDE,INDIO,5,0,3,1,4,C,0,1
28490,SAN DIEGO,CHULA VISTA,6,0,3,1,4,C,0,0
28491,RIVERSIDE,INDIO,1,0,3,0,4,C,0,0
28492,SAN DIEGO,CHULA VISTA,4,0,3,1,4,C,0,0
28493,RIVERSIDE,INDIO,6,0,3,1,4,C,0,0
28494,ALAMEDA,BERKELEY,4,0,3,1,4,C,0,1
28495,ALAMEDA,BERKELEY,5,0,3,0,4,C,0,1
28496,ALAMEDA,BERKELEY,2,0,3,1,4,C,0,1
28497,SAN MATEO,MENLO PARK,7,0,3,1,4,C,0,1
28498,ALAMEDA,BERKELEY,3,0,4,1,4,C,0,1
28499,SAN MATEO,MENLO PARK,6,0,3,1,4,C,0,1
28500,ALAMEDA,BERKELEY,4,0,3,0,4,C,0,1
28501,ALAMEDA,BERKELEY,3,0,3,1,4,C,0,0
28502,LOS ANGELES,MONTEBELLO,7,0,3,1,4,C,0,0
28503,ALAMEDA,BERKELEY,2,0,3,1,4,C,0,0
28504,VENTURA,MOORPARK,7,0,3,1,4,C,0,1
28505,MARIN,UNINCORPORATED,7,0,3,1,4,C,1,1
28506,LOS ANGELES,MALIBU,5,0,3,1,4,C,1,0
28507,LOS ANGELES,MONTEBELLO,2,0,3,1,4,C,0,1
28508,RIVERSIDE,RANCHO MIRAGE,5,0,3,1,4,C,0,1
28509,ALAMEDA,BERKELEY,5,0,3,1,4,C,0,1
28510,MARIN,UNINCORPORATED,7,0,3,1,4,C,1,1
28511,ALAMEDA,BERKELEY,5,0,3,1,4,C,0,1
28512,ALAMEDA,OAKLAND,3,0,3,1,3,C,0,0
28513,SAN FRANCISCO,SAN FRANCISCO,4,0,3,1,3,C,0,0
28514,SANTA CLARA,SAN JOSE,1,0,3,1,4,C,1,1
28515,ALAMEDA,FREMONT,5,0,9,1,4,C,0,1
28516,SAN FRANCISCO,SAN FRANCISCO,4,0,3,1,3,C,0,0
28517,LOS ANGELES,LOS ANGELES,4,0,3,1,4,C,0,0
28518,SONOMA,SANTA ROSA,4,0,3,1,5,C,1,1
28519,SANTA CRUZ,UNINCORPORATED,2,0,3,1,5,C,1,1
28520,SONOMA,UNINCORPORATED,1,0,3,1,5,C,0,1
28521,SANTA CRUZ,UNINCORPORATED,3,0,3,1,5,C,1,1
28522,CONTRA COSTA,DANVILLE,1,0,3,1,4,C,1,1
28523,SANTA CRUZ,UNINCORPORATED,1,0,3,1,5,C,1,1
28524,SANTA CRUZ,UNINCORPORATED,3,0,3,1,5,C,0,1
28525,SANTA CRUZ,UNINCORPORATED,3,0,3,1,4,C,1,1
28526,SANTA CRUZ,UNINCORPORATED,5,0,3,1,5,C,1,1
28527,ALAMEDA,HAYWARD,4,0,8,1,5,C,1,1
28528,SANTA CLARA,PALO ALTO,1,0,3,1,5,C,0,1
28529,ORANGE,FULLERTON,7,0,3,1,5,C,0,1
28530,MARIN,UNINCORPORATED,2,0,4,1,5,C,1,1
28531,ORANGE,TUSTIN,4,0,3,1,5,C,0,1
28532,CONTRA COSTA,BRENTWOOD,4,0,3,1,5,C,1,1
28533,LOS ANGELES,POMONA,4,0,7,1,5,C,0,0
28534,ALAMEDA,HAYWARD,2,0,3,1,5,C,1,1
28535,SACRAMENTO,SACRAMENTO,5,0,3,1,5,C,1,1
28536,SAN MATEO,UNINCORPORATED,1,0,3,1,5,C,0,1