ID,County,City,Weekday,Severity,ViolCat,ClearWeather,Month,CrashType,Highway,Daylight
40017,VENTURA,SIMI VALLEY,1,0,1,1,7,C,0,0
40018,KERN,UNINCORPORATED,6,0,3,1,8,C,0,1
40019,SAN DIEGO,SAN MARCOS,1,0,3,1,6,C,0,1
40020,SAN DIEGO,SAN MARCOS,2,0,3,1,6,C,0,1
40021,SAN DIEGO,SAN MARCOS,4,0,8,1,6,C,0,0
40022,KERN,UNINCORPORATED,3,0,3,1,9,C,1,1
40023,PLACER,UNINCORPORATED,3,0,3,1,9,C,1,1
40024,LOS ANGELES,LOS ANGELES,2,0,3,1,8,C,0,1
40025,LOS ANGELES,LOS ANGELES,2,0,3,1,8,C,0,1
40026,PLACER,ROSEVILLE,5,0,3,1,9,C,1,1
40027,PLACER,UNINCORPORATED,6,0,3,1,9,C,1,1
40028,CONTRA COSTA,UNINCORPORATED,6,0,3,1,8,C,1,1
40029,MARIN,UNINCORPORATED,6,0,3,1,8,C,1,1
40030,LOS ANGELES,LOS ANGELES,1,0,3,1,9,C,0,0
40031,LOS ANGELES,LOS ANGELES,2,0,3,1,9,C,1,1
40032,MARIN,UNINCORPORATED,5,0,3,1,8,C,1,1
40033,SACRAMENTO,SACRAMENTO,2,0,3,1,9,C,0,1
40034,PLACER,ROSEVILLE,4,0,3,1,9,C,1,1
40035,MARIN,SAN RAFAEL,5,0,3,1,8,C,0,1
40036,LOS ANGELES,LOS ANGELES,7,0,3,1,8,C,0,1
40037,SAN DIEGO,ESCONDIDO,2,0,3,1,9,C,0,1
40038,SAN DIEGO,NATIONAL CITY,1,0,4,1,9,C,0,1
40039,PLACER,UNINCORPORATED,3,0,3,1,9,C,0,0
40040,SACRAMENTO,SACRAMENTO,5,0,3,1,8,C,1,1
40041,SAN DIEGO,ESCONDIDO,1,0,3,1,9,C,0,1
40042,SACRAMENTO,SACRAMENTO,4,0,3,1,8,C,1,1
40043,SAN DIEGO,ESCONDIDO,4,0,3,1,9,C,0,1
40044,SACRAMENTO,SACRAMENTO,4,0,3,1,8,C,1,1
40045,SACRAMENTO,SACRAMENTO,1,0,3,0,9,C,0,1
40046,SACRAMENTO,ELK GROVE,4,0,4,1,8,C,1,1
40047,SACRAMENTO,SACRAMENTO,3,0,3,1,8,C,1,1
40048,SACRAMENTO,SACRAMENTO,5,0,3,1,8,C,1,1
40049,LOS ANGELES,DUARTE,2,0,1,1,6,C,0,0
40050,ALAMEDA,EMERYVILLE,4,0,3,1,8,C,1,1
40051,SANTA CLARA,CUPERTINO,2,0,3,1,8,C,0,1
40052,CONTRA COSTA,CONCORD,4,0,3,1,9,C,0,1
40053,KERN,UNINCORPORATED,4,0,3,1,9,C,0,0
40054,LOS ANGELES,LANCASTER,4,0,4,0,9,C,0,1
40055,CONTRA COSTA,LAFAYETTE,2,0,3,1,9,C,1,1
40056,CONTRA COSTA,UNINCORPORATED,2,0,8,1,9,C,1,1
40057,YOLO,UNINCORPORATED,2,0,3,1,9,C,1,1
40058,CONTRA COSTA,PITTSBURG,3,0,3,0,9,C,1,0
40059,LOS ANGELES,PALMDALE,5,0,1,1,8,C,0,1
40060,LOS ANGELES,WEST COVINA,5,0,3,1,9,C,1,0
40061,LOS ANGELES,DUARTE,6,0,3,1,8,C,1,1
40062,SAN DIEGO,CHULA VISTA,6,0,3,1,9,C,1,1
40063,LOS ANGELES,DIAMOND BAR,6,0,3,1,9,C,1,1
40064,SANTA CLARA,SAN JOSE,2,0,7,1,9,C,1,1
40065,LOS ANGELES,CLAREMONT,2,0,3,1,9,C,1,1
40066,LOS ANGELES,PASADENA,1,0,3,1,9,C,0,1
40067,LOS ANGELES,LANCASTER,3,0,4,1,8,C,0,1
40068,SANTA CLARA,SUNNYVALE,3,0,3,1,9,C,1,1
40069,SAN DIEGO,ESCONDIDO,3,0,3,1,9,C,1,1
40070,SAN DIEGO,SOLANA BEACH,1,0,3,1,9,C,1,1
40071,SAN DIEGO,OCEANSIDE,2,0,3,1,9,C,1,1
40072,SAN DIEGO,CARLSBAD,7,0,3,1,9,C,1,0
40073,RIVERSIDE,RIVERSIDE,2,0,8,1,9,C,1,1
40074,RIVERSIDE,RIVERSIDE,1,1,3,1,9,C,1,1
40075,ORANGE,ORANGE,4,0,3,1,8,C,0,1
40076,SAN MATEO,REDWOOD CITY,7,0,1,1,9,C,0,0
40077,SAN DIEGO,SAN MARCOS,5,1,3,0,9,C,1,1
40078,ORANGE,HUNTINGTON BEACH,3,0,4,1,9,C,0,0
40079,MARIPOSA,UNINCORPORATED,1,0,3,1,9,C,1,1
40080,RIVERSIDE,NORCO,3,0,3,1,9,C,1,1
40081,LOS ANGELES,POMONA,5,1,8,1,8,C,1,0
40082,LOS ANGELES,DIAMOND BAR,3,0,3,1,8,C,1,1
40083,LOS ANGELES,DIAMOND BAR,4,0,3,1,8,C,1,0
40084,LOS ANGELES,DIAMOND BAR,5,0,3,0,8,C,0,1
40085,SANTA CLARA,PALO ALTO,4,0,3,1,9,C,1,1
40086,ORANGE,LA PALMA,4,0,3,1,9,C,1,1
40087,BUTTE,CHICO,4,0,3,1,9,C,1,1
40088,SANTA CLARA,PALO ALTO,3,0,4,1,9,C,0,1
40089,SANTA CLARA,PALO ALTO,2,0,4,1,9,C,0,1
40090,RIVERSIDE,PALM SPRINGS,2,0,3,1,9,C,0,0
40091,SAN LUIS OBISPO,PISMO BEACH,4,0,3,1,9,C,0,1
40092,LOS ANGELES,DUARTE,1,0,3,1,9,C,0,1
40093,YOLO,DAVIS,5,0,3,1,9,C,1,1
40094,LOS ANGELES,EL SEGUNDO,2,0,3,1,9,C,1,0
40095,TEHAMA,UNINCORPORATED,6,0,3,1,9,C,0,1
40096,SONOMA,UNINCORPORATED,2,0,3,0,9,C,1,1
40097,SAN FRANCISCO,SAN FRANCISCO,5,0,7,1,9,C,1,1
40098,SAN FRANCISCO,SAN FRANCISCO,6,0,3,1,9,C,1,1
40099,SAN MATEO,SOUTH SAN FRANCISCO,5,0,4,1,9,C,1,1
40100,YOLO,DAVIS,6,0,3,1,9,C,1,1
40101,SACRAMENTO,SACRAMENTO,3,0,3,1,9,C,1,1
40102,SACRAMENTO,SACRAMENTO,3,0,3,1,9,C,1,0
40103,SONOMA,UNINCORPORATED,1,0,3,1,9,C,0,1
40104,SONOMA,ROHNERT PARK,1,0,7,1,9,C,1,0
40105,SACRAMENTO,SACRAMENTO,2,0,3,1,9,C,0,1
40106,YOLO,DAVIS,5,0,3,1,9,C,1,1
40107,ALAMEDA,HAYWARD,2,0,3,1,9,C,0,1
40108,SONOMA,UNINCORPORATED,6,0,4,1,9,C,0,0
40109,SONOMA,SANTA ROSA,3,0,3,1,9,C,1,1
40110,STANISLAUS,MODESTO,7,0,8,1,9,C,0,1
40111,ORANGE,WESTMINSTER,2,0,3,1,9,C,0,1
40112,ORANGE,WESTMINSTER,3,0,3,1,9,C,1,1
40113,SAN BERNARDINO,UPLAND,5,0,3,1,7,C,0,1
40114,SAN BERNARDINO,UPLAND,1,0,3,1,7,C,0,1
40115,KINGS,HANFORD,2,0,3,1,9,C,0,1
40116,KINGS,HANFORD,3,0,3,1,9,C,0,1
40117,VENTURA,THOUSAND OAKS,6,0,4,1,9,C,0,1
40118,CONTRA COSTA,ORINDA,4,0,3,1,9,C,1,1
40119,CONTRA COSTA,UNINCORPORATED,5,0,3,1,9,C,1,1
40120,ORANGE,ANAHEIM,3,0,3,1,9,C,1,1
40121,SAN BERNARDINO,UPLAND,1,0,1,1,7,C,0,1
40122,SAN BERNARDINO,UPLAND,6,0,3,0,7,C,0,1
40123,ORANGE,WESTMINSTER,7,0,3,1,9,C,1,0
40124,CONTRA COSTA,BRENTWOOD,4,0,3,1,9,C,1,1
40125,CONTRA COSTA,BRENTWOOD,7,0,1,1,9,C,1,0
40126,SAN BERNARDINO,UPLAND,5,0,3,1,7,C,0,1
40127,ORANGE,ANAHEIM,4,0,4,1,9,C,1,1
40128,ORANGE,FOUNTAIN VALLEY,5,0,3,0,9,C,0,1
40129,SAN BERNARDINO,UPLAND,7,0,3,1,7,C,0,1
40130,SAN BERNARDINO,UPLAND,6,0,3,1,7,C,0,1
40131,KINGS,UNINCORPORATED,6,0,3,1,9,C,0,0
40132,SAN MATEO,SAN BRUNO,6,0,1,1,9,C,1,1
40133,VENTURA,THOUSAND OAKS,4,0,4,1,9,C,0,1
40134,SAN BERNARDINO,CHINO HILLS,7,0,1,1,6,C,1,0
40135,SAN BERNARDINO,RANCHO CUCAMONGA,7,0,3,1,6,C,1,0
40136,ALAMEDA,ALAMEDA,1,0,3,0,6,C,0,1
40137,SAN BERNARDINO,CHINO,5,0,1,1,6,C,1,0
40138,SAN BERNARDINO,UPLAND,7,0,3,1,6,C,1,1
40139,SAN BERNARDINO,ONTARIO,6,0,3,1,6,C,1,1
40140,SAN BERNARDINO,FONTANA,7,0,1,1,6,C,1,1
40141,SAN BERNARDINO,ONTARIO,3,0,3,1,6,C,0,1
40142,SAN BERNARDINO,ONTARIO,7,0,3,1,6,C,0,1
40143,SAN DIEGO,CHULA VISTA,3,0,4,1,6,C,1,1
40144,SAN BERNARDINO,ONTARIO,6,0,1,1,6,C,1,0
40145,LOS ANGELES,SANTA CLARITA,5,0,1,1,9,C,0,1
40146,SACRAMENTO,SACRAMENTO,1,0,3,1,8,C,1,1
40147,SACRAMENTO,SACRAMENTO,2,0,3,1,9,C,0,1
40148,SACRAMENTO,SACRAMENTO,4,0,3,1,8,C,1,1
40149,SACRAMENTO,SACRAMENTO,3,1,3,1,8,C,1,1
40150,SACRAMENTO,SACRAMENTO,2,0,3,1,8,C,1,1
40151,KINGS,HANFORD,7,0,3,1,8,C,0,1
40152,LOS ANGELES,LOS ANGELES,2,0,7,1,9,C,1,1
40153,ALAMEDA,OAKLAND,2,0,1,1,8,C,0,0
40154,LOS ANGELES,LOS ANGELES,3,0,3,1,9,C,1,1
40155,ORANGE,DANA POINT,4,0,3,1,9,C,0,1
40156,NAPA,UNINCORPORATED,2,0,3,1,9,C,1,1
40157,NAPA,UNINCORPORATED,3,0,3,1,9,C,1,1
40158,ALAMEDA,OAKLAND,5,0,3,1,6,C,0,1
40159,SACRAMENTO,SACRAMENTO,5,0,3,1,8,C,1,1
40160,LOS ANGELES,SAN DIMAS,3,1,3,1,9,C,0,1
40161,SAN LUIS OBISPO,UNINCORPORATED,4,0,3,1,9,C,0,1
40162,SACRAMENTO,SACRAMENTO,2,0,3,1,8,C,0,1
40163,ORANGE,SAN JUAN CAPISTRANO,1,0,3,1,9,C,0,1
40164,LOS ANGELES,TORRANCE,5,0,3,1,5,C,0,1
40165,ALAMEDA,PLEASANTON,7,0,3,1,5,C,1,1
40166,ALAMEDA,PLEASANTON,4,0,3,1,7,C,0,1
40167,ALAMEDA,PLEASANTON,6,0,3,1,7,C,0,1
40168,ALAMEDA,PLEASANTON,2,0,3,1,7,C,0,1
40169,SUTTER,UNINCORPORATED,7,0,8,1,7,C,0,1
40170,SAN MATEO,SOUTH SAN FRANCISCO,5,0,4,1,7,C,0,1
40171,SANTA CRUZ,WATSONVILLE,1,0,3,1,8,C,1,1
40172,MADERA,MADERA,6,1,1,1,9,C,0,1
40173,LOS ANGELES,POMONA,6,0,3,1,9,C,0,0
40174,LOS ANGELES,HAWTHORNE,7,0,3,1,9,C,0,0
40175,SACRAMENTO,SACRAMENTO,4,0,3,1,9,C,1,1
40176,SACRAMENTO,SACRAMENTO,5,0,3,1,8,C,0,1
40177,SACRAMENTO,SACRAMENTO,5,0,1,1,8,C,1,1
40178,SACRAMENTO,SACRAMENTO,5,0,3,1,8,C,1,1
40179,SACRAMENTO,SACRAMENTO,2,0,3,1,8,C,1,1
40180,SACRAMENTO,SACRAMENTO,3,0,3,1,8,C,0,1
40181,SACRAMENTO,SACRAMENTO,4,0,3,1,8,C,1,1
40182,ORANGE,HUNTINGTON BEACH,7,0,1,1,9,C,0,1
40183,ORANGE,STANTON,7,0,4,1,9,C,1,1
40184,ALAMEDA,FREMONT,2,0,3,1,7,C,1,1
40185,RIVERSIDE,PERRIS,1,0,3,1,8,C,0,1
40186,LOS ANGELES,TORRANCE,4,0,3,1,6,C,0,1
40187,ALAMEDA,FREMONT,2,0,3,1,9,C,1,1
40188,ALAMEDA,FREMONT,2,0,7,1,9,C,1,1
40189,ALAMEDA,FREMONT,2,0,3,1,9,C,1,1
40190,RIVERSIDE,RANCHO MIRAGE,2,0,3,1,9,C,0,0
40191,LOS ANGELES,LOS ANGELES,5,0,3,1,9,C,1,1
40192,SUTTER,UNINCORPORATED,7,0,3,1,9,C,1,0
40193,ALAMEDA,OAKLAND,6,0,8,0,8,C,0,0
40194,LOS ANGELES,GLENDALE,5,0,3,1,8,C,1,1
40195,LOS ANGELES,LOS ANGELES,4,0,3,1,8,C,1,1
40196,SAN BERNARDINO,BIG BEAR LAKE,4,0,1,1,8,C,0,1
40197,LOS ANGELES,LOS ANGELES,5,0,3,1,9,C,1,0
40198,LOS ANGELES,LOS ANGELES,4,0,3,1,9,C,1,1
40199,LOS ANGELES,LOS ANGELES,3,0,3,1,8,C,1,1
40200,SANTA CRUZ,WATSONVILLE,5,0,3,1,8,C,1,1
40201,LOS ANGELES,LOS ANGELES,1,0,3,1,9,C,1,1
40202,LOS ANGELES,PASADENA,3,0,3,1,9,C,0,1
40203,LOS ANGELES,LOS ANGELES,3,0,3,1,9,C,1,1
40204,ORANGE,NEWPORT BEACH,2,0,3,0,9,C,0,1
40205,LOS ANGELES,LOS ANGELES,6,0,3,1,9,C,1,1
40206,MENDOCINO,UNINCORPORATED,1,0,7,1,9,C,1,1
40207,MENDOCINO,UNINCORPORATED,3,0,3,1,9,C,0,1
40208,LOS ANGELES,EL MONTE,3,0,3,1,8,C,0,0
40209,ORANGE,COSTA MESA,7,0,1,1,9,C,0,0
40210,LOS ANGELES,EL MONTE,4,1,3,1,8,C,0,0
40211,LOS ANGELES,LAKEWOOD,5,0,12,1,7,C,0,0
40212,LOS ANGELES,EL MONTE,5,0,11,1,8,C,0,1
40213,ALAMEDA,SAN LEANDRO,2,0,3,0,9,C,1,1
40214,LOS ANGELES,EL MONTE,6,0,1,1,6,C,0,0
40215,LOS ANGELES,LAKEWOOD,4,0,3,1,6,C,0,1
40216,ALAMEDA,HAYWARD,5,0,4,0,8,C,1,0
40217,SUTTER,UNINCORPORATED,6,0,3,1,9,C,0,1
40218,ALAMEDA,FREMONT,2,0,3,1,9,C,1,1
40219,SAN DIEGO,NATIONAL CITY,4,0,4,1,9,C,1,1
40220,ALAMEDA,OAKLAND,3,0,3,1,7,C,0,1
40221,ALAMEDA,OAKLAND,5,0,3,1,7,C,0,1
40222,ALAMEDA,OAKLAND,2,0,3,1,8,C,0,1
40223,ALAMEDA,OAKLAND,2,0,3,1,8,C,0,1
40224,CONTRA COSTA,WALNUT CREEK,6,0,3,1,8,C,0,1
40225,YOLO,WOODLAND,5,1,3,1,8,C,0,0
40226,LOS ANGELES,LOS ANGELES,6,0,3,1,8,C,1,1
40227,ALAMEDA,OAKLAND,6,0,4,1,8,C,0,1
40228,LOS ANGELES,LOS ANGELES,6,0,3,1,8,C,1,1
40229,ALAMEDA,OAKLAND,6,0,3,1,8,C,0,0
40230,LOS ANGELES,PASADENA,7,0,3,1,8,C,1,0
40231,ALAMEDA,OAKLAND,5,0,3,1,8,C,0,1
40232,LOS ANGELES,LOS ANGELES,3,0,3,1,8,C,1,1
40233,LOS ANGELES,LOS ANGELES,6,0,3,1,8,C,1,0
40234,LOS ANGELES,LOS ANGELES,6,0,3,1,8,C,0,1
40235,LOS ANGELES,LOS ANGELES,4,0,3,1,8,C,1,1
40236,LOS ANGELES,LOS ANGELES,3,0,3,1,8,C,1,0
40237,LOS ANGELES,PASADENA,3,0,3,1,8,C,0,1
40238,LOS ANGELES,BURBANK,4,0,3,1,8,C,1,1
40239,LOS ANGELES,GLENDALE,5,0,3,1,8,C,1,1
40240,LOS ANGELES,LOS ANGELES,4,0,3,1,9,C,1,0
40241,LOS ANGELES,LOS ANGELES,2,0,3,1,9,C,1,0
40242,BUTTE,PARADISE,1,0,3,1,9,C,0,1
40243,CONTRA COSTA,WALNUT CREEK,1,0,3,1,9,C,0,1
40244,CONTRA COSTA,WALNUT CREEK,5,0,3,1,9,C,0,1
40245,ORANGE,IRVINE,2,0,3,1,9,C,0,1
40246,ALAMEDA,HAYWARD,2,0,3,1,9,C,1,1
40247,ALAMEDA,FREMONT,3,0,3,1,9,C,1,1
40248,ALAMEDA,FREMONT,3,1,8,1,9,C,1,1
40249,ALAMEDA,SAN LEANDRO,3,0,3,1,9,C,1,0
40250,LOS ANGELES,LOS ANGELES,3,0,3,1,9,C,0,1
40251,LOS ANGELES,PASADENA,5,0,8,1,9,C,0,1
40252,LOS ANGELES,LOS ANGELES,3,0,3,1,9,C,1,0
40253,LOS ANGELES,LOS ANGELES,2,0,3,1,9,C,1,1
40254,LOS ANGELES,LOS ANGELES,1,0,3,1,9,C,1,0
40255,LOS ANGELES,LOS ANGELES,2,0,3,1,9,C,1,1
40256,LOS ANGELES,LOS ANGELES,1,0,3,1,9,C,0,0
40257,LOS ANGELES,LOS ANGELES,7,0,3,1,9,C,1,1
40258,LOS ANGELES,LOS ANGELES,4,0,3,1,9,C,1,0
40259,LOS ANGELES,PASADENA,2,0,9,1,9,C,0,1
40260,LOS ANGELES,LOS ANGELES,3,0,3,1,9,C,1,1
40261,LOS ANGELES,LOS ANGELES,6,0,3,1,9,C,1,1
40262,LOS ANGELES,GLENDALE,7,0,3,1,9,C,0,1
40263,TULARE,UNINCORPORATED,6,0,3,1,9,C,0,0
40264,LOS ANGELES,LOS ANGELES,3,0,3,1,9,C,1,1
40265,LOS ANGELES,LOS ANGELES,4,0,3,1,9,C,1,1
40266,LOS ANGELES,LOS ANGELES,5,0,3,1,9,C,1,1
40267,ALAMEDA,HAYWARD,2,0,3,0,9,C,1,1
40268,LOS ANGELES,PASADENA,2,0,3,1,9,C,0,1
40269,VENTURA,VENTURA,4,0,3,1,9,C,1,1
40270,VENTURA,OXNARD,7,0,1,1,9,C,1,0
40271,LOS ANGELES,LYNWOOD,6,0,3,1,9,C,0,1
40272,ORANGE,GARDEN GROVE,3,0,3,1,9,C,0,1
40273,LOS ANGELES,LONG BEACH,4,0,3,1,1,C,1,0
40274,LOS ANGELES,CARSON,5,0,3,1,1,C,0,1
40275,LOS ANGELES,BURBANK,4,1,3,1,8,C,1,1
40276,LOS ANGELES,ALHAMBRA,7,0,3,1,9,C,0,0
40277,LOS ANGELES,ALHAMBRA,2,0,3,1,9,C,0,1
40278,LOS ANGELES,LANCASTER,4,0,3,1,9,C,0,0
40279,RIVERSIDE,CORONA,3,0,7,1,9,C,1,1
40280,LOS ANGELES,LANCASTER,5,0,3,1,9,C,0,1
40281,LOS ANGELES,LOS ANGELES,5,0,3,1,8,C,1,1
40282,LOS ANGELES,LOS ANGELES,2,0,3,1,8,C,0,1
40283,LOS ANGELES,GLENDALE,3,0,3,1,8,C,1,1
40284,LOS ANGELES,PASADENA,7,0,3,1,8,C,1,1
40285,SACRAMENTO,SACRAMENTO,2,0,3,1,8,C,0,1
40286,LOS ANGELES,GLENDALE,2,0,3,1,8,C,0,1
40287,LOS ANGELES,LOS ANGELES,5,0,3,1,8,C,1,1
40288,SAN BERNARDINO,CHINO HILLS,2,0,1,1,8,C,0,0
40289,RIVERSIDE,RIVERSIDE,6,0,1,1,8,C,1,0
40290,LOS ANGELES,LOS ANGELES,6,0,3,1,8,C,0,0
40291,LOS ANGELES,GLENDALE,5,0,3,1,8,C,1,1
40292,LOS ANGELES,GLENDALE,6,0,3,1,8,C,0,0
40293,LOS ANGELES,LOS ANGELES,2,0,3,1,8,C,1,0
40294,LOS ANGELES,GLENDALE,6,0,1,1,8,C,1,0
40295,LOS ANGELES,ALHAMBRA,4,0,3,1,8,C,0,1
40296,STANISLAUS,UNINCORPORATED,4,0,1,1,9,C,0,0
40297,LOS ANGELES,PASADENA,1,0,7,1,9,C,1,0
40298,STANISLAUS,UNINCORPORATED,5,0,3,1,9,C,1,1
40299,STANISLAUS,MODESTO,5,0,7,1,9,C,1,1
40300,LOS ANGELES,LOS ANGELES,4,0,3,1,9,C,0,1
40301,VENTURA,CAMARILLO,7,0,3,1,9,C,1,1
40302,LOS ANGELES,LOS ANGELES,4,0,3,1,9,C,1,1
40303,STANISLAUS,UNINCORPORATED,3,0,3,1,9,C,1,0
40304,SAN BERNARDINO,ONTARIO,5,0,3,1,9,C,0,1
40305,STANISLAUS,MODESTO,5,0,3,1,9,C,1,1
40306,STANISLAUS,UNINCORPORATED,7,0,3,1,9,C,1,1
40307,LOS ANGELES,LOS ANGELES,2,0,3,1,9,C,0,1
40308,LOS ANGELES,LOS ANGELES,4,0,3,1,9,C,0,1
40309,RIVERSIDE,RIVERSIDE,2,0,3,0,9,C,1,0
40310,LOS ANGELES,ALHAMBRA,4,0,3,1,8,C,0,1
40311,LOS ANGELES,ALHAMBRA,3,0,3,1,9,C,0,1
40312,LOS ANGELES,PASADENA,2,0,3,1,8,C,1,1
40313,VENTURA,VENTURA,2,0,3,1,9,C,1,1
40314,MERCED,MERCED,1,0,3,1,9,C,0,1
40315,LOS ANGELES,LONG BEACH,5,0,3,1,1,C,1,1
40316,SAN BERNARDINO,ONTARIO,5,0,3,1,7,C,0,0
40317,RIVERSIDE,PERRIS,1,0,3,1,9,C,1,1
40318,LOS ANGELES,LOS ANGELES,1,0,3,1,9,C,0,1
40319,VENTURA,CAMARILLO,7,0,3,1,9,C,1,1
40320,LOS ANGELES,LOS ANGELES,4,0,4,1,9,C,0,1
40321,SAN BERNARDINO,COLTON,1,0,3,0,8,C,1,1
40322,SAN BERNARDINO,SAN BERNARDINO,5,0,3,1,8,C,1,1
40323,CONTRA COSTA,SAN RAMON,2,0,3,1,8,C,1,0
40324,SONOMA,SANTA ROSA,4,0,3,1,7,C,0,0
40325,KERN,UNINCORPORATED,4,0,3,1,9,C,0,1
40326,VENTURA,THOUSAND OAKS,2,0,3,1,9,C,0,0
40327,SONOMA,UNINCORPORATED,3,0,3,1,9,C,1,0
40328,LOS ANGELES,LOS ANGELES,4,0,3,1,8,C,1,1
40329,LOS ANGELES,LOS ANGELES,6,0,3,1,8,C,0,0
40330,SAN JOAQUIN,STOCKTON,2,0,3,1,8,C,0,1
40331,SAN BERNARDINO,CHINO,2,0,3,1,6,C,0,1
40332,FRESNO,FRESNO,4,0,3,1,8,C,1,0
40333,ALAMEDA,FREMONT,3,0,3,1,8,C,0,1
40334,ALAMEDA,OAKLAND,7,0,3,1,8,C,0,0
40335,SAN MATEO,REDWOOD CITY,4,0,3,1,9,C,0,1
40336,LOS ANGELES,LOS ANGELES,4,0,3,1,9,C,1,1
40337,PLACER,COLFAX,6,0,3,1,8,C,1,1
40338,PLACER,ROSEVILLE,5,0,3,1,9,C,1,1
40339,BUTTE,UNINCORPORATED,3,0,3,1,9,C,1,0
40340,SACRAMENTO,SACRAMENTO,2,0,3,1,9,C,0,1
40341,LOS ANGELES,LOS ANGELES,3,0,1,1,10,C,0,0
40342,LOS ANGELES,PALMDALE,6,0,3,1,9,C,0,0
40343,LOS ANGELES,PALMDALE,2,0,9,1,8,C,1,1
40344,ORANGE,GARDEN GROVE,1,0,3,1,9,C,0,1
40345,ALAMEDA,LIVERMORE,6,0,3,1,5,C,1,0
40346,MERCED,UNINCORPORATED,4,0,3,1,7,C,1,1
40347,CONTRA COSTA,DANVILLE,5,0,1,1,9,C,1,0
40348,KERN,UNINCORPORATED,1,0,3,1,9,C,1,0
40349,ORANGE,FULLERTON,7,0,1,1,8,C,0,0
40350,ORANGE,LOS ALAMITOS,4,0,3,1,9,C,1,1
40351,PLACER,UNINCORPORATED,2,0,3,1,9,C,1,1
40352,ALAMEDA,LIVERMORE,5,0,3,1,6,C,1,1
40353,SAN JOAQUIN,STOCKTON,1,0,1,1,9,C,0,0
40354,LOS ANGELES,LOS ANGELES,7,0,1,1,8,C,0,0
40355,LOS ANGELES,LOS ANGELES,4,0,4,1,9,C,0,0
40356,SANTA CLARA,SAN JOSE,5,0,3,1,9,C,0,1
40357,LOS ANGELES,EL MONTE,5,0,3,1,10,C,1,1
40358,SANTA CLARA,MOUNTAIN VIEW,3,0,3,1,10,C,1,0
40359,LOS ANGELES,EL SEGUNDO,3,0,3,1,9,C,0,1
40360,SANTA CLARA,PALO ALTO,1,0,3,1,9,C,1,1
40361,SANTA CLARA,PALO ALTO,4,0,3,1,9,C,0,1
40362,LOS ANGELES,AZUSA,5,0,3,1,8,C,1,0
40363,TUOLUMNE,UNINCORPORATED,5,0,3,1,9,C,1,1
40364,SAN JOAQUIN,LODI,3,0,3,1,9,C,0,1
40365,SACRAMENTO,SACRAMENTO,4,0,3,1,9,C,0,1
40366,SANTA CLARA,PALO ALTO,5,0,3,1,9,C,1,0
40367,VENTURA,THOUSAND OAKS,5,0,4,1,9,C,0,1
40368,KERN,MCFARLAND,5,0,3,1,7,C,0,1
40369,SAN DIEGO,CARLSBAD,4,1,7,1,9,C,1,1
40370,ALAMEDA,OAKLAND,3,0,3,1,8,C,1,1
40371,SANTA CLARA,SAN JOSE,1,0,3,1,9,C,1,1
40372,ALAMEDA,OAKLAND,6,0,3,1,8,C,1,1
40373,SAN MATEO,REDWOOD CITY,3,0,3,1,9,C,0,1
40374,FRESNO,UNINCORPORATED,7,1,3,1,9,C,0,0
40375,FRESNO,FRESNO,1,0,3,1,9,C,1,1
40376,FRESNO,UNINCORPORATED,4,0,3,1,9,C,0,1
40377,SAN DIEGO,OCEANSIDE,5,0,3,1,9,C,1,1
40378,LOS ANGELES,WHITTIER,7,0,3,1,9,C,0,1
40379,SANTA CLARA,MILPITAS,3,0,3,1,9,C,1,1
40380,SAN DIEGO,CARLSBAD,2,0,7,1,9,C,1,0
40381,LOS ANGELES,NORWALK,7,0,3,1,9,C,0,1
40382,SAN DIEGO,SAN MARCOS,4,0,3,1,9,C,1,1
40383,SAN DIEGO,CARLSBAD,4,0,1,0,9,C,1,0
40384,SANTA CLARA,SAN JOSE,3,0,3,1,9,C,1,1
40385,SANTA CLARA,SANTA CLARA,2,0,3,1,9,C,0,1
40386,MONTEREY,UNINCORPORATED,6,0,7,0,9,C,1,1
40387,MONTEREY,UNINCORPORATED,6,0,1,1,9,C,0,0
40388,LOS ANGELES,WHITTIER,6,0,3,1,9,C,0,1
40389,ALAMEDA,OAKLAND,4,0,3,1,9,C,1,1
40390,LOS ANGELES,LOS ANGELES,2,0,3,1,9,C,0,1
40391,MONTEREY,SALINAS,1,0,3,1,9,C,1,1
40392,MONTEREY,UNINCORPORATED,4,0,3,1,9,C,1,1
40393,LOS ANGELES,LOS ANGELES,6,0,4,1,9,C,0,1
40394,ALAMEDA,OAKLAND,1,0,3,1,9,C,1,1
40395,MADERA,UNINCORPORATED,5,0,3,1,9,C,0,0
40396,LOS ANGELES,LOS ANGELES,2,0,3,1,9,C,0,1
40397,MONTEREY,UNINCORPORATED,3,0,3,0,9,C,0,0
40398,LOS ANGELES,LOS ANGELES,1,0,3,1,9,C,0,1
40399,MONTEREY,UNINCORPORATED,4,0,9,1,9,C,0,1
40400,MONTEREY,SALINAS,5,0,3,1,9,C,1,0
40401,MONTEREY,UNINCORPORATED,1,0,3,1,9,C,0,1
40402,LOS ANGELES,LOS ANGELES,3,0,3,1,9,C,0,1
40403,LOS ANGELES,LOS ANGELES,6,0,3,1,9,C,0,1
40404,MONTEREY,UNINCORPORATED,3,0,3,1,9,C,1,1
40405,LOS ANGELES,LOS ANGELES,5,0,3,1,9,C,0,0
40406,LOS ANGELES,LOS ANGELES,3,0,3,1,9,C,0,1
40407,SAN MATEO,SAN MATEO,1,0,3,1,9,C,1,1
40408,MONTEREY,UNINCORPORATED,5,0,3,1,9,C,1,1
40409,LOS ANGELES,LOS ANGELES,3,0,4,1,9,C,0,1