ID,County,City,Weekday,Severity,ViolCat,ClearWeather,Month,CrashType,Highway,Daylight
45900,LOS ANGELES,WEST HOLLYWOOD,6,0,12,1,9,C,0,1
45901,CONTRA COSTA,BRENTWOOD,4,0,3,1,9,C,0,0
45902,CONTRA COSTA,BRENTWOOD,5,0,3,1,9,C,0,1
45903,SAN BERNARDINO,ONTARIO,3,0,3,1,9,C,0,1
45904,SAN BERNARDINO,ONTARIO,2,0,3,1,9,C,0,1
45905,SAN BERNARDINO,ONTARIO,7,0,3,1,9,C,0,0
45906,ORANGE,IRVINE,4,0,3,1,9,C,0,0
45907,SAN BERNARDINO,ONTARIO,2,0,3,1,9,C,0,1
45908,SAN BERNARDINO,ONTARIO,1,0,4,1,9,C,0,1
45909,SAN BERNARDINO,ONTARIO,4,0,3,1,9,C,0,1
45910,SAN BERNARDINO,UPLAND,3,0,3,1,9,C,1,1
45911,SAN BERNARDINO,ONTARIO,1,0,1,1,9,C,1,1
45912,SAN BERNARDINO,ONTARIO,3,0,3,1,9,C,1,1
45913,SAN BERNARDINO,CHINO,1,0,3,1,9,C,1,1
45914,SAN BERNARDINO,RANCHO CUCAMONGA,1,0,3,1,9,C,1,0
45915,SAN BERNARDINO,CHINO,1,0,3,1,9,C,1,1
45916,SAN BERNARDINO,ONTARIO,1,0,3,1,9,C,1,1
45917,SAN BERNARDINO,ONTARIO,2,0,3,1,9,C,1,1
45918,SAN BERNARDINO,ONTARIO,2,0,3,1,9,C,0,0
45919,SAN BERNARDINO,ONTARIO,5,0,3,1,9,C,1,1
45920,SAN BERNARDINO,CHINO,4,0,3,1,9,C,0,1
45921,SAN BERNARDINO,FONTANA,3,0,3,1,9,C,1,0
45922,SAN BERNARDINO,FONTANA,5,0,3,1,9,C,1,1
45923,ORANGE,RCHO SNTA MARGARITA,2,0,3,1,9,C,0,1
45924,SAN LUIS OBISPO,SAN LUIS OBISPO,3,0,3,1,9,C,0,1
45925,SAN DIEGO,SAN MARCOS,1,0,3,1,9,C,0,1
45926,SAN BERNARDINO,FONTANA,6,0,3,1,9,C,1,0
45927,SAN BERNARDINO,RANCHO CUCAMONGA,2,0,3,1,9,C,1,1
45928,SONOMA,SANTA ROSA,3,0,3,1,10,C,0,0
45929,SONOMA,SANTA ROSA,5,0,3,1,10,C,0,1
45930,LOS ANGELES,REDONDO BEACH,7,0,3,1,11,C,0,1
45931,MONTEREY,SALINAS,1,0,3,1,10,C,0,1
45932,ORANGE,COSTA MESA,5,0,3,1,11,C,0,1
45933,SAN MATEO,UNINCORPORATED,1,0,4,1,11,C,1,0
45934,MONTEREY,SALINAS,6,0,3,1,10,C,0,1
45935,SANTA CLARA,MILPITAS,1,0,3,1,11,C,0,0
45936,SANTA CLARA,SAN JOSE,5,0,3,1,11,C,1,1
45937,SONOMA,SANTA ROSA,6,0,1,1,10,C,0,0
45938,MONTEREY,SALINAS,2,0,3,1,10,C,0,1
45939,SONOMA,SANTA ROSA,2,0,3,1,10,C,1,1
45940,LOS ANGELES,LONG BEACH,7,0,3,1,11,C,0,0
45941,LOS ANGELES,LANCASTER,1,0,4,1,11,C,0,0
45942,LOS ANGELES,LANCASTER,1,0,4,1,11,C,0,1
45943,MONTEREY,SALINAS,6,0,3,1,10,C,1,1
45944,SANTA CRUZ,WATSONVILLE,1,0,3,0,11,C,0,0
45945,RIVERSIDE,TEMECULA,3,0,3,1,11,C,1,1
45946,SONOMA,SANTA ROSA,6,1,3,1,10,C,1,0
45947,LOS ANGELES,LA VERNE,3,0,3,1,10,C,1,1
45948,KERN,BAKERSFIELD,1,0,8,1,10,C,0,0
45949,KERN,BAKERSFIELD,4,0,9,1,10,C,0,0
45950,SONOMA,SANTA ROSA,4,0,3,1,10,C,0,1
45951,TULARE,VISALIA,6,0,3,1,10,C,0,1
45952,TULARE,VISALIA,5,0,3,1,10,C,0,1
45953,ORANGE,HUNTINGTON BEACH,4,0,4,1,10,C,0,1
45954,RIVERSIDE,HEMET,4,0,1,1,10,C,0,1
45955,TULARE,VISALIA,3,0,3,1,10,C,0,1
45956,SAN MATEO,BURLINGAME,4,0,3,1,10,C,0,1
45957,ORANGE,HUNTINGTON BEACH,5,0,1,1,10,C,1,1
45958,ORANGE,YORBA LINDA,2,0,3,1,10,C,0,1
45959,LOS ANGELES,AZUSA,7,0,3,1,10,C,0,1
45960,ORANGE,HUNTINGTON BEACH,2,0,4,1,10,C,0,1
45961,LOS ANGELES,WHITTIER,2,0,3,1,10,C,0,1
45962,SAN MATEO,REDWOOD CITY,1,0,3,0,10,C,1,0
45963,SAN DIEGO,CARLSBAD,5,0,3,1,10,C,1,0
45964,SAN DIEGO,ESCONDIDO,3,0,3,1,10,C,1,0
45965,LOS ANGELES,COMMERCE,7,0,4,0,10,C,0,1
45966,TULARE,VISALIA,3,0,3,1,10,C,0,1
45967,SANTA CLARA,SUNNYVALE,3,0,3,1,10,C,1,1
45968,SANTA CLARA,SUNNYVALE,3,0,3,1,10,C,1,1
45969,LOS ANGELES,WEST HOLLYWOOD,5,0,4,1,5,C,0,1
45970,SANTA CLARA,SAN JOSE,1,0,3,0,10,C,1,0
45971,LOS ANGELES,WEST HOLLYWOOD,4,0,3,1,6,C,0,1
45972,VENTURA,SANTA PAULA,3,0,3,1,9,C,1,1
45973,LOS ANGELES,COMPTON,4,0,3,1,10,C,0,1
45974,VENTURA,SANTA PAULA,5,0,3,1,9,C,1,1
45975,SAN FRANCISCO,SAN FRANCISCO,3,0,4,1,10,C,1,1
45976,SAN DIEGO,CARLSBAD,3,0,3,1,10,C,0,0
45977,SAN MATEO,REDWOOD CITY,4,0,3,1,10,C,0,1
45978,SACRAMENTO,SACRAMENTO,5,0,3,1,11,C,0,0
45979,SAN DIEGO,OCEANSIDE,7,0,8,1,10,C,0,1
45980,SAN BERNARDINO,RANCHO CUCAMONGA,4,0,3,1,9,C,1,1
45981,CONTRA COSTA,CONCORD,2,0,3,0,10,C,0,1
45982,SACRAMENTO,SACRAMENTO,6,0,3,1,11,C,0,0
45983,SAN DIEGO,OCEANSIDE,5,0,1,1,10,C,0,1
45984,LOS ANGELES,SANTA FE SPRINGS,6,0,3,1,10,C,0,1
45985,SACRAMENTO,SACRAMENTO,3,0,3,1,11,C,0,1
45986,SAN BERNARDINO,UPLAND,6,0,1,1,9,C,1,0
45987,ORANGE,GARDEN GROVE,7,0,3,1,10,C,0,1
45988,SAN BERNARDINO,MONTCLAIR,1,0,3,1,9,C,1,1
45989,SAN JOAQUIN,UNINCORPORATED,3,0,3,1,11,C,1,0
45990,EL DORADO,UNINCORPORATED,2,0,3,1,11,C,0,1
45991,SANTA CLARA,MILPITAS,4,0,3,1,10,C,1,1
45992,SAN JOAQUIN,LODI,4,0,3,1,11,C,1,1
45993,SANTA CLARA,SUNNYVALE,4,0,3,1,10,C,0,1
45994,SANTA CLARA,SUNNYVALE,3,0,3,1,10,C,0,0
45995,SANTA CLARA,MILPITAS,4,0,3,1,10,C,0,1
45996,ORANGE,LA HABRA,3,0,3,1,10,C,0,1
45997,LOS ANGELES,LOS ANGELES,4,0,3,1,10,C,1,1
45998,LOS ANGELES,LOS ANGELES,4,0,3,1,10,C,1,0
45999,LOS ANGELES,LOS ANGELES,5,0,1,1,10,C,1,1
46000,ORANGE,YORBA LINDA,1,0,3,0,10,C,0,1
46001,LOS ANGELES,LOS ANGELES,6,0,3,1,10,C,1,1
46002,LOS ANGELES,LOS ANGELES,1,0,3,0,10,C,1,1
46003,SONOMA,SANTA ROSA,5,0,3,1,9,C,0,1
46004,LOS ANGELES,LOS ANGELES,1,0,3,1,10,C,1,1
46005,SONOMA,SANTA ROSA,4,0,3,0,9,C,0,1
46006,SONOMA,SANTA ROSA,7,0,3,1,10,C,0,1
46007,SONOMA,SANTA ROSA,3,0,3,1,10,C,0,1
46008,SONOMA,SANTA ROSA,1,0,3,1,9,C,0,1
46009,SONOMA,SANTA ROSA,7,0,3,1,10,C,0,1
46010,RIVERSIDE,HEMET,2,0,3,1,10,C,0,1
46011,SONOMA,SANTA ROSA,2,0,3,1,11,C,0,1
46012,ORANGE,BREA,5,0,3,1,10,C,1,1
46013,SONOMA,SANTA ROSA,3,0,3,1,10,C,0,1
46014,SONOMA,SANTA ROSA,7,0,4,0,10,C,1,1
46015,SONOMA,SANTA ROSA,3,0,3,1,10,C,1,1
46016,SONOMA,SANTA ROSA,1,0,3,1,10,C,0,1
46017,SONOMA,SANTA ROSA,1,0,3,1,10,C,1,1
46018,HUMBOLDT,UNINCORPORATED,1,0,3,1,10,C,1,1
46019,TULARE,VISALIA,3,0,3,1,10,C,0,1
46020,TULARE,VISALIA,7,0,8,1,10,C,0,1
46021,SAN MATEO,REDWOOD CITY,4,0,3,1,10,C,0,1
46022,TULARE,UNINCORPORATED,4,0,3,1,10,C,1,1
46023,TULARE,VISALIA,5,0,3,1,10,C,0,1
46024,TULARE,VISALIA,3,0,3,1,10,C,0,1
46025,TULARE,VISALIA,5,0,3,1,10,C,0,1
46026,TULARE,VISALIA,4,0,3,1,10,C,0,1
46027,TULARE,VISALIA,2,1,8,1,10,C,0,1
46028,LOS ANGELES,COMPTON,6,1,3,1,10,C,0,1
46029,SHASTA,UNINCORPORATED,5,0,3,1,10,C,0,1
46030,SAN DIEGO,OCEANSIDE,2,0,3,1,10,C,0,1
46031,SANTA CLARA,CUPERTINO,1,0,3,1,11,C,1,0
46032,SANTA CLARA,SAN JOSE,1,0,3,1,11,C,1,1
46033,ORANGE,LA HABRA,3,0,3,1,10,C,0,0
46034,KERN,BAKERSFIELD,6,0,3,1,11,C,0,1
46035,FRESNO,UNINCORPORATED,5,0,8,1,10,C,1,0
46036,INYO,UNINCORPORATED,2,0,3,1,11,C,1,1
46037,SANTA CLARA,MILPITAS,3,0,3,1,10,C,1,1
46038,SANTA CLARA,SAN JOSE,1,0,3,1,10,C,1,1
46039,CONTRA COSTA,CONCORD,5,0,3,1,11,C,0,1
46040,MARIN,UNINCORPORATED,4,0,3,1,10,C,1,0
46041,SONOMA,UNINCORPORATED,4,0,3,1,10,C,1,1
46042,SANTA CLARA,MILPITAS,6,0,4,1,10,C,0,1
46043,LOS ANGELES,PASADENA,7,0,3,1,9,C,1,1
46044,MARIN,NOVATO,5,0,3,1,10,C,1,1
46045,SAN DIEGO,SAN MARCOS,2,0,3,1,10,C,1,1
46046,SAN DIEGO,VISTA,4,0,3,1,10,C,1,1
46047,SAN BERNARDINO,HIGHLAND,6,0,8,1,10,C,0,1
46048,LOS ANGELES,BURBANK,5,0,3,1,10,C,0,1
46049,LOS ANGELES,GLENDALE,5,0,3,1,10,C,0,1
46050,LOS ANGELES,GLENDALE,5,0,7,1,10,C,1,1
46051,LOS ANGELES,BURBANK,6,0,3,1,10,C,1,1
46052,SAN DIEGO,ESCONDIDO,3,0,3,1,10,C,1,0
46053,LOS ANGELES,BURBANK,2,0,3,0,10,C,1,0
46054,MARIN,UNINCORPORATED,4,0,3,1,10,C,1,1
46055,MARIN,UNINCORPORATED,3,0,3,1,10,C,0,0
46056,ALAMEDA,OAKLAND,3,0,3,1,10,C,1,1
46057,MARIN,NOVATO,5,0,3,1,10,C,1,1
46058,LOS ANGELES,LOS ANGELES,2,0,3,1,10,C,1,1
46059,LOS ANGELES,LOS ANGELES,3,0,3,1,10,C,1,1
46060,LOS ANGELES,BURBANK,3,0,3,1,10,C,0,1
46061,MARIN,UNINCORPORATED,6,0,3,1,10,C,0,1
46062,MARIN,CORTE MADERA,3,0,3,1,10,C,1,1
46063,ORANGE,MISSION VIEJO,2,0,3,1,10,C,0,1
46064,ORANGE,MISSION VIEJO,3,0,3,0,10,C,0,1
46065,RIVERSIDE,TEMECULA,2,0,3,0,10,C,1,1
46066,STANISLAUS,UNINCORPORATED,4,0,3,1,10,C,1,1
46067,SAN JOAQUIN,TRACY,7,0,4,1,10,C,0,1
46068,LOS ANGELES,PASADENA,4,0,3,1,10,C,1,1
46069,STANISLAUS,UNINCORPORATED,7,0,3,1,10,C,0,0
46070,LOS ANGELES,LOS ANGELES,6,0,3,1,10,C,1,0
46071,LOS ANGELES,GLENDALE,7,0,3,1,10,C,1,1
46072,LOS ANGELES,LOS ANGELES,4,0,3,1,10,C,1,1
46073,LOS ANGELES,LOS ANGELES,3,0,3,0,10,C,1,1
46074,RIVERSIDE,RIVERSIDE,6,0,8,1,10,C,0,0
46075,RIVERSIDE,RIVERSIDE,1,0,3,0,11,C,1,1
46076,ORANGE,MISSION VIEJO,7,0,3,1,11,C,0,1
46077,ORANGE,DANA POINT,7,0,3,1,11,C,0,1
46078,MARIN,UNINCORPORATED,3,0,3,1,10,C,1,1
46079,LOS ANGELES,GLENDALE,1,0,3,1,9,C,1,1
46080,LOS ANGELES,GLENDALE,4,0,3,1,9,C,1,1
46081,LOS ANGELES,GLENDALE,4,0,3,1,9,C,1,1
46082,LOS ANGELES,GLENDALE,5,0,3,1,9,C,1,1
46083,LOS ANGELES,LOS ANGELES,4,0,3,1,9,C,1,1
46084,LOS ANGELES,LOS ANGELES,6,0,3,1,10,C,0,1
46085,LOS ANGELES,LOS ANGELES,1,0,1,1,10,C,0,1
46086,LOS ANGELES,LOS ANGELES,3,0,3,1,10,C,1,0
46087,LOS ANGELES,GLENDALE,1,0,3,1,10,C,1,1
46088,LOS ANGELES,BURBANK,4,0,3,1,10,C,1,0
46089,LOS ANGELES,LOS ANGELES,5,0,3,1,10,C,1,1
46090,LOS ANGELES,LOS ANGELES,2,0,3,1,10,C,1,0
46091,LOS ANGELES,PASADENA,3,0,3,1,10,C,1,1
46092,LOS ANGELES,LOS ANGELES,7,0,3,1,10,C,1,0
46093,LOS ANGELES,BURBANK,6,0,3,1,10,C,1,1
46094,LOS ANGELES,BURBANK,2,0,3,1,10,C,1,0
46095,LOS ANGELES,INDUSTRY,2,0,3,1,10,C,0,0
46096,LOS ANGELES,BURBANK,4,0,3,1,10,C,1,1
46097,SAN DIEGO,LA MESA,2,0,8,1,10,C,1,1
46098,LOS ANGELES,LA PUENTE,2,0,7,1,10,C,0,1
46099,LOS ANGELES,BURBANK,2,0,3,1,10,C,1,0
46100,LOS ANGELES,LA PUENTE,7,0,3,0,10,C,0,1
46101,LOS ANGELES,LOS ANGELES,7,0,3,1,10,C,0,0
46102,BUTTE,UNINCORPORATED,1,0,3,0,10,C,0,1
46103,LOS ANGELES,LOS ANGELES,6,0,3,1,10,C,0,1
46104,KERN,DELANO,1,0,3,1,10,C,0,1
46105,STANISLAUS,CERES,4,0,3,1,10,C,0,0
46106,VENTURA,VENTURA,4,0,3,1,10,C,0,1
46107,SAN LUIS OBISPO,UNINCORPORATED,5,0,3,1,10,C,0,1
46108,SACRAMENTO,ELK GROVE,1,0,3,1,10,C,0,1
46109,MADERA,UNINCORPORATED,5,0,3,1,10,C,0,0
46110,LOS ANGELES,COVINA,1,0,3,1,10,C,0,1
46111,ORANGE,ANAHEIM,5,0,3,1,10,C,0,0
46112,LOS ANGELES,LOS ANGELES,3,0,4,1,10,C,0,1
46113,LOS ANGELES,LOS ANGELES,1,0,3,1,11,C,0,0
46114,VENTURA,VENTURA,3,0,3,1,10,C,1,1
46115,LOS ANGELES,LOS ANGELES,4,0,3,1,10,C,0,1
46116,VENTURA,UNINCORPORATED,7,0,1,1,11,C,0,0
46117,MONTEREY,UNINCORPORATED,5,0,3,1,11,C,0,1
46118,LOS ANGELES,LOS ANGELES,1,0,7,1,11,C,0,1
46119,MONTEREY,UNINCORPORATED,4,0,3,1,10,C,0,0
46120,LOS ANGELES,LOS ANGELES,2,0,3,1,10,C,0,1
46121,LOS ANGELES,LOS ANGELES,1,0,4,1,10,C,0,0
46122,MONTEREY,UNINCORPORATED,2,0,3,1,10,C,1,0
46123,LOS ANGELES,LOS ANGELES,1,0,3,0,10,C,0,1
46124,LOS ANGELES,LOS ANGELES,4,0,3,1,10,C,1,1
46125,KERN,BAKERSFIELD,6,0,3,1,11,C,1,0
46126,KERN,UNINCORPORATED,4,0,1,1,10,C,1,0
46127,KERN,BAKERSFIELD,3,0,4,1,11,C,1,0
46128,KERN,UNINCORPORATED,6,0,3,1,11,C,0,1
46129,KERN,BAKERSFIELD,2,0,3,1,11,C,1,1
46130,KERN,UNINCORPORATED,1,0,7,0,10,C,1,1
46131,KERN,UNINCORPORATED,1,0,3,0,10,C,0,1
46132,KERN,UNINCORPORATED,3,0,3,1,10,C,1,1
46133,KERN,UNINCORPORATED,4,0,3,1,10,C,1,0
46134,LOS ANGELES,LOS ANGELES,3,0,3,1,10,C,1,0
46135,LOS ANGELES,NORWALK,4,0,4,1,10,C,0,1
46136,LOS ANGELES,LOS ANGELES,6,0,3,1,11,C,0,1
46137,SAN BERNARDINO,REDLANDS,3,0,4,1,7,C,0,1
46138,LASSEN,SUSANVILLE,1,0,3,1,10,C,0,1
46139,LOS ANGELES,LOS ANGELES,1,0,3,0,10,C,0,1
46140,LOS ANGELES,PASADENA,3,0,3,1,1,C,0,1
46141,SONOMA,SANTA ROSA,3,0,3,1,9,C,0,1
46142,KERN,UNINCORPORATED,7,0,3,1,10,C,1,0
46143,KERN,UNINCORPORATED,2,0,3,1,10,C,0,1
46144,KERN,UNINCORPORATED,2,0,3,1,10,C,0,0
46145,SONOMA,SANTA ROSA,2,0,8,1,7,C,0,1
46146,SONOMA,SANTA ROSA,4,0,3,1,9,C,0,1
46147,SONOMA,SANTA ROSA,1,0,3,0,9,C,0,1
46148,RIVERSIDE,RIVERSIDE,3,0,3,1,11,C,0,0
46149,SONOMA,SANTA ROSA,7,0,3,1,8,C,0,1
46150,SONOMA,SANTA ROSA,6,0,1,1,9,C,0,0
46151,SAN BERNARDINO,RANCHO CUCAMONGA,5,0,3,1,10,C,0,1
46152,KERN,UNINCORPORATED,1,0,3,1,11,C,1,1
46153,SONOMA,SANTA ROSA,4,0,3,1,9,C,0,1
46154,SONOMA,SANTA ROSA,2,0,3,1,9,C,0,1
46155,LOS ANGELES,LOS ANGELES,7,1,3,1,9,C,0,0
46156,SONOMA,SANTA ROSA,3,0,3,1,9,C,0,1
46157,SONOMA,SANTA ROSA,2,0,3,1,9,C,0,1
46158,SONOMA,SANTA ROSA,4,0,3,1,9,C,0,1
46159,SONOMA,SANTA ROSA,3,0,3,0,9,C,0,1
46160,SONOMA,SANTA ROSA,1,0,3,1,9,C,1,1
46161,SONOMA,SANTA ROSA,5,0,3,1,9,C,0,1
46162,SONOMA,SANTA ROSA,7,0,3,0,9,C,0,1
46163,KERN,UNINCORPORATED,2,0,3,0,10,C,0,1
46164,LOS ANGELES,LOS ANGELES,1,0,3,1,10,C,0,1
46165,SACRAMENTO,RANCHO CORDOVA,5,0,3,1,10,C,1,1
46166,MONTEREY,UNINCORPORATED,2,0,3,1,10,C,0,1
46167,SACRAMENTO,ELK GROVE,3,0,9,1,10,C,0,1
46168,KERN,UNINCORPORATED,3,0,1,1,10,C,0,0
46169,LOS ANGELES,LOS ANGELES,1,0,8,0,10,C,0,0
46170,LOS ANGELES,LOS ANGELES,2,0,3,1,10,C,0,0
46171,LOS ANGELES,LOS ANGELES,4,0,3,1,10,C,0,1
46172,ORANGE,ANAHEIM,2,0,3,1,10,C,0,1
46173,LOS ANGELES,LOS ANGELES,4,0,1,1,10,C,0,0
46174,LOS ANGELES,LOS ANGELES,1,0,3,1,10,C,0,0
46175,LOS ANGELES,LOS ANGELES,3,0,3,1,10,C,0,1
46176,KERN,BAKERSFIELD,6,0,8,1,10,C,1,1
46177,KERN,BAKERSFIELD,4,0,3,1,10,C,1,1
46178,LOS ANGELES,LOS ANGELES,4,0,3,0,10,C,0,1
46179,LOS ANGELES,LOS ANGELES,6,0,4,1,10,C,0,1
46180,LOS ANGELES,LOS ANGELES,5,0,3,1,10,C,1,1
46181,LOS ANGELES,LOS ANGELES,4,0,3,1,10,C,0,1
46182,LOS ANGELES,LOS ANGELES,5,0,4,1,10,C,0,1
46183,LOS ANGELES,LOS ANGELES,4,0,3,0,10,C,1,0
46184,LOS ANGELES,LOS ANGELES,3,0,3,1,10,C,0,0
46185,LOS ANGELES,LOS ANGELES,7,0,3,1,10,C,1,0
46186,LOS ANGELES,LOS ANGELES,1,0,3,0,10,C,0,0
46187,YUBA,MARYSVILLE,2,0,3,1,10,C,0,1
46188,LOS ANGELES,LOS ANGELES,5,1,3,1,10,C,1,1
46189,LOS ANGELES,LOS ANGELES,3,0,3,1,10,C,1,1
46190,LOS ANGELES,LOS ANGELES,5,0,7,1,10,C,1,1
46191,LOS ANGELES,LOS ANGELES,1,0,4,1,10,C,0,0
46192,LOS ANGELES,LOS ANGELES,2,0,3,1,10,C,0,1
46193,LOS ANGELES,LOS ANGELES,1,0,4,1,10,C,1,1
46194,LOS ANGELES,LOS ANGELES,3,0,3,1,10,C,1,1
46195,LOS ANGELES,LOS ANGELES,3,0,3,1,10,C,0,1
46196,LOS ANGELES,LOS ANGELES,1,0,3,0,10,C,0,1
46197,LOS ANGELES,LOS ANGELES,7,0,1,1,10,C,0,0
46198,LOS ANGELES,LOS ANGELES,6,0,3,1,10,C,1,1
46199,LOS ANGELES,LOS ANGELES,5,0,3,1,10,C,1,1
46200,LOS ANGELES,LOS ANGELES,7,0,3,1,10,C,1,1
46201,LOS ANGELES,LOS ANGELES,3,0,3,1,10,C,1,0
46202,LOS ANGELES,LOS ANGELES,3,0,3,1,10,C,1,1
46203,SONOMA,SANTA ROSA,2,0,3,1,10,C,0,1
46204,LOS ANGELES,LOS ANGELES,4,0,3,1,10,C,0,0
46205,LOS ANGELES,LOS ANGELES,4,0,3,1,10,C,1,0
46206,SONOMA,SANTA ROSA,4,0,3,1,10,C,0,1
46207,LOS ANGELES,LOS ANGELES,4,0,3,1,10,C,1,0
46208,LOS ANGELES,LOS ANGELES,2,0,3,1,10,C,1,1
46209,LOS ANGELES,LOS ANGELES,7,0,3,1,10,C,1,0
46210,SONOMA,SANTA ROSA,2,0,3,1,10,C,0,1
46211,LOS ANGELES,LOS ANGELES,2,0,3,1,10,C,1,1
46212,SONOMA,SANTA ROSA,5,0,3,1,10,C,0,1
46213,RIVERSIDE,CANYON LAKE,3,0,3,1,10,C,0,1
46214,SACRAMENTO,ELK GROVE,5,0,3,1,11,C,0,1
46215,LOS ANGELES,LOS ANGELES,3,0,4,1,10,C,0,0
46216,KERN,UNINCORPORATED,5,0,3,1,11,C,0,1
46217,LOS ANGELES,LOS ANGELES,5,0,3,1,11,C,1,0
46218,LOS ANGELES,LOS ANGELES,5,0,4,1,11,C,0,1
46219,KERN,UNINCORPORATED,5,0,3,1,11,C,0,1
46220,LOS ANGELES,LOS ANGELES,5,0,3,1,11,C,0,0
46221,LOS ANGELES,LOS ANGELES,1,0,3,0,11,C,0,1
46222,LOS ANGELES,LOS ANGELES,6,0,3,1,11,C,0,1
46223,LOS ANGELES,LOS ANGELES,5,0,3,1,11,C,1,0
46224,LOS ANGELES,LOS ANGELES,5,0,3,1,11,C,1,1
46225,KERN,UNINCORPORATED,2,0,3,1,11,C,0,1
46226,LOS ANGELES,LOS ANGELES,6,0,3,1,11,C,0,0
46227,KERN,BAKERSFIELD,2,0,3,1,11,C,1,1
46228,KERN,UNINCORPORATED,2,0,3,1,11,C,0,0
46229,LOS ANGELES,LOS ANGELES,6,0,8,1,11,C,0,0
46230,LOS ANGELES,LOS ANGELES,1,0,3,1,11,C,0,1
46231,LOS ANGELES,LOS ANGELES,1,0,4,1,11,C,0,1
46232,LOS ANGELES,LOS ANGELES,6,0,3,1,11,C,0,1
46233,LOS ANGELES,LOS ANGELES,6,0,1,1,11,C,0,0
46234,LOS ANGELES,LOS ANGELES,5,0,3,1,11,C,0,0
46235,LOS ANGELES,LOS ANGELES,7,0,3,1,11,C,0,1
46236,LOS ANGELES,LOS ANGELES,6,0,4,1,11,C,0,1
46237,LOS ANGELES,LOS ANGELES,7,0,4,1,11,C,0,1
46238,LOS ANGELES,LOS ANGELES,6,0,4,1,11,C,0,1
46239,LOS ANGELES,LOS ANGELES,6,0,3,1,11,C,0,0
46240,MONTEREY,UNINCORPORATED,7,0,3,1,11,C,0,0
46241,STANISLAUS,CERES,5,0,4,1,11,C,0,0
46242,SAN DIEGO,VISTA,1,0,4,1,11,C,0,1
46243,SAN DIEGO,VISTA,4,0,3,1,11,C,0,1
46244,LOS ANGELES,LOS ANGELES,3,0,3,1,10,C,1,1
46245,ALAMEDA,OAKLAND,5,0,8,1,8,C,0,0
46246,SACRAMENTO,SACRAMENTO,4,0,3,1,10,C,1,1
46247,SACRAMENTO,ELK GROVE,7,0,3,1,11,C,0,1
46248,SACRAMENTO,ELK GROVE,3,0,3,1,11,C,0,1
46249,SAN DIEGO,EL CAJON,1,0,8,1,9,C,0,1
46250,KINGS,UNINCORPORATED,2,0,3,1,10,C,1,1
46251,ALAMEDA,OAKLAND,2,0,3,1,10,C,1,1
46252,MONTEREY,MONTEREY,2,0,3,1,10,C,0,1
46253,KINGS,HANFORD,2,0,3,1,10,C,0,0
46254,KINGS,HANFORD,1,0,3,1,10,C,0,1
46255,YOLO,WEST SACRAMENTO,1,0,3,1,10,C,1,0
46256,SOLANO,VALLEJO,4,0,1,1,10,C,0,0
46257,SAN BERNARDINO,RANCHO CUCAMONGA,6,0,3,1,10,C,0,1
46258,LOS ANGELES,PALMDALE,1,0,3,1,10,C,0,1
46259,LOS ANGELES,PALMDALE,4,0,4,1,10,C,0,0
46260,LOS ANGELES,PALMDALE,6,0,4,1,10,C,0,0
46261,LOS ANGELES,PALMDALE,3,0,3,1,10,C,0,0
46262,LOS ANGELES,PALMDALE,6,0,3,1,10,C,0,1
46263,SAN DIEGO,ESCONDIDO,7,0,3,0,10,C,0,1
46264,SAN DIEGO,ESCONDIDO,1,0,3,0,10,C,0,1
46265,LOS ANGELES,SANTA CLARITA,7,0,3,1,10,C,0,1
46266,LOS ANGELES,SANTA CLARITA,3,0,3,1,10,C,0,0
46267,SOLANO,VALLEJO,1,0,3,1,10,C,0,1
46268,SOLANO,VALLEJO,2,0,3,1,10,C,0,1
46269,SOLANO,VALLEJO,5,0,3,1,11,C,1,1
46270,SOLANO,FAIRFIELD,5,0,3,1,11,C,1,1
46271,LOS ANGELES,GLENDALE,5,0,3,1,11,C,0,1
46272,ORANGE,SEAL BEACH,3,0,3,1,10,C,0,1
46273,ORANGE,SANTA ANA,3,0,3,1,10,C,0,1
46274,ORANGE,SANTA ANA,4,0,3,1,10,C,0,1
46275,LOS ANGELES,MONTEBELLO,6,0,1,1,10,C,1,0
46276,LOS ANGELES,LYNWOOD,3,0,7,1,11,C,1,0
46277,LOS ANGELES,COMMERCE,6,0,3,1,11,C,1,0
46278,LOS ANGELES,ROSEMEAD,5,0,3,1,11,C,1,0
46279,VENTURA,VENTURA,5,1,3,1,11,C,1,0
46280,VENTURA,VENTURA,5,0,3,1,11,C,1,1
46281,LOS ANGELES,LOS ANGELES,5,0,9,1,11,C,0,1
46282,LOS ANGELES,LOS ANGELES,5,0,3,0,11,C,0,0
46283,LOS ANGELES,LOS ANGELES,5,0,9,1,11,C,0,1
46284,LOS ANGELES,LOS ANGELES,3,0,4,1,11,C,0,1
46285,LOS ANGELES,LOS ANGELES,4,0,7,1,11,C,0,1
46286,LOS ANGELES,LOS ANGELES,2,0,7,1,11,C,0,1
46287,LOS ANGELES,LOS ANGELES,6,0,3,1,11,C,0,1