ID,County,City,Weekday,Severity,ViolCat,ClearWeather,Month,CrashType,Highway,Daylight
51720,SANTA CLARA,PALO ALTO,4,0,3,1,12,C,0,1
51721,LOS ANGELES,POMONA,2,0,3,1,11,C,0,0
51722,LOS ANGELES,LOS ANGELES,2,0,4,1,12,C,0,1
51723,LOS ANGELES,ARCADIA,5,0,3,1,12,C,0,1
51724,LOS ANGELES,LOS ANGELES,1,0,3,1,12,C,0,1
51725,LOS ANGELES,LOS ANGELES,4,0,4,1,12,C,0,1
51726,LOS ANGELES,ARCADIA,2,0,3,1,12,C,0,0
51727,LOS ANGELES,LOS ANGELES,3,0,3,1,12,C,0,1
51728,LOS ANGELES,LOS ANGELES,1,0,3,1,12,C,1,0
51729,LOS ANGELES,LOS ANGELES,4,0,4,1,12,C,0,1
51730,LOS ANGELES,LOS ANGELES,1,0,4,1,12,C,0,0
51731,SANTA CLARA,MILPITAS,3,0,3,1,12,C,0,1
51732,LOS ANGELES,LOS ANGELES,6,0,4,0,12,C,0,1
51733,LOS ANGELES,BURBANK,2,0,3,1,12,C,0,1
51734,TULARE,PORTERVILLE,2,0,3,1,12,C,0,1
51735,LOS ANGELES,LOS ANGELES,4,0,4,1,12,C,0,0
51736,LOS ANGELES,LOS ANGELES,6,0,4,0,12,C,0,1
51737,RIVERSIDE,TEMECULA,7,0,3,1,12,C,0,0
51738,RIVERSIDE,TEMECULA,7,0,3,1,12,C,0,1
51739,LOS ANGELES,LOS ANGELES,5,0,7,1,12,C,1,0
51740,RIVERSIDE,TEMECULA,7,0,3,1,12,C,0,0
51741,LOS ANGELES,LOS ANGELES,6,0,3,1,12,C,0,0
51742,RIVERSIDE,TEMECULA,5,0,3,1,12,C,0,0
51743,LOS ANGELES,LOS ANGELES,4,0,4,1,12,C,1,0
51744,LOS ANGELES,LOS ANGELES,5,0,4,1,12,C,0,0
51745,LOS ANGELES,LOS ANGELES,1,0,4,1,12,C,0,1
51746,LOS ANGELES,LOS ANGELES,4,0,3,1,12,C,0,1
51747,LOS ANGELES,LOS ANGELES,1,0,3,1,12,C,0,1
51748,LOS ANGELES,LOS ANGELES,6,0,3,1,12,C,0,0
51749,LOS ANGELES,LOS ANGELES,1,0,3,1,12,C,0,1
51750,LOS ANGELES,LOS ANGELES,4,0,4,1,12,C,0,1
51751,LOS ANGELES,LOS ANGELES,7,0,3,1,12,C,0,1
51752,LOS ANGELES,LOS ANGELES,7,0,3,1,12,C,1,1
51753,LOS ANGELES,POMONA,4,0,3,0,12,C,1,1
51754,SANTA CLARA,MILPITAS,5,0,3,1,12,C,0,0
51755,SOLANO,VACAVILLE,5,0,3,1,12,C,0,0
51756,LOS ANGELES,LOS ANGELES,3,0,1,1,12,C,0,0
51757,LOS ANGELES,TORRANCE,5,0,3,1,3,C,1,1
51758,LOS ANGELES,LYNWOOD,2,0,3,1,3,C,1,1
51759,FRESNO,FIREBAUGH,6,0,4,1,8,C,0,1
51760,LOS ANGELES,LOS ANGELES,6,0,3,1,3,C,1,1
51761,LOS ANGELES,CARSON,6,0,3,1,3,C,1,1
51762,LOS ANGELES,LOS ANGELES,5,0,3,1,3,C,0,0
51763,LOS ANGELES,PICO RIVERA,4,0,3,1,10,C,0,1
51764,SANTA CLARA,SANTA CLARA,1,0,3,1,11,C,0,0
51765,LOS ANGELES,PICO RIVERA,2,0,4,1,10,C,0,0
51766,MENDOCINO,WILLITS,1,0,4,1,10,C,1,1
51767,SUTTER,YUBA CITY,5,0,3,1,11,C,1,0
51768,ORANGE,ALISO VIEJO,5,0,3,1,11,C,0,0
51769,LOS ANGELES,LOS ANGELES,1,0,3,1,12,C,1,0
51770,ALAMEDA,HAYWARD,1,0,1,1,11,C,0,0
51771,ALAMEDA,HAYWARD,2,0,9,1,11,C,0,0
51772,LOS ANGELES,PASADENA,5,0,3,1,12,C,1,0
51773,LOS ANGELES,LOS ANGELES,1,0,3,1,12,C,0,0
51774,LOS ANGELES,CERRITOS,4,0,1,0,12,C,0,1
51775,ORANGE,ANAHEIM,4,0,3,1,12,C,0,0
51776,ORANGE,MISSION VIEJO,4,0,3,1,12,C,1,1
51777,ORANGE,SAN JUAN CAPISTRANO,7,0,3,1,12,C,1,1
51778,LOS ANGELES,SANTA MONICA,2,0,3,1,12,C,0,1
51779,SONOMA,SONOMA,2,0,3,1,12,C,1,1
51780,ORANGE,MISSION VIEJO,4,0,3,1,12,C,1,1
51781,SONOMA,WINDSOR,4,0,3,1,12,C,0,1
51782,SOLANO,FAIRFIELD,5,0,3,0,12,C,0,0
51783,RIVERSIDE,CORONA,4,0,3,1,12,C,1,0
51784,SAN MATEO,BURLINGAME,5,0,3,0,12,C,0,1
51785,CONTRA COSTA,SAN RAMON,3,0,3,0,12,C,0,0
51786,ORANGE,GARDEN GROVE,5,0,3,1,12,C,1,0
51787,LOS ANGELES,SOUTH EL MONTE,1,0,3,1,12,C,0,1
51788,ORANGE,GARDEN GROVE,6,0,3,1,12,C,1,0
51789,ORANGE,SEAL BEACH,3,0,3,1,12,C,1,1
51790,LOS ANGELES,PICO RIVERA,7,0,4,1,12,C,0,1
51791,SAN LUIS OBISPO,UNINCORPORATED,1,0,3,1,12,C,0,1
51792,SUTTER,YUBA CITY,1,0,3,1,12,C,0,0
51793,MONTEREY,MONTEREY,1,0,3,1,12,C,0,1
51794,SACRAMENTO,SACRAMENTO,5,0,3,1,12,C,0,1
51795,LOS ANGELES,HAWTHORNE,4,0,3,1,12,C,0,0
51796,SACRAMENTO,SACRAMENTO,6,0,3,1,12,C,1,0
51797,SACRAMENTO,SACRAMENTO,1,0,3,1,12,C,0,1
51798,ORANGE,YORBA LINDA,2,0,3,1,12,C,0,1
51799,ORANGE,LAGUNA HILLS,4,0,3,1,12,C,0,1
51800,SACRAMENTO,SACRAMENTO,1,0,3,1,12,C,0,1
51801,LOS ANGELES,MONTEREY PARK,6,0,3,1,12,C,0,1
51802,SACRAMENTO,ELK GROVE,4,0,3,1,12,C,0,1
51803,ORANGE,LA HABRA,1,0,3,1,12,C,1,0
51804,LOS ANGELES,POMONA,4,0,8,1,12,C,1,1
51805,SAN DIEGO,OCEANSIDE,4,0,3,1,12,C,0,1
51806,SAN FRANCISCO,SAN FRANCISCO,5,0,3,1,12,C,1,1
51807,SAN FRANCISCO,SAN FRANCISCO,1,0,3,1,12,C,0,0
51808,LOS ANGELES,MONTEREY PARK,5,0,1,1,12,C,0,0
51809,ORANGE,LA HABRA,1,0,3,1,12,C,1,1
51810,SAN MATEO,SAN BRUNO,4,0,3,1,12,C,1,1
51811,ORANGE,LA HABRA,5,0,4,1,12,C,0,1
51812,LOS ANGELES,GLENDALE,6,0,4,1,12,C,0,1
51813,LOS ANGELES,PICO RIVERA,1,0,4,1,12,C,0,1
51814,SAN BERNARDINO,SAN BERNARDINO,1,0,3,0,12,C,1,0
51815,SAN BERNARDINO,RIALTO,2,0,3,0,12,C,1,0
51816,LOS ANGELES,LOS ANGELES,7,0,4,1,12,C,0,1
51817,LOS ANGELES,LOS ANGELES,1,0,4,1,12,C,0,0
51818,LOS ANGELES,LOS ANGELES,2,0,12,1,12,C,0,1
51819,LOS ANGELES,LOS ANGELES,4,0,4,1,12,C,0,1
51820,LOS ANGELES,LOS ANGELES,6,0,8,0,12,C,0,1
51821,LOS ANGELES,LOS ANGELES,6,0,3,1,12,C,0,0
51822,LOS ANGELES,LOS ANGELES,4,0,1,1,12,C,0,0
51823,LOS ANGELES,LOS ANGELES,6,0,3,1,12,C,1,0
51824,LOS ANGELES,LOS ANGELES,5,0,3,1,12,C,1,1
51825,LOS ANGELES,LOS ANGELES,5,0,3,1,12,C,1,1
51826,LOS ANGELES,LOS ANGELES,4,0,3,1,12,C,1,1
51827,LOS ANGELES,LOS ANGELES,3,0,3,1,12,C,1,1
51828,LOS ANGELES,LOS ANGELES,4,0,3,0,12,C,0,0
51829,LOS ANGELES,LOS ANGELES,2,0,3,0,12,C,1,0
51830,LOS ANGELES,LOS ANGELES,5,0,1,1,12,C,0,0
51831,PLACER,LOOMIS,1,0,3,1,12,C,0,1
51832,RIVERSIDE,BEAUMONT,1,0,3,1,12,C,0,1
51833,ORANGE,YORBA LINDA,2,0,1,1,12,C,0,1
51834,SAN BERNARDINO,LOMA LINDA,4,0,3,0,11,C,1,0
51835,SAN BERNARDINO,HIGHLAND,7,0,3,1,11,C,1,1
51836,SAN BERNARDINO,LOMA LINDA,4,0,3,0,11,C,1,1
51837,SAN BERNARDINO,HIGHLAND,4,1,3,1,11,C,1,0
51838,ORANGE,FOUNTAIN VALLEY,5,0,3,1,11,C,0,0
51839,ORANGE,FOUNTAIN VALLEY,1,0,3,1,11,C,0,0
51840,SACRAMENTO,FOLSOM,2,0,1,0,11,C,0,0
51841,SACRAMENTO,FOLSOM,3,0,3,1,11,C,0,0
51842,ORANGE,BREA,4,0,6,1,11,C,1,1
51843,LOS ANGELES,COMPTON,5,0,3,0,11,C,0,0
51844,LOS ANGELES,PALMDALE,6,0,3,1,11,C,0,0
51845,SAN BERNARDINO,REDLANDS,2,0,3,0,11,C,0,1
51846,SAN BERNARDINO,COLTON,5,0,3,0,11,C,1,1
51847,SAN BERNARDINO,SAN BERNARDINO,4,0,3,0,11,C,1,1
51848,SAN BERNARDINO,SAN BERNARDINO,4,0,3,0,11,C,1,1
51849,SAN BERNARDINO,GRAND TERRACE,1,0,3,1,11,C,1,1
51850,SAN BERNARDINO,COLTON,1,0,3,1,11,C,1,0
51851,LOS ANGELES,PALMDALE,5,0,3,1,11,C,0,0
51852,LOS ANGELES,SANTA CLARITA,3,0,4,1,11,C,0,0
51853,SAN DIEGO,SAN MARCOS,5,0,1,1,11,C,0,0
51854,ALAMEDA,LIVERMORE,6,0,3,1,11,C,1,0
51855,LOS ANGELES,LOS ANGELES,3,0,4,0,11,C,0,0
51856,LOS ANGELES,LOS ANGELES,5,0,3,0,11,C,0,1
51857,LOS ANGELES,LOS ANGELES,1,0,3,1,11,C,0,0
51858,LOS ANGELES,PALMDALE,3,0,3,1,11,C,1,0
51859,BUTTE,GRIDLEY,4,0,3,1,12,C,1,1
51860,LOS ANGELES,LOS ANGELES,1,0,3,1,12,C,1,1
51861,LOS ANGELES,PASADENA,5,1,3,1,12,C,1,0
51862,LOS ANGELES,PASADENA,7,0,3,1,12,C,1,1
51863,LOS ANGELES,PASADENA,1,0,3,1,12,C,1,0
51864,STANISLAUS,MODESTO,5,0,3,1,12,C,1,0
51865,ORANGE,SANTA ANA,2,0,3,0,12,C,0,1
51866,VENTURA,PORT HUENEME,7,0,3,1,12,C,0,0
51867,ORANGE,NEWPORT BEACH,5,0,3,1,12,C,0,1
51868,ORANGE,MISSION VIEJO,3,0,3,1,12,C,1,1
51869,LOS ANGELES,SANTA CLARITA,2,0,1,0,12,C,0,0
51870,LOS ANGELES,SANTA CLARITA,6,0,9,0,12,C,0,1
51871,LOS ANGELES,PALMDALE,7,0,1,1,12,C,0,0
51872,SANTA CLARA,SAN JOSE,1,0,3,1,12,C,0,1
51873,CALAVERAS,UNINCORPORATED,1,0,3,0,12,C,0,1
51874,LOS ANGELES,INDUSTRY,4,0,3,1,12,C,0,1
51875,LOS ANGELES,LONG BEACH,5,0,3,1,12,C,0,0
51876,LOS ANGELES,LONG BEACH,1,0,8,1,12,C,0,0
51877,LOS ANGELES,LONG BEACH,6,0,7,1,12,C,0,1
51878,LOS ANGELES,LONG BEACH,6,0,3,0,12,C,0,1
51879,LOS ANGELES,GLENDORA,6,0,3,1,12,C,1,1
51880,LOS ANGELES,DIAMOND BAR,4,0,3,0,12,C,1,1
51881,LOS ANGELES,POMONA,5,0,3,1,12,C,1,0
51882,LOS ANGELES,MONROVIA,6,0,3,1,12,C,1,1
51883,LOS ANGELES,POMONA,5,0,3,1,12,C,1,0
51884,ORANGE,LA PALMA,5,0,3,1,12,C,1,1
51885,ORANGE,ANAHEIM,2,0,7,1,12,C,1,1
51886,ORANGE,COSTA MESA,3,0,3,1,12,C,0,1
51887,ORANGE,WESTMINSTER,1,0,4,1,12,C,0,1
51888,ORANGE,WESTMINSTER,1,0,3,1,12,C,0,0
51889,ORANGE,WESTMINSTER,2,0,3,1,12,C,0,0
51890,ORANGE,SAN CLEMENTE,2,0,3,1,12,C,0,0
51891,LOS ANGELES,LOS ANGELES,1,0,4,1,12,C,0,1
51892,LOS ANGELES,LOS ANGELES,4,0,4,1,12,C,0,0
51893,LOS ANGELES,LOS ANGELES,7,0,3,1,12,C,0,1
51894,LOS ANGELES,LOS ANGELES,3,0,4,1,12,C,0,1
51895,LOS ANGELES,LOS ANGELES,1,0,3,1,12,C,0,0
51896,ALAMEDA,LIVERMORE,3,0,3,1,12,C,1,0
51897,LOS ANGELES,LOS ANGELES,7,0,3,1,12,C,0,1
51898,LOS ANGELES,LOS ANGELES,4,0,3,1,12,C,0,0
51899,LOS ANGELES,LOS ANGELES,6,0,3,1,12,C,0,1
51900,LOS ANGELES,LOS ANGELES,5,0,3,1,12,C,0,0
51901,LOS ANGELES,LOS ANGELES,6,0,1,1,12,C,1,0
51902,LOS ANGELES,LOS ANGELES,6,0,1,1,12,C,0,1
51903,LOS ANGELES,LOS ANGELES,3,0,3,0,12,C,0,0
51904,LOS ANGELES,CULVER CITY,5,0,3,1,1,C,1,1
51905,LOS ANGELES,INGLEWOOD,6,0,3,1,1,C,1,1
51906,LOS ANGELES,HAWTHORNE,2,0,3,1,2,C,1,0
51907,LOS ANGELES,LOS ANGELES,7,0,3,1,12,C,1,1
51908,RIVERSIDE,TEMECULA,2,0,3,1,12,C,1,1
51909,RIVERSIDE,TEMECULA,2,0,3,1,12,C,1,1
51910,RIVERSIDE,LAKE ELSINORE,6,0,3,1,12,C,0,0
51911,LOS ANGELES,POMONA,2,0,3,1,12,C,0,0
51912,SOLANO,VACAVILLE,5,0,4,1,12,C,0,1
51913,CONTRA COSTA,WALNUT CREEK,2,0,3,1,12,C,0,1
51914,ALAMEDA,OAKLAND,7,0,3,1,12,C,0,1
51915,SAN DIEGO,OCEANSIDE,1,0,3,1,12,C,0,1
51916,ALAMEDA,HAYWARD,3,0,3,1,12,C,1,1
51917,ORANGE,BREA,2,0,3,1,12,C,0,1
51918,ORANGE,BREA,4,0,3,1,12,C,0,1
51919,ORANGE,BREA,6,0,3,1,12,C,0,1
51920,LOS ANGELES,LOS ANGELES,3,0,3,1,12,C,0,0
51921,LOS ANGELES,LOS ANGELES,1,0,3,1,12,C,0,0
51922,SONOMA,SANTA ROSA,6,0,3,0,9,C,0,1
51923,SAN MATEO,HALF MOON BAY,2,0,3,1,8,C,1,1
51924,KERN,BAKERSFIELD,5,0,3,1,12,C,1,1
51925,KERN,UNINCORPORATED,5,0,3,0,12,C,1,1
51926,ORANGE,ANAHEIM,4,0,3,1,12,C,1,0
51927,KERN,BAKERSFIELD,5,0,3,0,12,C,1,1
51928,ORANGE,ORANGE,2,0,3,1,12,C,1,0
51929,SAN MATEO,REDWOOD CITY,4,0,3,1,12,C,0,0
51930,ORANGE,IRVINE,1,0,3,1,12,C,1,1
51931,SAN MATEO,MILLBRAE,5,0,3,1,9,C,1,1
51932,ALAMEDA,OAKLAND,2,0,3,1,5,C,0,1
51933,ORANGE,SANTA ANA,1,0,3,1,12,C,1,0
51934,ORANGE,PLACENTIA,2,0,3,1,12,C,1,0
51935,SAN BERNARDINO,FONTANA,2,0,3,1,9,C,0,1
51936,SAN MATEO,REDWOOD CITY,1,0,3,1,12,C,0,1
51937,SAN MATEO,REDWOOD CITY,1,0,3,1,12,C,0,1
51938,ORANGE,COSTA MESA,6,0,3,1,12,C,1,1
51939,ORANGE,FULLERTON,1,0,3,1,12,C,0,1
51940,ORANGE,COSTA MESA,5,0,3,1,12,C,1,0
51941,ORANGE,ANAHEIM,2,0,3,1,12,C,1,1
51942,LOS ANGELES,LOS ANGELES,4,0,4,1,12,C,0,1
51943,LOS ANGELES,LOS ANGELES,6,0,3,1,12,C,0,0
51944,LOS ANGELES,LOS ANGELES,3,0,4,1,12,C,0,0
51945,SAN MATEO,SAN CARLOS,3,0,3,1,12,C,0,1
51946,TULARE,PORTERVILLE,7,0,3,1,12,C,0,0
51947,LOS ANGELES,LOS ANGELES,6,0,3,1,12,C,0,1
51948,LOS ANGELES,LOS ANGELES,1,0,3,1,12,C,0,1
51949,LOS ANGELES,BELL,2,0,3,1,12,C,0,0
51950,LOS ANGELES,LOS ANGELES,1,0,3,1,12,C,0,1
51951,LOS ANGELES,LOS ANGELES,3,0,1,1,12,C,0,1
51952,SAN MATEO,REDWOOD CITY,5,0,8,1,12,C,0,0
51953,SAN MATEO,REDWOOD CITY,1,0,3,1,12,C,0,1
51954,SONOMA,UNINCORPORATED,1,0,4,1,12,C,1,0
51955,LOS ANGELES,LOS ANGELES,7,0,3,0,12,C,0,0
51956,SAN MATEO,REDWOOD CITY,2,0,3,1,12,C,0,0
51957,LOS ANGELES,LOS ANGELES,1,0,3,1,12,C,0,0
51958,LOS ANGELES,LOS ANGELES,7,0,3,1,12,C,0,1
51959,SAN MATEO,REDWOOD CITY,7,0,3,1,12,C,1,1
51960,LOS ANGELES,PASADENA,4,0,3,1,12,C,0,0
51961,LOS ANGELES,LAWNDALE,4,0,3,1,3,C,1,1
51962,LOS ANGELES,COMPTON,2,0,3,1,3,C,1,0
51963,LOS ANGELES,LYNWOOD,4,0,3,0,3,C,1,1
51964,LOS ANGELES,LONG BEACH,3,0,3,1,3,C,1,1
51965,ALAMEDA,LIVERMORE,4,0,3,0,12,C,0,1
51966,LOS ANGELES,POMONA,5,0,3,1,12,C,1,0
51967,FRESNO,SANGER,1,0,3,1,9,C,0,1
51968,LOS ANGELES,GARDENA,4,0,1,1,9,C,0,1
51969,FRESNO,SANGER,1,0,3,1,9,C,0,1
51970,FRESNO,SANGER,5,0,9,1,9,C,0,1
51971,SAN DIEGO,SANTEE,1,0,7,1,9,C,0,0
51972,SAN DIEGO,SANTEE,5,0,7,1,9,C,0,1
51973,ALAMEDA,OAKLAND,6,0,3,1,9,C,0,1
51974,ALAMEDA,OAKLAND,6,0,3,1,9,C,0,1
51975,LOS ANGELES,TORRANCE,7,0,4,1,12,C,1,0
51976,LOS ANGELES,TORRANCE,1,0,4,1,12,C,1,1
51977,LOS ANGELES,TORRANCE,3,0,3,1,12,C,0,1
51978,LOS ANGELES,TORRANCE,6,0,3,1,12,C,1,1
51979,LOS ANGELES,TORRANCE,2,0,8,1,12,C,0,1
51980,LOS ANGELES,TORRANCE,6,0,3,1,12,C,0,0
51981,LOS ANGELES,TORRANCE,4,0,4,1,12,C,1,1
51982,LOS ANGELES,LOS ANGELES,2,0,4,1,12,C,0,1
51983,LOS ANGELES,LOS ANGELES,4,0,3,0,12,C,0,1
51984,LOS ANGELES,LOS ANGELES,3,0,3,1,11,C,0,0
51985,LOS ANGELES,LOS ANGELES,1,0,3,1,11,C,0,1
51986,LOS ANGELES,LOS ANGELES,4,0,3,1,12,C,0,1
51987,SHASTA,ANDERSON,7,0,9,1,12,C,0,1
51988,ORANGE,HUNTINGTON BEACH,1,0,3,1,9,C,0,1
51989,LOS ANGELES,INGLEWOOD,3,0,3,1,2,C,1,1
51990,SAN MATEO,SAN CARLOS,2,0,3,1,9,C,1,1
51991,SAN MATEO,HALF MOON BAY,7,0,4,1,9,C,1,1
51992,LOS ANGELES,LOS ANGELES,5,0,3,0,3,C,1,1
51993,SAN MATEO,DALY CITY,6,0,3,0,9,C,0,1
51994,SAN MATEO,SAN CARLOS,6,0,3,1,8,C,0,1
51995,LOS ANGELES,BALDWIN PARK,7,0,3,1,9,C,0,1
51996,RIVERSIDE,CATHEDRAL CITY,3,0,3,1,10,C,0,1
51997,SAN MATEO,MILLBRAE,1,0,3,0,9,C,0,1
51998,SAN MATEO,HALF MOON BAY,3,0,3,1,9,C,1,1
51999,SAN MATEO,HALF MOON BAY,5,0,3,1,10,C,1,1
52000,SAN MATEO,MILLBRAE,3,0,3,1,10,C,0,1
52001,LOS ANGELES,BELL,5,0,3,1,10,C,0,1
52002,LOS ANGELES,BELL,1,0,4,1,10,C,0,1
52003,LOS ANGELES,BELL,6,0,3,1,10,C,0,0
52004,SOLANO,VACAVILLE,6,0,3,1,11,C,1,1
52005,SOLANO,UNINCORPORATED,2,1,3,1,11,C,1,0
52006,ORANGE,GARDEN GROVE,4,0,3,0,11,C,0,1
52007,SAN MATEO,MILLBRAE,1,0,3,1,11,C,1,0
52008,LOS ANGELES,LOS ANGELES,2,0,3,1,11,C,0,1
52009,LOS ANGELES,PASADENA,3,0,3,1,11,C,0,0
52010,LOS ANGELES,LOS ANGELES,6,0,3,1,11,C,0,0
52011,LOS ANGELES,BELL,6,0,3,1,11,C,0,0
52012,LOS ANGELES,LOS ANGELES,3,0,3,1,11,C,0,1
52013,LOS ANGELES,LOS ANGELES,4,0,3,1,11,C,0,1
52014,LOS ANGELES,LOS ANGELES,1,0,3,1,11,C,0,1
52015,SAN DIEGO,CHULA VISTA,7,0,3,1,11,C,0,0
52016,SANTA CRUZ,UNINCORPORATED,7,0,3,1,11,C,1,1
52017,LOS ANGELES,LOS ANGELES,2,0,4,1,11,C,0,0
52018,SANTA CRUZ,UNINCORPORATED,1,0,3,0,11,C,1,0
52019,SAN DIEGO,CHULA VISTA,7,0,3,1,11,C,0,0
52020,LOS ANGELES,BELL,3,0,8,1,11,C,0,0
52021,SANTA CRUZ,UNINCORPORATED,3,0,3,0,11,C,1,1
52022,LOS ANGELES,LOS ANGELES,2,0,4,1,11,C,0,1
52023,SAN DIEGO,CHULA VISTA,5,0,3,0,11,C,0,0
52024,PLACER,ROCKLIN,2,0,3,1,12,C,0,1
52025,SAN MATEO,SAN BRUNO,5,0,3,1,12,C,0,0
52026,SAN JOAQUIN,STOCKTON,1,0,3,1,12,C,1,0
52027,ORANGE,HUNTINGTON BEACH,7,0,4,0,12,C,0,0
52028,LOS ANGELES,LOS ANGELES,7,0,3,1,12,C,0,0
52029,LOS ANGELES,LOS ANGELES,6,0,3,1,12,C,0,0
52030,LOS ANGELES,LOS ANGELES,4,0,3,1,12,C,0,0
52031,LOS ANGELES,LOS ANGELES,1,0,3,1,12,C,0,0
52032,LOS ANGELES,LOS ANGELES,3,0,3,1,12,C,0,0
52033,LOS ANGELES,LOS ANGELES,3,0,4,1,12,C,0,1
52034,LOS ANGELES,LOS ANGELES,4,0,3,1,12,C,0,1
52035,LOS ANGELES,LOS ANGELES,6,0,1,0,12,C,0,1
52036,LOS ANGELES,LOS ANGELES,6,0,1,0,12,C,0,1
52037,LOS ANGELES,LOS ANGELES,6,0,3,1,12,C,0,0
52038,LOS ANGELES,BELL,6,0,1,0,12,C,1,0
52039,LOS ANGELES,ROSEMEAD,2,0,3,1,12,C,0,0
52040,LOS ANGELES,PARAMOUNT,6,0,3,1,12,C,1,0
52041,LOS ANGELES,COMMERCE,3,0,1,1,12,C,1,0
52042,LOS ANGELES,COMMERCE,2,0,3,1,12,C,1,1
52043,LOS ANGELES,LOS ANGELES,6,0,3,1,3,C,1,0
52044,ORANGE,BUENA PARK,1,0,3,1,12,C,1,1
52045,SAN BERNARDINO,MONTCLAIR,5,0,3,1,10,C,1,0
52046,SAN BERNARDINO,ONTARIO,4,0,3,1,10,C,1,1
52047,SAN BERNARDINO,ONTARIO,1,0,3,1,10,C,1,1
52048,SAN BERNARDINO,UPLAND,4,0,7,1,10,C,1,1
52049,SAN BERNARDINO,UPLAND,6,0,8,1,10,C,1,0
52050,SAN BERNARDINO,FONTANA,7,0,3,1,10,C,1,0
52051,SAN BERNARDINO,ONTARIO,1,0,3,1,10,C,1,1
52052,SAN BERNARDINO,ONTARIO,3,0,3,1,10,C,1,1
52053,SAN BERNARDINO,CHINO,3,0,3,1,10,C,1,0
52054,SAN BERNARDINO,ONTARIO,2,0,3,1,10,C,1,1
52055,SANTA CLARA,SAN JOSE,4,0,3,1,10,C,1,0
52056,STANISLAUS,OAKDALE,4,0,3,1,11,C,1,1
52057,STANISLAUS,OAKDALE,4,0,3,1,11,C,1,1
52058,SAN BERNARDINO,UPLAND,4,0,3,1,11,C,1,1
52059,SAN BERNARDINO,MONTCLAIR,4,0,3,1,11,C,1,0
52060,SAN BERNARDINO,RANCHO CUCAMONGA,4,0,3,0,11,C,1,0
52061,SAN BERNARDINO,ONTARIO,4,0,3,1,11,C,1,1
52062,SAN BERNARDINO,UPLAND,4,0,3,1,11,C,1,0
52063,SAN BERNARDINO,RANCHO CUCAMONGA,5,0,8,1,11,C,1,0
52064,SAN BERNARDINO,ONTARIO,3,0,3,1,11,C,1,0
52065,SAN BERNARDINO,ONTARIO,3,0,3,1,11,C,1,0
52066,SAN BERNARDINO,FONTANA,5,0,3,1,11,C,0,1
52067,SAN BERNARDINO,ONTARIO,2,0,3,1,11,C,0,0
52068,SAN BERNARDINO,RIALTO,4,0,1,1,11,C,1,0
52069,SAN BERNARDINO,SAN BERNARDINO,6,0,3,1,11,C,1,1
52070,SAN LUIS OBISPO,ARROYO GRANDE,7,0,3,1,11,C,0,1
52071,LOS ANGELES,PALMDALE,2,0,3,0,11,C,0,0
52072,LOS ANGELES,ALHAMBRA,6,0,3,1,11,C,0,0
52073,LOS ANGELES,ALHAMBRA,2,0,3,1,11,C,0,0
52074,LOS ANGELES,ALHAMBRA,1,0,8,1,11,C,0,0
52075,LOS ANGELES,ALHAMBRA,2,0,3,1,11,C,0,0
52076,LOS ANGELES,ALHAMBRA,6,0,3,0,11,C,0,0
52077,SAN DIEGO,ENCINITAS,1,0,3,1,11,C,0,1
52078,SAN DIEGO,ENCINITAS,6,0,3,1,11,C,0,1
52079,SAN DIEGO,ENCINITAS,3,0,1,1,11,C,0,0
52080,SAN DIEGO,ENCINITAS,2,0,3,0,11,C,0,1
52081,LOS ANGELES,LOS ANGELES,6,0,3,1,11,C,1,0
52082,SAN BERNARDINO,CHINO,3,0,7,1,11,C,1,1
52083,SAN BERNARDINO,FONTANA,2,0,3,1,11,C,1,1
52084,SAN BERNARDINO,ONTARIO,1,0,3,1,11,C,1,1
52085,SAN BERNARDINO,ONTARIO,1,0,3,1,12,C,1,1
52086,SAN BERNARDINO,FONTANA,3,0,3,1,12,C,0,1
52087,SAN BERNARDINO,RANCHO CUCAMONGA,3,0,3,1,12,C,1,0
52088,SAN BERNARDINO,CHINO,1,0,3,1,11,C,1,1
52089,SAN BERNARDINO,UPLAND,1,0,3,1,11,C,0,1
52090,SAN BERNARDINO,ONTARIO,1,0,3,1,12,C,1,1
52091,SAN BERNARDINO,CHINO,3,0,3,1,12,C,1,0
52092,SAN BERNARDINO,ONTARIO,1,0,3,1,11,C,1,0
52093,SAN BERNARDINO,ONTARIO,2,0,3,1,12,C,1,0
52094,SAN BERNARDINO,UPLAND,2,0,3,1,12,C,1,0
52095,SAN BERNARDINO,RANCHO CUCAMONGA,2,0,3,1,12,C,1,0
52096,SAN BERNARDINO,FONTANA,4,0,3,0,12,C,1,0
52097,SAN BERNARDINO,ONTARIO,1,0,3,1,11,C,0,0
52098,SAN BERNARDINO,ONTARIO,5,0,3,0,11,C,1,1
52099,SAN BERNARDINO,COLTON,3,0,3,0,12,C,1,0
52100,SAN BERNARDINO,SAN BERNARDINO,5,0,3,1,12,C,1,1