ID,County,City,Weekday,Severity,ViolCat,ClearWeather,Month,CrashType,Highway,Daylight
54026,SAN BERNARDINO,RANCHO CUCAMONGA,7,0,3,1,12,C,1,1
54027,SAN BERNARDINO,FONTANA,4,0,1,0,12,C,0,0
54028,SAN BERNARDINO,ONTARIO,4,0,3,0,12,C,1,0
54029,SAN BERNARDINO,RANCHO CUCAMONGA,6,0,3,1,12,C,1,0
54030,SAN BERNARDINO,RANCHO CUCAMONGA,4,0,3,0,12,C,1,0
54031,SAN BERNARDINO,MONTCLAIR,7,0,3,1,12,C,1,1
54032,SAN BERNARDINO,ONTARIO,4,0,3,1,12,C,1,0
54033,SAN BERNARDINO,ONTARIO,1,0,3,1,12,C,1,1
54034,SAN DIEGO,CHULA VISTA,2,0,3,1,5,C,0,1
54035,LOS ANGELES,CARSON,7,0,3,1,8,C,1,0
54036,LOS ANGELES,LONG BEACH,1,0,3,1,8,C,0,1
54037,LOS ANGELES,LOS ANGELES,3,0,3,1,3,C,0,1
54038,LOS ANGELES,TORRANCE,5,0,3,1,2,C,1,0
54039,LOS ANGELES,LYNWOOD,1,0,3,1,3,C,1,1
54040,LOS ANGELES,CARSON,6,0,3,1,2,C,1,0
54041,LOS ANGELES,LONG BEACH,6,0,3,1,3,C,1,0
54042,LOS ANGELES,LAWNDALE,3,0,3,1,3,C,1,1
54043,LOS ANGELES,LOS ANGELES,5,0,3,1,3,C,1,1
54044,SONOMA,UNINCORPORATED,1,0,3,1,2,C,1,0
54045,LOS ANGELES,SAN DIMAS,4,0,3,1,12,C,0,0
54046,ALAMEDA,OAKLAND,2,1,3,1,12,C,0,0
54047,LOS ANGELES,LOS ANGELES,2,0,3,1,9,C,1,1
54048,LOS ANGELES,LONG BEACH,3,0,3,1,9,C,0,1
54049,LOS ANGELES,LOS ANGELES,6,0,3,1,10,C,1,1
54050,LOS ANGELES,LONG BEACH,2,0,3,1,9,C,1,1
54051,LOS ANGELES,LOS ANGELES,2,0,3,1,10,C,1,1
54052,LOS ANGELES,LONG BEACH,4,0,3,1,9,C,1,1
54053,LOS ANGELES,LOS ANGELES,3,0,3,1,6,C,1,1
54054,LOS ANGELES,CULVER CITY,3,1,3,0,6,C,1,1
54055,LOS ANGELES,LOS ANGELES,7,0,3,1,6,C,0,0
54056,LOS ANGELES,INGLEWOOD,2,0,3,1,6,C,1,1
54057,LOS ANGELES,LOS ANGELES,3,0,3,1,6,C,1,1
54058,LOS ANGELES,LOS ANGELES,6,0,3,1,6,C,1,1
54059,LOS ANGELES,LOS ANGELES,6,0,3,0,6,C,0,1
54060,LOS ANGELES,SANTA MONICA,7,0,3,1,6,C,1,0
54061,LOS ANGELES,LONG BEACH,2,0,3,1,8,C,1,1
54062,LOS ANGELES,LONG BEACH,2,0,3,0,8,C,1,1
54063,LOS ANGELES,CARSON,4,0,3,1,10,C,1,1
54064,LOS ANGELES,LOS ANGELES,3,0,3,0,10,C,1,1
54065,LOS ANGELES,LONG BEACH,4,0,3,1,9,C,1,1
54066,LOS ANGELES,LOS ANGELES,1,0,3,1,9,C,0,1
54067,LOS ANGELES,LONG BEACH,7,0,3,1,10,C,1,0
54068,LOS ANGELES,LONG BEACH,5,0,3,1,9,C,1,0
54069,ALAMEDA,EMERYVILLE,2,0,3,1,4,C,1,1
54070,LOS ANGELES,LYNWOOD,6,0,3,1,9,C,1,1
54071,LOS ANGELES,LOS ANGELES,3,0,3,1,6,C,1,1
54072,LOS ANGELES,LOS ANGELES,3,0,3,1,6,C,1,1
54073,LOS ANGELES,LOS ANGELES,4,0,3,1,6,C,1,0
54074,LOS ANGELES,LOS ANGELES,1,0,3,1,6,C,1,1
54075,LOS ANGELES,SANTA MONICA,1,0,3,1,6,C,1,1
54076,LOS ANGELES,INGLEWOOD,3,0,3,0,6,C,1,1
54077,LOS ANGELES,LOS ANGELES,4,0,3,1,6,C,1,1
54078,LOS ANGELES,LOS ANGELES,5,0,3,1,6,C,1,1
54079,LOS ANGELES,LOS ANGELES,5,0,3,1,6,C,1,1
54080,LOS ANGELES,LOS ANGELES,3,0,3,1,6,C,1,1
54081,LOS ANGELES,SANTA MONICA,7,0,3,1,6,C,1,1
54082,LOS ANGELES,LOS ANGELES,6,0,3,1,6,C,1,1
54083,LOS ANGELES,SANTA MONICA,3,0,3,1,6,C,0,1
54084,LOS ANGELES,LOS ANGELES,2,0,3,1,6,C,1,0
54085,LOS ANGELES,LONG BEACH,2,0,3,1,8,C,1,1
54086,LOS ANGELES,LONG BEACH,5,0,3,1,8,C,1,1
54087,LOS ANGELES,LONG BEACH,5,0,3,1,8,C,0,1
54088,LOS ANGELES,LOS ANGELES,1,0,3,1,8,C,1,1
54089,LOS ANGELES,TORRANCE,2,0,3,1,8,C,1,1
54090,LOS ANGELES,LONG BEACH,3,0,4,1,8,C,1,1
54091,LOS ANGELES,LOS ANGELES,6,0,3,1,6,C,1,1
54092,LOS ANGELES,CARSON,4,0,3,1,8,C,1,1
54093,LOS ANGELES,LONG BEACH,5,0,3,1,8,C,1,1
54094,LOS ANGELES,LONG BEACH,3,0,3,1,8,C,1,1
54095,LOS ANGELES,TORRANCE,3,0,3,1,8,C,1,1
54096,LOS ANGELES,LONG BEACH,6,0,3,1,8,C,1,1
54097,LOS ANGELES,LONG BEACH,3,0,3,1,10,C,1,1
54098,LOS ANGELES,LOS ANGELES,3,0,3,1,10,C,1,0
54099,LOS ANGELES,LOS ANGELES,2,0,3,1,10,C,1,1
54100,LOS ANGELES,LONG BEACH,5,0,3,1,8,C,1,1
54101,ORANGE,LOS ALAMITOS,5,0,3,1,12,C,1,0
54102,LOS ANGELES,LYNWOOD,3,0,1,1,11,C,0,0
54103,ORANGE,FOUNTAIN VALLEY,6,0,3,1,12,C,1,1
54104,LOS ANGELES,TORRANCE,3,0,3,1,8,C,1,1
54105,LOS ANGELES,LOS ANGELES,3,0,3,1,8,C,1,1
54106,LOS ANGELES,LONG BEACH,5,0,3,1,8,C,0,1
54107,LOS ANGELES,LONG BEACH,5,0,3,1,8,C,0,1
54108,LOS ANGELES,CARSON,5,0,3,1,8,C,1,1
54109,LOS ANGELES,LONG BEACH,5,0,3,1,8,C,1,1
54110,LOS ANGELES,CARSON,5,0,3,1,9,C,1,1
54111,LOS ANGELES,LOS ANGELES,3,0,3,1,9,C,1,1
54112,LOS ANGELES,LYNWOOD,6,0,3,1,9,C,1,1
54113,LOS ANGELES,LOS ANGELES,6,0,3,1,9,C,1,1
54114,LOS ANGELES,CARSON,2,0,3,1,9,C,1,0
54115,LOS ANGELES,LOS ANGELES,1,0,3,1,9,C,1,0
54116,LOS ANGELES,CARSON,3,0,7,1,9,C,1,1
54117,LOS ANGELES,LOS ANGELES,5,0,3,1,10,C,0,0
54118,LOS ANGELES,CARSON,4,0,3,1,9,C,1,0
54119,LOS ANGELES,LOS ANGELES,4,0,3,0,9,C,1,1
54120,ALAMEDA,OAKLAND,2,0,3,0,11,C,0,1
54121,ALAMEDA,OAKLAND,1,0,3,1,11,C,0,1
54122,ALAMEDA,OAKLAND,6,0,8,0,11,C,0,1
54123,ALAMEDA,OAKLAND,4,0,3,1,12,C,0,1
54124,LOS ANGELES,LOS ANGELES,5,0,8,1,7,C,1,1
54125,LOS ANGELES,TORRANCE,4,0,3,1,8,C,1,1
54126,LOS ANGELES,LONG BEACH,1,0,3,1,8,C,1,0
54127,LOS ANGELES,LOS ANGELES,7,0,1,1,8,C,1,0
54128,LOS ANGELES,LOS ANGELES,4,0,3,1,8,C,0,1
54129,LOS ANGELES,TORRANCE,4,0,3,1,8,C,1,1
54130,LOS ANGELES,CARSON,4,0,3,1,8,C,1,1
54131,LOS ANGELES,LOS ANGELES,6,0,3,1,7,C,1,1
54132,LOS ANGELES,COMPTON,6,0,9,1,7,C,0,1
54133,LOS ANGELES,LONG BEACH,5,0,3,1,8,C,1,1
54134,LOS ANGELES,LOS ANGELES,2,0,8,1,10,C,1,1
54135,LOS ANGELES,LONG BEACH,7,0,3,1,10,C,1,1
54136,LOS ANGELES,LOS ANGELES,1,0,3,1,10,C,1,1
54137,LOS ANGELES,CARSON,5,0,3,1,10,C,0,0
54138,LOS ANGELES,CARSON,5,0,3,1,10,C,1,1
54139,LOS ANGELES,LONG BEACH,5,0,3,1,10,C,1,1
54140,LOS ANGELES,LOS ANGELES,2,0,3,1,12,C,1,1
54141,LOS ANGELES,LONG BEACH,3,0,3,1,12,C,1,0
54142,LOS ANGELES,BEVERLY HILLS,5,0,4,1,11,C,0,1
54143,LOS ANGELES,CARSON,1,0,3,0,10,C,1,1
54144,LOS ANGELES,CARSON,3,0,3,1,12,C,1,0
54145,LOS ANGELES,LOS ANGELES,5,0,3,1,10,C,1,0
54146,LOS ANGELES,LONG BEACH,2,0,3,1,10,C,1,0
54147,LOS ANGELES,CARSON,5,0,3,1,10,C,1,0
54148,LOS ANGELES,LOS ANGELES,3,0,3,1,12,C,0,0
54149,LOS ANGELES,LOS ANGELES,5,0,3,1,10,C,1,1
54150,LOS ANGELES,LONG BEACH,2,0,3,0,11,C,1,1
54151,LOS ANGELES,LONG BEACH,2,0,3,0,7,C,1,1
54152,LOS ANGELES,LONG BEACH,1,0,3,1,7,C,0,1
54153,LOS ANGELES,LONG BEACH,3,0,1,1,11,C,1,0
54154,LOS ANGELES,CARSON,1,0,3,1,12,C,1,1
54155,LOS ANGELES,TORRANCE,2,0,3,0,12,C,1,0
54156,LOS ANGELES,TORRANCE,2,0,3,1,12,C,1,1
54157,LOS ANGELES,LONG BEACH,5,0,1,1,7,C,1,0
54158,LOS ANGELES,LONG BEACH,5,0,3,1,12,C,1,0
54159,LOS ANGELES,LYNWOOD,6,0,1,1,12,C,1,0
54160,LOS ANGELES,TORRANCE,2,0,3,1,10,C,1,0
54161,SAN BERNARDINO,YUCAIPA,6,0,3,1,9,C,0,1
54162,LOS ANGELES,LOS ANGELES,5,0,3,1,12,C,1,0
54163,LOS ANGELES,LONG BEACH,6,0,3,1,12,C,1,0
54164,LOS ANGELES,LONG BEACH,1,0,3,1,12,C,1,1
54165,LOS ANGELES,TORRANCE,1,0,3,1,12,C,1,1
54166,LOS ANGELES,LONG BEACH,1,0,3,1,12,C,1,0
54167,LOS ANGELES,LOS ANGELES,1,0,3,1,12,C,1,0
54168,LOS ANGELES,LONG BEACH,4,0,7,1,11,C,1,0
54169,LOS ANGELES,CARSON,4,0,3,1,10,C,1,0
54170,LOS ANGELES,TORRANCE,1,0,3,1,12,C,1,0
54171,LOS ANGELES,LONG BEACH,7,0,1,1,11,C,1,0
54172,LOS ANGELES,LONG BEACH,5,0,3,1,11,C,1,1
54173,FRESNO,UNINCORPORATED,7,0,3,1,10,C,1,1
54174,LOS ANGELES,LONG BEACH,3,0,3,1,12,C,1,0
54175,LOS ANGELES,LONG BEACH,5,0,7,1,11,C,1,1
54176,LOS ANGELES,LONG BEACH,1,0,3,1,10,C,1,1
54177,LOS ANGELES,TORRANCE,5,0,3,0,12,C,1,0
54178,LOS ANGELES,CARSON,3,0,3,1,11,C,0,1
54179,LOS ANGELES,COMPTON,2,0,3,0,10,C,1,0
54180,LOS ANGELES,LOS ANGELES,6,0,3,1,12,C,1,0
54181,LOS ANGELES,CARSON,5,0,3,1,11,C,1,0
54182,LOS ANGELES,LYNWOOD,2,0,3,1,11,C,1,0
54183,LOS ANGELES,LOS ANGELES,3,0,3,1,11,C,1,1
54184,LOS ANGELES,LOS ANGELES,4,0,3,1,11,C,0,1
54185,LOS ANGELES,LONG BEACH,1,0,3,1,11,C,0,1
54186,LOS ANGELES,LONG BEACH,2,0,3,1,11,C,1,0
54187,LOS ANGELES,LONG BEACH,4,0,3,1,11,C,1,1
54188,LOS ANGELES,TORRANCE,4,0,3,1,10,C,1,1
54189,LOS ANGELES,LOS ANGELES,5,0,3,1,10,C,1,0
54190,LOS ANGELES,LOS ANGELES,1,0,3,1,10,C,1,0
54191,RIVERSIDE,RIVERSIDE,5,0,3,1,3,C,1,0
54192,ALAMEDA,OAKLAND,4,0,3,1,6,C,0,1
54193,LOS ANGELES,CARSON,5,0,3,0,10,C,1,1
54194,LOS ANGELES,LOS ANGELES,3,0,1,1,11,C,1,0
54195,LOS ANGELES,LOS ANGELES,7,0,3,1,11,C,1,1
54196,LOS ANGELES,LOS ANGELES,2,0,3,1,11,C,1,0
54197,LOS ANGELES,LYNWOOD,4,0,3,1,11,C,1,1
54198,LOS ANGELES,LOS ANGELES,6,0,3,1,11,C,1,1
54199,LOS ANGELES,CARSON,5,0,3,1,11,C,1,0
54200,LOS ANGELES,LONG BEACH,2,0,3,1,11,C,1,1
54201,LOS ANGELES,CARSON,3,0,3,1,11,C,1,0
54202,LOS ANGELES,LYNWOOD,2,0,3,0,11,C,1,1
54203,LOS ANGELES,LYNWOOD,1,0,3,1,11,C,0,0
54204,LOS ANGELES,LONG BEACH,3,0,3,1,11,C,1,0
54205,LOS ANGELES,LONG BEACH,5,0,3,1,11,C,1,0
54206,LOS ANGELES,CARSON,5,0,3,0,11,C,1,1
54207,LOS ANGELES,LONG BEACH,3,0,3,0,11,C,0,0
54208,LOS ANGELES,LONG BEACH,2,0,3,1,11,C,1,1
54209,LOS ANGELES,LONG BEACH,1,0,3,1,11,C,1,0
54210,LOS ANGELES,LOS ANGELES,5,0,3,1,11,C,1,0
54211,LOS ANGELES,LONG BEACH,2,0,3,0,11,C,1,1
54212,LOS ANGELES,REDONDO BEACH,5,0,3,1,11,C,1,1
54213,LOS ANGELES,LOS ANGELES,4,0,3,1,11,C,1,0
54214,LOS ANGELES,LONG BEACH,4,0,3,1,11,C,1,0
54215,LOS ANGELES,LYNWOOD,5,0,3,1,11,C,1,1
54216,LOS ANGELES,LONG BEACH,4,0,3,1,11,C,1,0
54217,LOS ANGELES,LONG BEACH,1,0,3,1,11,C,1,1
54218,LOS ANGELES,LOS ANGELES,6,0,3,1,11,C,0,0
54219,LOS ANGELES,LOS ANGELES,5,0,3,1,11,C,1,0
54220,LOS ANGELES,CARSON,1,0,3,0,11,C,1,1
54221,LOS ANGELES,LONG BEACH,1,0,3,1,11,C,1,1
54222,LOS ANGELES,LONG BEACH,5,0,3,1,11,C,1,1
54223,LOS ANGELES,COMPTON,3,0,3,1,11,C,1,1
54224,LOS ANGELES,CARSON,2,0,3,1,11,C,1,0
54225,LOS ANGELES,CARSON,6,0,3,1,11,C,1,1
54226,LOS ANGELES,CARSON,2,0,3,1,11,C,1,0
54227,LOS ANGELES,LONG BEACH,2,0,3,1,11,C,1,1
54228,LOS ANGELES,CARSON,5,0,3,1,11,C,1,1
54229,LOS ANGELES,CARSON,1,0,3,1,11,C,1,0
54230,LOS ANGELES,LOS ANGELES,4,0,3,1,11,C,1,1
54231,LOS ANGELES,CARSON,1,0,3,1,11,C,1,0
54232,LOS ANGELES,LAWNDALE,1,0,3,1,11,C,1,0
54233,LOS ANGELES,LONG BEACH,6,0,1,1,11,C,1,0
54234,LOS ANGELES,CARSON,4,0,3,1,11,C,1,0
54235,LOS ANGELES,LYNWOOD,2,0,3,1,11,C,1,1
54236,LOS ANGELES,TORRANCE,4,0,3,1,11,C,1,1
54237,LOS ANGELES,CARSON,2,0,3,1,11,C,1,1
54238,LOS ANGELES,LOS ANGELES,1,0,3,1,11,C,1,0
54239,LOS ANGELES,LOS ANGELES,4,0,3,1,12,C,1,1
54240,LOS ANGELES,HUNTINGTON PARK,1,0,3,1,12,C,0,1
54241,LOS ANGELES,LONG BEACH,4,0,3,1,12,C,1,1
54242,LOS ANGELES,TORRANCE,7,0,3,0,12,C,1,0
54243,LOS ANGELES,LONG BEACH,4,0,7,1,12,C,1,1
54244,LOS ANGELES,LOS ANGELES,6,0,1,1,12,C,1,1
54245,LOS ANGELES,LOS ANGELES,2,0,3,1,12,C,1,1
54246,LOS ANGELES,LOS ANGELES,6,0,3,0,12,C,1,1
54247,LOS ANGELES,LOS ANGELES,6,0,3,1,12,C,1,0
54248,LOS ANGELES,TORRANCE,2,0,3,1,12,C,1,0
54249,LOS ANGELES,LONG BEACH,3,0,3,1,12,C,1,1
54250,LOS ANGELES,LAWNDALE,7,0,3,1,12,C,1,0
54251,ALAMEDA,OAKLAND,6,0,3,1,11,C,0,1
54252,LOS ANGELES,LA MIRADA,6,0,3,1,1,C,0,1
54253,LOS ANGELES,LOS ANGELES,1,0,3,1,12,C,1,1
54254,LOS ANGELES,LONG BEACH,6,0,3,1,12,C,1,0
54255,LOS ANGELES,TORRANCE,7,0,3,1,12,C,1,0
54256,LOS ANGELES,LOS ANGELES,5,0,3,1,12,C,1,0
54257,LOS ANGELES,CARSON,2,0,3,1,12,C,1,1
54258,LOS ANGELES,REDONDO BEACH,7,0,7,1,12,C,1,0
54259,LOS ANGELES,CARSON,7,0,1,1,12,C,1,0
54260,SOLANO,VALLEJO,5,0,9,1,12,C,0,0
54261,LOS ANGELES,LOS ANGELES,1,0,7,1,12,C,1,1
54262,LOS ANGELES,SANTA MONICA,6,0,3,1,6,C,1,1
54263,LOS ANGELES,LOS ANGELES,1,0,3,1,6,C,1,1
54264,LOS ANGELES,LOS ANGELES,5,0,3,0,7,C,1,1
54265,LOS ANGELES,LOS ANGELES,7,0,3,1,7,C,1,1
54266,LOS ANGELES,CULVER CITY,4,0,3,1,6,C,1,1
54267,LOS ANGELES,LOS ANGELES,3,0,3,1,6,C,1,1
54268,LOS ANGELES,INGLEWOOD,3,0,3,1,6,C,1,1
54269,LOS ANGELES,SANTA MONICA,7,0,3,1,7,C,1,1
54270,LOS ANGELES,LOS ANGELES,5,0,3,1,7,C,1,1
54271,LOS ANGELES,LOS ANGELES,6,0,3,1,6,C,1,1
54272,LOS ANGELES,LOS ANGELES,3,0,3,1,7,C,1,1
54273,LOS ANGELES,SANTA MONICA,6,0,3,1,6,C,1,1
54274,LOS ANGELES,HAWTHORNE,5,0,3,1,6,C,1,1
54275,LOS ANGELES,LOS ANGELES,7,0,3,1,6,C,1,1
54276,LOS ANGELES,LOS ANGELES,6,0,3,1,6,C,1,1
54277,LOS ANGELES,LOS ANGELES,2,0,3,1,7,C,0,1
54278,LOS ANGELES,LOS ANGELES,6,0,3,0,7,C,1,1
54279,MARIN,SAN ANSELMO,6,0,3,1,12,C,0,0
54280,LOS ANGELES,SANTA MONICA,4,0,3,1,7,C,1,1
54281,ALAMEDA,OAKLAND,3,0,3,0,11,C,0,1
54282,ALAMEDA,OAKLAND,4,0,8,0,11,C,0,1
54283,SAN BERNARDINO,SAN BERNARDINO,3,0,3,0,10,C,0,0
54284,SAN BERNARDINO,SAN BERNARDINO,1,0,1,1,10,C,0,0
54285,SAN BERNARDINO,SAN BERNARDINO,2,0,8,1,10,C,0,1
54286,SAN BERNARDINO,SAN BERNARDINO,7,0,3,1,10,C,0,0
54287,SACRAMENTO,RANCHO CORDOVA,1,0,3,1,12,C,0,1
54288,SAN BERNARDINO,SAN BERNARDINO,6,0,3,1,10,C,0,1
54289,LOS ANGELES,LOS ANGELES,7,0,3,1,6,C,1,1
54290,LOS ANGELES,GLENDALE,4,0,3,0,12,C,0,0
54291,LOS ANGELES,LOS ANGELES,5,0,3,1,6,C,0,0
54292,LOS ANGELES,LOS ANGELES,7,1,3,1,12,C,1,1
54293,LOS ANGELES,GLENDALE,1,0,3,1,12,C,1,0
54294,LOS ANGELES,LOS ANGELES,7,0,3,1,12,C,1,1
54295,SAN BERNARDINO,ONTARIO,3,0,3,1,11,C,0,1
54296,LOS ANGELES,LOS ANGELES,2,0,1,1,7,C,0,0
54297,LOS ANGELES,HAWTHORNE,3,0,3,0,7,C,1,1
54298,LOS ANGELES,INGLEWOOD,2,0,7,1,6,C,1,1
54299,LOS ANGELES,LOS ANGELES,7,0,1,1,12,C,0,0
54300,LOS ANGELES,LOS ANGELES,4,0,3,0,12,C,1,1
54301,LOS ANGELES,GLENDALE,4,0,3,1,12,C,1,0
54302,LOS ANGELES,BURBANK,5,0,3,1,12,C,1,0
54303,LOS ANGELES,LOS ANGELES,1,0,3,1,12,C,0,0
54304,SAN BERNARDINO,SAN BERNARDINO,7,0,3,1,9,C,0,0
54305,SAN BERNARDINO,SAN BERNARDINO,6,0,3,0,11,C,0,1
54306,SAN BERNARDINO,SAN BERNARDINO,5,0,3,1,11,C,0,1
54307,SAN BERNARDINO,SAN BERNARDINO,5,0,3,1,11,C,0,0
54308,LOS ANGELES,LOS ANGELES,6,0,3,1,3,C,1,1
54309,LOS ANGELES,CARSON,4,0,3,1,3,C,1,1
54310,LOS ANGELES,LYNWOOD,6,0,3,1,3,C,1,1
54311,LOS ANGELES,LONG BEACH,5,0,3,0,3,C,1,1
54312,LOS ANGELES,LONG BEACH,5,0,3,1,3,C,1,1
54313,LOS ANGELES,CARSON,5,0,3,0,3,C,1,1
54314,LOS ANGELES,LAWNDALE,7,0,3,1,3,C,1,0
54315,LOS ANGELES,LONG BEACH,5,0,3,0,3,C,1,1
54316,LOS ANGELES,LONG BEACH,5,0,3,0,3,C,1,1
54317,LOS ANGELES,CARSON,4,0,3,1,3,C,1,1
54318,LOS ANGELES,LOS ANGELES,6,0,8,1,5,C,1,0
54319,LOS ANGELES,LONG BEACH,5,0,3,1,7,C,0,1
54320,LOS ANGELES,LONG BEACH,6,0,3,1,5,C,1,1
54321,LOS ANGELES,SIGNAL HILL,6,0,3,0,7,C,1,1
54322,EL DORADO,SOUTH LAKE TAHOE,5,0,1,1,5,C,0,0
54323,LOS ANGELES,CARSON,3,0,3,1,7,C,1,1
54324,LOS ANGELES,LOS ANGELES,2,0,7,1,7,C,1,1
54325,LOS ANGELES,LOS ANGELES,3,0,3,1,7,C,1,1
54326,LOS ANGELES,LONG BEACH,5,0,3,1,5,C,1,1
54327,LOS ANGELES,TORRANCE,6,0,3,1,5,C,0,1
54328,LOS ANGELES,TORRANCE,5,0,3,1,7,C,1,1
54329,LOS ANGELES,TORRANCE,5,0,3,1,7,C,1,1
54330,LOS ANGELES,LOS ANGELES,2,0,3,1,5,C,1,1
54331,LOS ANGELES,LONG BEACH,6,0,3,1,7,C,1,1
54332,LOS ANGELES,CARSON,4,0,3,1,5,C,1,1
54333,LOS ANGELES,CARSON,2,0,3,1,7,C,1,1
54334,LOS ANGELES,LAWNDALE,4,0,3,0,5,C,1,1
54335,LOS ANGELES,CARSON,5,0,3,1,7,C,1,1
54336,LOS ANGELES,LAWNDALE,2,0,3,1,7,C,1,1
54337,LOS ANGELES,COMPTON,4,0,3,1,5,C,1,1
54338,LOS ANGELES,LOS ANGELES,3,0,3,1,5,C,1,1
54339,LOS ANGELES,LONG BEACH,6,0,3,1,7,C,1,1
54340,LOS ANGELES,LOS ANGELES,4,0,3,1,5,C,1,1
54341,LOS ANGELES,LONG BEACH,2,0,3,1,7,C,1,1
54342,LOS ANGELES,LONG BEACH,5,0,3,1,5,C,1,1
54343,LOS ANGELES,TORRANCE,5,0,3,1,5,C,1,1
54344,LOS ANGELES,LOS ANGELES,4,0,3,1,5,C,0,1
54345,LOS ANGELES,CARSON,3,0,3,1,5,C,1,1
54346,LOS ANGELES,LOS ANGELES,6,0,3,1,7,C,0,1
54347,LOS ANGELES,LOS ANGELES,5,0,3,1,3,C,1,1
54348,LOS ANGELES,LOS ANGELES,4,0,3,1,5,C,1,1
54349,LOS ANGELES,LYNWOOD,6,0,3,1,7,C,1,1
54350,LOS ANGELES,INGLEWOOD,5,0,3,1,6,C,1,1
54351,LOS ANGELES,TORRANCE,5,0,3,1,8,C,1,1
54352,LOS ANGELES,LONG BEACH,7,0,7,1,7,C,1,1
54353,LOS ANGELES,LOS ANGELES,6,0,3,1,7,C,1,1
54354,LOS ANGELES,LOS ANGELES,4,0,3,1,6,C,1,0
54355,LOS ANGELES,LOS ANGELES,4,0,3,1,6,C,1,0
54356,LOS ANGELES,SANTA MONICA,6,0,7,1,6,C,1,1
54357,LOS ANGELES,LONG BEACH,1,0,3,1,7,C,1,1
54358,LOS ANGELES,SANTA MONICA,7,0,3,0,6,C,1,1
54359,LOS ANGELES,LONG BEACH,6,0,3,1,8,C,1,1
54360,LOS ANGELES,INGLEWOOD,7,0,3,1,6,C,1,1
54361,LOS ANGELES,LONG BEACH,7,0,3,1,7,C,1,1
54362,LOS ANGELES,LOS ANGELES,1,0,3,1,6,C,1,1
54363,LOS ANGELES,TORRANCE,1,0,3,1,7,C,1,1
54364,LOS ANGELES,LONG BEACH,6,0,3,1,7,C,1,0
54365,LOS ANGELES,LOS ANGELES,6,0,3,1,6,C,1,1
54366,LOS ANGELES,CULVER CITY,6,0,3,1,6,C,1,0
54367,LOS ANGELES,LOS ANGELES,2,0,3,1,7,C,1,1
54368,LOS ANGELES,INGLEWOOD,1,0,8,1,6,C,1,1
54369,LOS ANGELES,LOS ANGELES,3,0,3,1,5,C,1,1
54370,LOS ANGELES,LOS ANGELES,2,0,3,1,7,C,1,1
54371,LOS ANGELES,LOS ANGELES,4,0,3,1,6,C,1,1
54372,LOS ANGELES,LOS ANGELES,5,0,3,1,6,C,0,0
54373,LOS ANGELES,LOS ANGELES,4,0,3,1,5,C,1,0
54374,ALAMEDA,LIVERMORE,2,0,3,1,1,C,0,0
54375,LOS ANGELES,LOS ANGELES,6,0,1,1,4,C,1,0
54376,LOS ANGELES,LONG BEACH,7,0,1,0,4,C,1,0
54377,LOS ANGELES,CARSON,4,0,3,1,4,C,1,1
54378,LOS ANGELES,CARSON,1,0,4,1,4,C,1,1
54379,LOS ANGELES,LONG BEACH,4,0,3,1,4,C,0,1
54380,LOS ANGELES,LYNWOOD,2,0,3,1,4,C,1,1
54381,LOS ANGELES,CARSON,4,0,3,1,3,C,1,1
54382,LOS ANGELES,TORRANCE,4,0,3,1,3,C,1,1
54383,LOS ANGELES,LOS ANGELES,1,0,3,1,4,C,1,1
54384,LOS ANGELES,LONG BEACH,4,0,3,1,3,C,1,1
54385,SAN MATEO,DALY CITY,2,0,3,1,1,C,0,0
54386,LOS ANGELES,LONG BEACH,2,0,3,1,4,C,1,1
54387,EL DORADO,SOUTH LAKE TAHOE,4,0,1,1,8,C,1,1
54388,LOS ANGELES,LONG BEACH,3,0,3,1,7,C,1,1
54389,LOS ANGELES,LOS ANGELES,4,0,3,1,7,C,1,1
54390,LOS ANGELES,LOS ANGELES,4,0,8,0,7,C,1,0
54391,LOS ANGELES,LONG BEACH,6,0,3,1,7,C,1,1
54392,LOS ANGELES,LOS ANGELES,1,0,3,1,7,C,1,1
54393,LOS ANGELES,LOS ANGELES,1,0,3,0,7,C,1,1
54394,LOS ANGELES,LOS ANGELES,2,0,3,1,7,C,1,1
54395,LOS ANGELES,LONG BEACH,3,0,3,1,7,C,1,1
54396,LOS ANGELES,CARSON,4,0,3,0,7,C,1,1
54397,EL DORADO,SOUTH LAKE TAHOE,1,0,1,1,9,C,0,0
54398,ORANGE,IRVINE,4,0,3,1,9,C,1,1
54399,LOS ANGELES,LOS ANGELES,7,0,3,1,9,C,1,1
54400,LOS ANGELES,LAWNDALE,4,0,3,1,9,C,1,1
54401,LOS ANGELES,LONG BEACH,2,0,3,0,9,C,1,1
54402,LOS ANGELES,IRWINDALE,5,0,3,1,11,C,0,1
54403,LOS ANGELES,NORWALK,4,0,8,1,11,C,0,1