ID,County,City,Weekday,Severity,ViolCat,ClearWeather,Month,CrashType,Highway,Daylight
54404,LOS ANGELES,LAKEWOOD,5,0,4,0,11,C,0,0
54405,SAN MATEO,DALY CITY,2,0,3,1,10,C,0,1
54406,LOS ANGELES,LA MIRADA,2,0,3,1,11,C,0,1
54407,SAN MATEO,DALY CITY,4,0,4,1,11,C,0,1
54408,SAN BERNARDINO,ONTARIO,6,0,3,1,11,C,0,0
54409,LOS ANGELES,LAKEWOOD,2,0,4,1,11,C,0,1
54410,LOS ANGELES,IRWINDALE,2,0,3,0,11,C,0,1
54411,LOS ANGELES,PARAMOUNT,6,0,3,1,11,C,0,1
54412,LOS ANGELES,BALDWIN PARK,6,0,3,1,11,C,1,0
54413,SAN BERNARDINO,ONTARIO,1,0,1,1,11,C,1,0
54414,LOS ANGELES,LOS ANGELES,6,0,3,1,12,C,0,0
54415,LOS ANGELES,LOS ANGELES,7,0,8,1,12,C,0,0
54416,SAN BERNARDINO,COLTON,5,0,3,1,12,C,1,0
54417,SANTA CLARA,SAN JOSE,6,0,1,1,12,C,1,0
54418,LOS ANGELES,LOS ANGELES,7,0,3,1,12,C,0,1
54419,LOS ANGELES,ALHAMBRA,1,0,3,1,12,C,0,1
54420,LOS ANGELES,LOS ANGELES,6,0,3,1,12,C,0,0
54421,LOS ANGELES,SAN DIMAS,1,0,7,1,12,C,1,0
54422,TUOLUMNE,SONORA,4,0,3,1,11,C,0,1
54423,ORANGE,ORANGE,1,0,3,1,12,C,1,1
54424,RIVERSIDE,LAKE ELSINORE,4,0,4,1,11,C,0,1
54425,STANISLAUS,MODESTO,6,0,3,1,12,C,0,0
54426,RIVERSIDE,LAKE ELSINORE,6,0,3,1,12,C,1,1
54427,LOS ANGELES,LOS ANGELES,7,0,4,1,12,C,0,1
54428,LOS ANGELES,LOS ANGELES,7,0,4,1,11,C,0,1
54429,LOS ANGELES,LOS ANGELES,7,0,3,1,12,C,0,1
54430,LOS ANGELES,LOS ANGELES,1,0,3,1,12,C,0,1
54431,LOS ANGELES,PICO RIVERA,7,0,1,1,12,C,0,0
54432,LOS ANGELES,WEST COVINA,1,0,3,1,12,C,1,0
54433,SAN BERNARDINO,UPLAND,3,0,3,1,12,C,0,0
54434,SAN BERNARDINO,UPLAND,2,0,3,1,12,C,0,1
54435,LOS ANGELES,GLENDALE,4,0,7,1,12,C,1,0
54436,LOS ANGELES,LOS ANGELES,3,0,3,1,12,C,1,0
54437,SAN BERNARDINO,UPLAND,7,0,3,1,12,C,0,0
54438,SAN DIEGO,EL CAJON,5,0,3,1,12,C,0,0
54439,LOS ANGELES,GLENDALE,1,0,3,1,12,C,1,1
54440,LOS ANGELES,GLENDALE,6,0,3,1,12,C,1,1
54441,SAN BERNARDINO,UPLAND,5,0,9,1,12,C,0,1
54442,LOS ANGELES,GLENDALE,4,0,3,1,12,C,1,0
54443,SAN BERNARDINO,UPLAND,1,0,3,1,12,C,0,1
54444,LOS ANGELES,GLENDALE,4,0,3,1,12,C,1,0
54445,SAN BERNARDINO,UPLAND,5,0,3,1,12,C,0,1
54446,SAN BERNARDINO,UPLAND,7,0,3,1,12,C,0,0
54447,LOS ANGELES,LOS ANGELES,3,0,3,1,12,C,1,1
54448,SAN BERNARDINO,UPLAND,4,0,8,1,12,C,0,0
54449,LOS ANGELES,PASADENA,4,0,3,0,12,C,1,1
54450,SANTA CLARA,MORGAN HILL,1,0,4,1,12,C,0,1
54451,SAN MATEO,DALY CITY,5,0,3,0,12,C,0,0
54452,SAN DIEGO,NATIONAL CITY,1,0,8,1,12,C,0,1
54453,LOS ANGELES,MONROVIA,5,0,3,1,12,C,0,0
54454,SAN BERNARDINO,UPLAND,2,0,1,1,12,C,0,0
54455,LOS ANGELES,MONROVIA,6,0,1,1,12,C,0,0
54456,DEL NORTE,UNINCORPORATED,6,0,3,1,12,C,0,1
54457,SAN BERNARDINO,UPLAND,2,0,1,1,12,C,0,0
54458,SAN DIEGO,NATIONAL CITY,1,0,3,1,12,C,0,1
54459,SAN BERNARDINO,UPLAND,1,0,3,1,12,C,0,0
54460,ORANGE,HUNTINGTON BEACH,1,0,3,1,12,C,0,1
54461,SAN BERNARDINO,UPLAND,1,0,3,1,12,C,0,1
54462,FRESNO,KINGSBURG,4,0,9,1,12,C,0,1
54463,SAN BERNARDINO,UPLAND,5,0,3,1,12,C,0,1
54464,SAN BERNARDINO,UPLAND,2,0,3,1,12,C,0,0
54465,SAN BERNARDINO,UPLAND,6,0,8,1,12,C,0,0
54466,SAN BERNARDINO,ONTARIO,5,0,3,1,12,C,0,0
54467,ORANGE,HUNTINGTON BEACH,4,0,4,0,12,C,0,0
54468,SAN BERNARDINO,ONTARIO,2,0,3,1,12,C,0,1
54469,LOS ANGELES,ALHAMBRA,4,0,3,1,12,C,0,0
54470,SAN BERNARDINO,SAN BERNARDINO,7,0,3,1,10,C,0,1
54471,SAN DIEGO,EL CAJON,1,0,4,1,12,C,0,1
54472,LOS ANGELES,COMMERCE,6,0,3,1,12,C,1,1
54473,ALAMEDA,OAKLAND,2,0,3,0,11,C,0,1
54474,ALAMEDA,OAKLAND,2,0,3,1,10,C,0,0
54475,ALAMEDA,OAKLAND,2,0,3,0,11,C,0,0
54476,LOS ANGELES,LAKEWOOD,7,0,3,1,12,C,0,0
54477,LOS ANGELES,SANTA MONICA,3,0,3,0,7,C,1,1
54478,LOS ANGELES,LOS ANGELES,7,0,3,1,7,C,1,0
54479,LOS ANGELES,LOS ANGELES,5,0,3,0,7,C,1,1
54480,LOS ANGELES,LOS ANGELES,6,0,3,1,7,C,1,1
54481,LOS ANGELES,SANTA MONICA,6,0,3,1,7,C,1,1
54482,LOS ANGELES,CULVER CITY,5,0,3,1,7,C,1,1
54483,LOS ANGELES,LOS ANGELES,5,0,3,1,7,C,1,1
54484,LOS ANGELES,SANTA MONICA,6,0,3,1,7,C,1,1
54485,LOS ANGELES,SANTA MONICA,6,0,3,1,7,C,1,1
54486,LOS ANGELES,INGLEWOOD,6,0,3,1,7,C,0,1
54487,LOS ANGELES,LOS ANGELES,2,0,3,1,7,C,1,1
54488,LOS ANGELES,CULVER CITY,1,0,3,1,7,C,1,1
54489,LOS ANGELES,LOS ANGELES,6,0,3,1,7,C,1,1
54490,LOS ANGELES,LOS ANGELES,6,0,3,1,7,C,1,1
54491,LOS ANGELES,INGLEWOOD,6,0,3,1,8,C,1,1
54492,LOS ANGELES,LONG BEACH,1,0,3,1,7,C,1,1
54493,LOS ANGELES,LOS ANGELES,1,1,7,1,6,C,0,0
54494,ALAMEDA,OAKLAND,5,0,3,1,11,C,0,0
54495,LOS ANGELES,CULVER CITY,3,0,3,1,7,C,1,1
54496,LOS ANGELES,LOS ANGELES,3,0,3,0,7,C,1,1
54497,LOS ANGELES,CULVER CITY,2,0,3,0,7,C,1,1
54498,LOS ANGELES,SANTA MONICA,6,0,3,1,7,C,1,1
54499,LOS ANGELES,LOS ANGELES,4,0,3,1,7,C,1,1
54500,LOS ANGELES,LOS ANGELES,6,0,3,1,7,C,1,1
54501,LOS ANGELES,LOS ANGELES,5,0,3,1,7,C,1,1
54502,LOS ANGELES,SANTA MONICA,5,0,3,1,7,C,1,1
54503,LOS ANGELES,LOS ANGELES,1,0,3,1,7,C,1,1
54504,LOS ANGELES,LOS ANGELES,1,0,3,1,8,C,1,1
54505,LOS ANGELES,LOS ANGELES,5,0,3,1,9,C,1,1
54506,LOS ANGELES,LOS ANGELES,5,0,3,1,9,C,1,1
54507,LOS ANGELES,LOS ANGELES,5,0,3,1,10,C,1,1
54508,LOS ANGELES,SANTA MONICA,4,0,3,1,10,C,1,1
54509,SAN DIEGO,LEMON GROVE,4,0,3,1,12,C,0,0
54510,LOS ANGELES,LOS ANGELES,3,0,3,1,9,C,1,1
54511,LOS ANGELES,HAWTHORNE,6,0,3,1,9,C,1,1
54512,LOS ANGELES,LOS ANGELES,7,0,3,1,9,C,1,1
54513,LOS ANGELES,SANTA MONICA,4,0,3,1,9,C,0,1
54514,LOS ANGELES,LOS ANGELES,6,0,3,1,9,C,1,1
54515,LOS ANGELES,SANTA MONICA,6,0,3,1,9,C,1,1
54516,LOS ANGELES,LOS ANGELES,4,0,3,1,9,C,1,1
54517,LOS ANGELES,LOS ANGELES,4,0,7,1,9,C,1,0
54518,LOS ANGELES,LOS ANGELES,1,0,1,1,9,C,1,0
54519,LOS ANGELES,SANTA MONICA,6,0,3,1,9,C,1,0
54520,MERCED,LIVINGSTON,6,0,4,1,2,C,0,1
54521,AMADOR,JACKSON,1,0,3,1,12,C,1,1
54522,LOS ANGELES,LOS ANGELES,3,0,3,1,9,C,1,0
54523,LOS ANGELES,LOS ANGELES,5,0,3,1,7,C,1,1
54524,LOS ANGELES,LOS ANGELES,3,0,3,1,8,C,0,1
54525,LOS ANGELES,LOS ANGELES,2,0,3,1,8,C,1,1
54526,LOS ANGELES,LOS ANGELES,1,0,8,1,8,C,1,1
54527,LOS ANGELES,INGLEWOOD,3,0,3,1,8,C,1,1
54528,LOS ANGELES,CULVER CITY,2,0,3,0,9,C,1,0
54529,LOS ANGELES,LOS ANGELES,3,0,3,1,9,C,1,1
54530,LOS ANGELES,CULVER CITY,6,0,3,0,7,C,1,1
54531,LOS ANGELES,SANTA MONICA,7,0,3,1,8,C,1,0
54532,LOS ANGELES,INGLEWOOD,4,0,3,1,8,C,1,1
54533,LOS ANGELES,SANTA MONICA,7,0,3,0,7,C,1,1
54534,LOS ANGELES,LOS ANGELES,2,0,3,1,7,C,1,0
54535,LOS ANGELES,LOS ANGELES,7,0,3,1,7,C,1,1
54536,LOS ANGELES,LOS ANGELES,2,0,3,1,7,C,1,1
54537,LOS ANGELES,LOS ANGELES,7,0,3,0,8,C,1,1
54538,LOS ANGELES,HAWTHORNE,5,0,3,0,7,C,1,1
54539,LOS ANGELES,LOS ANGELES,5,0,3,0,7,C,1,1
54540,LOS ANGELES,SANTA MONICA,4,0,3,1,8,C,1,1
54541,LOS ANGELES,SANTA MONICA,7,0,3,0,7,C,1,1
54542,LOS ANGELES,CULVER CITY,5,0,3,1,8,C,1,1
54543,LOS ANGELES,LOS ANGELES,5,0,3,1,7,C,1,0
54544,LOS ANGELES,INGLEWOOD,4,0,3,1,8,C,1,1
54545,LOS ANGELES,LOS ANGELES,6,0,3,1,7,C,1,0
54546,LOS ANGELES,LOS ANGELES,4,0,3,1,8,C,1,1
54547,LOS ANGELES,LOS ANGELES,4,0,3,1,8,C,1,1
54548,LOS ANGELES,LOS ANGELES,1,0,3,1,8,C,1,1
54549,LOS ANGELES,INGLEWOOD,1,0,3,1,7,C,1,1
54550,LOS ANGELES,SANTA MONICA,6,0,8,0,7,C,1,1
54551,LOS ANGELES,LOS ANGELES,6,0,3,1,7,C,1,1
54552,LOS ANGELES,LOS ANGELES,5,0,1,1,7,C,1,1
54553,LOS ANGELES,LOS ANGELES,3,0,3,1,7,C,1,0
54554,LOS ANGELES,LOS ANGELES,1,0,3,1,7,C,1,1
54555,LOS ANGELES,SANTA MONICA,6,0,3,1,8,C,1,1
54556,MONTEREY,UNINCORPORATED,6,0,3,0,7,C,0,0
54557,LOS ANGELES,LOS ANGELES,5,0,3,1,8,C,1,1
54558,LOS ANGELES,LOS ANGELES,4,0,3,1,8,C,1,1
54559,LOS ANGELES,LOS ANGELES,5,0,3,1,8,C,1,1
54560,LOS ANGELES,LOS ANGELES,3,0,3,1,7,C,1,1
54561,LOS ANGELES,LOS ANGELES,7,0,3,0,8,C,1,1
54562,ALAMEDA,ALBANY,6,0,3,1,7,C,0,1
54563,LOS ANGELES,LOS ANGELES,7,0,3,0,8,C,1,1
54564,LOS ANGELES,LOS ANGELES,5,0,3,1,9,C,1,1
54565,ALAMEDA,ALBANY,6,0,3,1,9,C,0,1
54566,LOS ANGELES,LOS ANGELES,4,0,3,1,9,C,1,1
54567,LOS ANGELES,INGLEWOOD,6,0,3,1,9,C,0,0
54568,LOS ANGELES,INGLEWOOD,6,0,3,1,9,C,1,0
54569,LOS ANGELES,HAWTHORNE,6,0,3,1,9,C,1,1
54570,LOS ANGELES,SANTA MONICA,5,0,3,1,9,C,1,1
54571,LOS ANGELES,LOS ANGELES,1,0,3,1,9,C,1,1
54572,LOS ANGELES,LOS ANGELES,3,0,3,1,9,C,1,1
54573,LOS ANGELES,LOS ANGELES,6,0,3,1,9,C,1,0
54574,LOS ANGELES,LOS ANGELES,3,0,3,1,9,C,1,1
54575,LOS ANGELES,LOS ANGELES,2,0,3,1,9,C,1,0
54576,LOS ANGELES,LOS ANGELES,5,0,3,1,9,C,1,1
54577,LOS ANGELES,LOS ANGELES,2,0,3,1,9,C,1,1
54578,LOS ANGELES,LOS ANGELES,1,0,3,1,7,C,0,0
54579,LOS ANGELES,LOS ANGELES,5,0,3,1,9,C,1,1
54580,LOS ANGELES,INGLEWOOD,4,0,3,1,8,C,1,1
54581,LOS ANGELES,LOS ANGELES,2,0,3,1,8,C,0,1
54582,LOS ANGELES,HAWTHORNE,1,0,7,1,8,C,1,1
54583,LOS ANGELES,LOS ANGELES,5,0,3,1,8,C,1,1
54584,LOS ANGELES,HAWTHORNE,5,0,3,1,8,C,1,1
54585,LOS ANGELES,LOS ANGELES,3,0,3,1,8,C,1,1
54586,LOS ANGELES,CULVER CITY,3,0,3,1,8,C,1,1
54587,LOS ANGELES,LOS ANGELES,2,0,3,1,8,C,1,1
54588,LOS ANGELES,SANTA MONICA,1,0,3,1,8,C,0,1
54589,LOS ANGELES,HAWTHORNE,6,0,3,1,8,C,1,1
54590,LOS ANGELES,LOS ANGELES,4,0,3,1,8,C,0,0
54591,LOS ANGELES,LOS ANGELES,6,0,3,1,8,C,1,0
54592,LOS ANGELES,TORRANCE,2,0,1,1,11,C,0,0
54593,LOS ANGELES,LOS ANGELES,4,0,3,1,8,C,1,1
54594,LOS ANGELES,LOS ANGELES,6,0,3,1,7,C,1,1
54595,SAN BERNARDINO,SAN BERNARDINO,4,0,3,1,11,C,0,0
54596,LOS ANGELES,LOS ANGELES,1,0,3,0,8,C,1,1
54597,SAN BERNARDINO,SAN BERNARDINO,2,0,3,1,11,C,0,0
54598,LOS ANGELES,LOS ANGELES,1,0,3,1,7,C,1,1
54599,LOS ANGELES,LOS ANGELES,1,0,3,1,7,C,1,0
54600,LOS ANGELES,LOS ANGELES,7,0,3,1,8,C,1,0
54601,LOS ANGELES,LOS ANGELES,3,0,3,1,8,C,1,1
54602,LOS ANGELES,LOS ANGELES,7,0,3,1,8,C,1,1
54603,LOS ANGELES,LOS ANGELES,4,0,3,1,3,C,1,0
54604,LOS ANGELES,REDONDO BEACH,1,0,3,1,3,C,0,1
54605,LOS ANGELES,LONG BEACH,3,0,3,1,3,C,1,1
54606,LOS ANGELES,CARSON,4,0,7,1,3,C,1,1
54607,LOS ANGELES,LAWNDALE,3,0,3,1,3,C,1,0
54608,LOS ANGELES,LOS ANGELES,2,0,3,1,3,C,1,0
54609,LOS ANGELES,INGLEWOOD,4,0,3,1,8,C,1,1
54610,LOS ANGELES,LYNWOOD,2,0,3,1,3,C,1,0
54611,LOS ANGELES,LOS ANGELES,2,0,3,1,8,C,1,1
54612,LOS ANGELES,LOS ANGELES,5,0,3,1,9,C,1,1
54613,LOS ANGELES,TORRANCE,2,0,3,1,3,C,1,0
54614,LOS ANGELES,LOS ANGELES,7,0,3,1,8,C,0,0
54615,LOS ANGELES,LYNWOOD,1,0,3,0,3,C,1,1
54616,LOS ANGELES,SANTA MONICA,6,0,3,1,7,C,1,1
54617,LOS ANGELES,LYNWOOD,1,0,3,1,3,C,1,1
54618,SAN BERNARDINO,SAN BERNARDINO,2,0,12,1,9,C,0,1
54619,SAN BERNARDINO,SAN BERNARDINO,7,0,3,1,9,C,0,0
54620,LOS ANGELES,LOS ANGELES,4,0,3,1,10,C,1,1
54621,LOS ANGELES,LOS ANGELES,1,0,3,1,10,C,1,1
54622,LOS ANGELES,INGLEWOOD,2,0,8,0,10,C,1,1
54623,LOS ANGELES,LOS ANGELES,2,0,3,1,10,C,1,0
54624,LOS ANGELES,LOS ANGELES,5,0,3,1,10,C,1,0
54625,LOS ANGELES,SANTA MONICA,5,0,3,1,10,C,0,1
54626,LOS ANGELES,LOS ANGELES,6,0,3,1,10,C,1,1
54627,LOS ANGELES,LOS ANGELES,6,0,3,1,10,C,1,0
54628,LOS ANGELES,LOS ANGELES,1,0,3,1,10,C,1,1
54629,LOS ANGELES,SANTA MONICA,2,0,3,1,10,C,1,1
54630,LOS ANGELES,LOS ANGELES,2,0,3,1,10,C,1,0
54631,SAN BERNARDINO,SAN BERNARDINO,6,0,1,1,10,C,0,0
54632,LOS ANGELES,LOS ANGELES,3,0,3,0,9,C,1,1
54633,LOS ANGELES,LOS ANGELES,4,0,3,1,9,C,1,1
54634,LOS ANGELES,LOS ANGELES,7,0,3,1,9,C,1,1
54635,LOS ANGELES,LOS ANGELES,4,0,3,1,9,C,1,1
54636,LOS ANGELES,CULVER CITY,6,0,3,1,9,C,1,1
54637,LOS ANGELES,LOS ANGELES,1,0,3,1,9,C,1,1
54638,LOS ANGELES,LOS ANGELES,3,0,3,1,9,C,1,0
54639,LOS ANGELES,CULVER CITY,5,0,3,1,9,C,1,1
54640,LOS ANGELES,INGLEWOOD,2,0,3,1,9,C,1,1
54641,LOS ANGELES,LOS ANGELES,1,0,3,1,9,C,1,1
54642,LOS ANGELES,CULVER CITY,1,0,3,1,9,C,1,0
54643,LOS ANGELES,LOS ANGELES,7,0,3,1,9,C,1,0
54644,LOS ANGELES,LOS ANGELES,2,0,3,0,9,C,1,1
54645,LOS ANGELES,SANTA MONICA,1,0,3,1,9,C,1,1
54646,LOS ANGELES,LOS ANGELES,5,0,3,1,9,C,1,1
54647,LOS ANGELES,LOS ANGELES,7,0,3,1,9,C,1,0
54648,LOS ANGELES,LOS ANGELES,5,0,3,1,9,C,1,1
54649,LOS ANGELES,LA CANADA-FLINTRIDGE,5,0,7,1,12,C,0,0
54650,LOS ANGELES,LA CANADA-FLINTRIDGE,1,0,3,0,11,C,0,1
54651,LOS ANGELES,GARDENA,4,0,4,1,12,C,0,1
54652,LOS ANGELES,GARDENA,5,0,1,1,12,C,0,0
54653,SANTA CLARA,SAN JOSE,7,0,4,1,2,C,0,0
54654,LOS ANGELES,LOS ANGELES,1,0,3,1,10,C,1,0
54655,LOS ANGELES,CARSON,6,0,3,0,10,C,1,1
54656,SAN BERNARDINO,SAN BERNARDINO,2,0,3,1,8,C,0,1
54657,LOS ANGELES,LONG BEACH,5,0,3,0,8,C,1,1
54658,LOS ANGELES,INGLEWOOD,6,0,1,1,8,C,0,1
54659,LOS ANGELES,LONG BEACH,7,0,3,1,8,C,1,1
54660,LOS ANGELES,LOS ANGELES,5,0,3,1,10,C,1,0
54661,LOS ANGELES,LOS ANGELES,5,0,3,1,10,C,1,1
54662,LOS ANGELES,LYNWOOD,1,0,3,1,10,C,1,1
54663,LOS ANGELES,HAWTHORNE,7,0,3,1,10,C,1,1
54664,LOS ANGELES,LOS ANGELES,6,0,3,1,10,C,1,1
54665,LOS ANGELES,LONG BEACH,5,0,3,1,8,C,1,1
54666,LOS ANGELES,LONG BEACH,5,0,3,1,8,C,1,1
54667,LOS ANGELES,LOS ANGELES,5,1,3,1,10,C,1,1
54668,LOS ANGELES,LONG BEACH,5,0,3,1,10,C,1,1
54669,LOS ANGELES,CULVER CITY,2,0,3,1,8,C,1,0
54670,LOS ANGELES,LONG BEACH,5,0,3,1,10,C,1,1
54671,LOS ANGELES,LOS ANGELES,3,0,3,1,8,C,1,1
54672,LOS ANGELES,LOS ANGELES,7,0,3,1,8,C,1,1
54673,LOS ANGELES,LOS ANGELES,3,0,3,1,10,C,1,1
54674,LOS ANGELES,LOS ANGELES,5,0,3,1,10,C,1,0
54675,LOS ANGELES,LOS ANGELES,6,0,3,1,8,C,1,1
54676,LOS ANGELES,LOS ANGELES,5,0,3,1,8,C,1,1
54677,LOS ANGELES,LOS ANGELES,4,0,3,1,10,C,1,0
54678,LOS ANGELES,LONG BEACH,6,0,3,0,10,C,1,0
54679,LOS ANGELES,LONG BEACH,4,0,8,1,10,C,1,1
54680,LOS ANGELES,TORRANCE,1,0,3,1,8,C,1,1
54681,LOS ANGELES,LYNWOOD,6,0,7,1,10,C,1,1
54682,LOS ANGELES,LAWNDALE,5,0,4,1,11,C,0,1
54683,RIVERSIDE,PERRIS,1,0,3,0,11,C,0,1
54684,SAN BERNARDINO,SAN BERNARDINO,6,0,3,1,10,C,0,0
54685,LOS ANGELES,LOS ANGELES,2,0,3,1,11,C,1,0
54686,SAN BERNARDINO,SAN BERNARDINO,4,0,3,1,10,C,0,1
54687,LOS ANGELES,LOS ANGELES,3,0,3,1,11,C,1,1
54688,LOS ANGELES,LAWNDALE,2,0,4,0,11,C,0,1
54689,LOS ANGELES,LOS ANGELES,2,0,3,1,10,C,1,1
54690,LOS ANGELES,LOS ANGELES,5,0,3,1,10,C,1,0
54691,LOS ANGELES,LAWNDALE,1,0,3,0,10,C,0,1
54692,LOS ANGELES,LOS ANGELES,6,0,3,1,11,C,1,1
54693,LOS ANGELES,LOS ANGELES,2,0,7,1,10,C,1,1
54694,LOS ANGELES,REDONDO BEACH,1,0,3,1,10,C,1,1
54695,SACRAMENTO,SACRAMENTO,1,0,3,1,12,C,1,1
54696,SACRAMENTO,SACRAMENTO,3,0,3,1,12,C,1,0
54697,SACRAMENTO,SACRAMENTO,5,1,3,1,12,C,1,1
54698,SACRAMENTO,SACRAMENTO,5,0,7,0,12,C,0,0
54699,ALAMEDA,LIVERMORE,6,0,4,1,12,C,1,0
54700,LOS ANGELES,LAWNDALE,6,0,4,1,12,C,0,0
54701,LOS ANGELES,BALDWIN PARK,5,0,3,1,12,C,1,1
54702,LOS ANGELES,DIAMOND BAR,5,0,3,1,12,C,1,1
54703,ALAMEDA,ALAMEDA,6,0,3,1,12,C,0,0
54704,ORANGE,FULLERTON,2,0,8,1,12,C,0,1
54705,LOS ANGELES,IRWINDALE,5,0,3,1,12,C,1,1
54706,ALAMEDA,ALAMEDA,3,0,3,0,12,C,0,0
54707,LOS ANGELES,DIAMOND BAR,2,1,3,1,12,C,1,1
54708,LOS ANGELES,CARSON,4,0,7,1,12,C,1,0
54709,LOS ANGELES,BALDWIN PARK,1,0,3,1,12,C,1,0
54710,LOS ANGELES,CLAREMONT,2,0,3,0,12,C,1,0
54711,ORANGE,FULLERTON,4,0,3,1,12,C,0,0
54712,LOS ANGELES,DIAMOND BAR,1,0,3,1,12,C,1,1
54713,ORANGE,FULLERTON,4,0,3,0,12,C,0,0
54714,LOS ANGELES,WEST COVINA,1,0,3,1,12,C,1,0
54715,LOS ANGELES,BALDWIN PARK,2,0,3,1,12,C,1,0
54716,ORANGE,FULLERTON,7,0,3,1,12,C,0,1
54717,LOS ANGELES,IRWINDALE,5,0,3,1,12,C,1,1
54718,LOS ANGELES,DIAMOND BAR,3,0,3,1,12,C,1,1
54719,LOS ANGELES,LOS ANGELES,5,0,3,1,12,C,1,1
54720,LOS ANGELES,DIAMOND BAR,6,0,3,1,12,C,1,1
54721,LOS ANGELES,BALDWIN PARK,2,0,3,1,12,C,1,1
54722,LOS ANGELES,TORRANCE,2,0,3,1,12,C,0,1
54723,LOS ANGELES,DIAMOND BAR,4,0,3,1,12,C,0,1
54724,LOS ANGELES,DIAMOND BAR,7,0,3,1,12,C,0,1
54725,LOS ANGELES,BALDWIN PARK,5,0,3,1,12,C,1,0
54726,LOS ANGELES,LYNWOOD,2,0,3,1,12,C,1,0
54727,LOS ANGELES,DIAMOND BAR,6,0,3,1,12,C,1,0
54728,LOS ANGELES,LOS ANGELES,2,0,3,1,12,C,1,1
54729,LOS ANGELES,LOS ANGELES,6,0,3,1,12,C,1,1
54730,SAN BERNARDINO,ONTARIO,3,0,3,1,12,C,0,0
54731,LOS ANGELES,LOS ANGELES,5,0,3,1,12,C,1,0
54732,LOS ANGELES,NORWALK,6,0,3,1,12,C,0,0
54733,SAN DIEGO,EL CAJON,7,0,4,1,12,C,0,0
54734,LOS ANGELES,LOS ANGELES,4,0,1,1,12,C,1,0
54735,SAN BERNARDINO,ONTARIO,1,0,3,1,12,C,0,1
54736,SAN DIEGO,EL CAJON,7,0,3,1,12,C,0,0
54737,SAN BERNARDINO,ONTARIO,5,0,3,1,12,C,1,0
54738,LOS ANGELES,LYNWOOD,3,0,3,1,12,C,1,1
54739,SAN BERNARDINO,ONTARIO,3,0,3,1,12,C,0,1
54740,LOS ANGELES,LONG BEACH,3,0,3,1,12,C,1,1
54741,LOS ANGELES,LONG BEACH,1,0,3,1,12,C,1,0
54742,ALAMEDA,ALBANY,6,0,3,1,12,C,0,1
54743,ALAMEDA,ALBANY,2,0,1,1,12,C,0,0
54744,SAN BERNARDINO,ONTARIO,3,0,3,1,12,C,0,0
54745,ALAMEDA,ALBANY,5,0,3,1,12,C,0,1
54746,LOS ANGELES,LOS ANGELES,4,0,8,1,12,C,1,0
54747,SAN BERNARDINO,ONTARIO,3,1,1,1,12,C,0,0
54748,LOS ANGELES,LONG BEACH,1,0,1,1,12,C,1,0
54749,SAN BERNARDINO,ONTARIO,4,0,3,1,12,C,0,1
54750,ALAMEDA,LIVERMORE,6,0,3,1,12,C,1,1
54751,SAN BERNARDINO,ONTARIO,6,0,8,1,12,C,0,0
54752,LOS ANGELES,LOS ANGELES,4,0,3,1,10,C,1,0
54753,LOS ANGELES,SANTA MONICA,4,0,3,1,10,C,0,1
54754,SAN BERNARDINO,ONTARIO,6,0,3,1,12,C,1,1
54755,SAN BERNARDINO,ONTARIO,7,0,3,1,12,C,0,0
54756,LOS ANGELES,SANTA MONICA,7,0,3,1,10,C,1,1
54757,LOS ANGELES,LOS ANGELES,2,0,3,1,10,C,1,1
54758,LOS ANGELES,SANTA MONICA,1,0,3,1,10,C,1,1
54759,LOS ANGELES,CULVER CITY,5,0,3,1,10,C,1,1
54760,LOS ANGELES,LOS ANGELES,7,0,3,1,10,C,1,1
54761,LOS ANGELES,HAWTHORNE,7,0,4,1,7,C,0,1
54762,LOS ANGELES,LOS ANGELES,6,0,3,1,8,C,1,1
54763,LOS ANGELES,SANTA MONICA,2,0,3,1,8,C,1,1
54764,SAN BERNARDINO,SAN BERNARDINO,4,0,3,1,9,C,0,1
54765,SAN BERNARDINO,SAN BERNARDINO,5,0,3,1,9,C,0,1
54766,SAN BERNARDINO,SAN BERNARDINO,3,0,3,0,9,C,0,0
54767,SAN BERNARDINO,SAN BERNARDINO,6,0,3,1,11,C,0,1
54768,SAN DIEGO,EL CAJON,3,0,3,1,12,C,0,1
54769,LOS ANGELES,NORWALK,4,0,3,1,12,C,0,0
54770,LOS ANGELES,NORWALK,3,0,4,1,12,C,0,1
54771,ALAMEDA,OAKLAND,6,0,1,1,12,C,0,0
54772,LOS ANGELES,NORWALK,5,0,3,0,12,C,0,0
54773,KINGS,CORCORAN,5,0,3,1,11,C,0,1
54774,KINGS,CORCORAN,4,0,3,1,11,C,0,1
54775,SAN BERNARDINO,SAN BERNARDINO,1,0,1,1,11,C,0,0
54776,LOS ANGELES,HAWTHORNE,5,0,3,1,9,C,1,1
54777,LOS ANGELES,LONG BEACH,4,0,3,1,3,C,0,1