ID,County,City,Weekday,Severity,ViolCat,ClearWeather,Month,CrashType,Highway,Daylight
55907,LOS ANGELES,SANTA FE SPRINGS,5,0,3,0,7,C,1,1
55908,LOS ANGELES,DOWNEY,1,0,3,1,7,C,1,1
55909,LOS ANGELES,NORWALK,3,0,3,1,7,C,1,0
55910,LOS ANGELES,DOWNEY,5,0,3,0,7,C,1,1
55911,LOS ANGELES,DOWNEY,4,0,3,1,7,C,1,1
55912,LOS ANGELES,NORWALK,4,0,3,1,8,C,1,1
55913,LOS ANGELES,DOWNEY,4,0,3,1,10,C,1,1
55914,LOS ANGELES,SANTA FE SPRINGS,5,0,3,1,10,C,1,0
55915,LOS ANGELES,INDUSTRY,2,0,3,0,10,C,1,1
55916,LOS ANGELES,NORWALK,6,0,1,1,10,C,1,0
55917,LOS ANGELES,BELLFLOWER,4,0,3,1,10,C,1,1
55918,LOS ANGELES,NORWALK,6,0,7,0,10,C,1,1
55919,LOS ANGELES,CERRITOS,3,1,3,1,10,C,1,0
55920,LOS ANGELES,CERRITOS,6,0,3,1,10,C,1,1
55921,LOS ANGELES,DOWNEY,6,0,3,1,10,C,1,1
55922,LOS ANGELES,SANTA FE SPRINGS,2,0,3,1,10,C,1,0
55923,LOS ANGELES,SANTA FE SPRINGS,6,0,3,1,10,C,1,1
55924,LOS ANGELES,DOWNEY,4,0,4,1,10,C,1,1
55925,LOS ANGELES,CERRITOS,2,0,3,1,10,C,1,1
55926,LOS ANGELES,DOWNEY,2,0,3,1,10,C,1,1
55927,LOS ANGELES,SANTA FE SPRINGS,7,0,3,1,10,C,1,1
55928,LOS ANGELES,NORWALK,5,0,3,1,10,C,1,0
55929,LOS ANGELES,NORWALK,7,0,3,1,10,C,1,0
55930,LOS ANGELES,DOWNEY,6,0,3,1,10,C,1,1
55931,LOS ANGELES,CERRITOS,7,0,3,1,10,C,1,1
55932,LOS ANGELES,CERRITOS,2,0,3,1,10,C,1,1
55933,LOS ANGELES,NORWALK,7,0,3,1,10,C,1,1
55934,LOS ANGELES,DOWNEY,7,0,7,1,10,C,1,0
55935,LOS ANGELES,BELLFLOWER,3,0,3,1,10,C,1,1
55936,LOS ANGELES,BELLFLOWER,5,0,3,1,10,C,1,0
55937,LOS ANGELES,INDUSTRY,1,0,3,1,7,C,1,1
55938,LOS ANGELES,DOWNEY,5,0,3,0,7,C,1,1
55939,LOS ANGELES,LONG BEACH,1,0,3,1,7,C,1,1
55940,LOS ANGELES,CERRITOS,1,0,7,1,7,C,1,1
55941,LOS ANGELES,SANTA FE SPRINGS,7,0,3,1,7,C,0,0
55942,LOS ANGELES,BELLFLOWER,1,0,3,1,7,C,0,1
55943,LOS ANGELES,NORWALK,2,0,3,1,7,C,1,1
55944,LOS ANGELES,LA MIRADA,1,0,3,1,7,C,1,1
55945,LOS ANGELES,NORWALK,1,0,3,1,7,C,1,1
55946,LOS ANGELES,CERRITOS,6,0,3,1,7,C,1,0
55947,LOS ANGELES,ARTESIA,5,0,3,1,7,C,1,1
55948,LOS ANGELES,DOWNEY,2,0,3,1,7,C,1,1
55949,LOS ANGELES,ARTESIA,7,0,3,1,7,C,1,1
55950,LOS ANGELES,NORWALK,5,0,3,1,7,C,0,0
55951,LOS ANGELES,CERRITOS,6,0,3,1,7,C,1,1
55952,LOS ANGELES,LONG BEACH,2,0,3,1,7,C,1,1
55953,LOS ANGELES,CERRITOS,6,0,3,1,7,C,1,0
55954,LOS ANGELES,DOWNEY,3,0,3,0,7,C,1,1
55955,LOS ANGELES,CERRITOS,2,0,3,1,7,C,1,1
55956,LOS ANGELES,SANTA FE SPRINGS,5,0,3,1,7,C,1,0
55957,LOS ANGELES,CERRITOS,5,0,3,1,7,C,1,1
55958,LOS ANGELES,CERRITOS,7,0,3,1,7,C,1,1
55959,LOS ANGELES,DOWNEY,7,0,3,1,7,C,1,1
55960,LOS ANGELES,NORWALK,5,0,3,1,7,C,1,1
55961,LOS ANGELES,CERRITOS,3,0,3,1,7,C,1,1
55962,LOS ANGELES,CERRITOS,5,0,3,1,7,C,1,1
55963,LOS ANGELES,DOWNEY,2,0,3,1,7,C,1,1
55964,LOS ANGELES,CERRITOS,4,0,3,1,7,C,1,1
55965,LOS ANGELES,NORWALK,5,0,3,1,7,C,1,1
55966,LOS ANGELES,BELLFLOWER,3,0,7,1,7,C,1,1
55967,LOS ANGELES,ARTESIA,1,0,3,0,7,C,1,1
55968,LOS ANGELES,CERRITOS,2,0,3,1,7,C,1,1
55969,LOS ANGELES,DOWNEY,2,0,3,1,7,C,1,1
55970,LOS ANGELES,LA MIRADA,5,0,3,1,7,C,1,0
55971,LOS ANGELES,BELLFLOWER,3,0,3,1,7,C,1,1
55972,LOS ANGELES,BELLFLOWER,1,0,3,1,7,C,1,1
55973,LOS ANGELES,BELLFLOWER,6,0,3,1,7,C,0,0
55974,LOS ANGELES,NORWALK,5,0,3,1,8,C,1,1
55975,LOS ANGELES,CERRITOS,3,0,3,1,10,C,1,1
55976,LOS ANGELES,DOWNEY,3,0,3,1,10,C,1,1
55977,LOS ANGELES,INDUSTRY,3,0,3,1,10,C,1,1
55978,LOS ANGELES,NORWALK,3,0,3,1,10,C,1,0
55979,LOS ANGELES,DOWNEY,3,0,3,1,10,C,1,1
55980,LOS ANGELES,NORWALK,3,0,3,1,10,C,1,1
55981,LOS ANGELES,DOWNEY,3,0,3,1,10,C,1,1
55982,LOS ANGELES,DOWNEY,6,0,3,1,8,C,1,1
55983,LOS ANGELES,DOWNEY,3,0,3,1,10,C,1,0
55984,LOS ANGELES,NORWALK,1,0,3,1,10,C,1,1
55985,LOS ANGELES,DOWNEY,1,0,3,1,10,C,1,1
55986,LOS ANGELES,BELLFLOWER,5,0,3,1,10,C,1,1
55987,LOS ANGELES,SANTA FE SPRINGS,6,0,3,1,10,C,0,1
55988,LOS ANGELES,NORWALK,4,0,3,1,10,C,1,1
55989,LOS ANGELES,CERRITOS,4,0,3,0,10,C,1,1
55990,LOS ANGELES,SANTA FE SPRINGS,2,0,3,0,10,C,1,1
55991,LOS ANGELES,LONG BEACH,4,0,3,1,10,C,1,1
55992,LOS ANGELES,CERRITOS,7,0,3,1,10,C,1,1
55993,LOS ANGELES,CERRITOS,7,0,3,1,10,C,1,0
55994,LOS ANGELES,CERRITOS,7,0,3,1,7,C,1,0
55995,LOS ANGELES,NORWALK,3,0,3,1,7,C,1,1
55996,LOS ANGELES,LAKEWOOD,2,0,3,1,7,C,0,1
55997,LOS ANGELES,WHITTIER,4,0,3,1,6,C,1,1
55998,LOS ANGELES,CERRITOS,6,0,3,1,6,C,1,1
55999,LOS ANGELES,SANTA FE SPRINGS,7,0,3,1,6,C,1,1
56000,LOS ANGELES,DOWNEY,2,0,3,0,2,C,1,1
56001,LOS ANGELES,NORWALK,3,0,3,1,3,C,1,1
56002,LOS ANGELES,LA MIRADA,6,0,3,1,6,C,1,0
56003,LOS ANGELES,CERRITOS,6,0,3,1,3,C,1,0
56004,LOS ANGELES,BELLFLOWER,6,0,3,0,6,C,1,0
56005,LOS ANGELES,CERRITOS,6,0,8,1,3,C,1,1
56006,LOS ANGELES,SANTA FE SPRINGS,3,0,3,1,7,C,1,1
56007,LOS ANGELES,SANTA FE SPRINGS,5,0,7,1,3,C,1,1
56008,LOS ANGELES,CERRITOS,2,0,3,1,7,C,1,0
56009,LOS ANGELES,SANTA FE SPRINGS,4,0,3,1,7,C,1,1
56010,LOS ANGELES,NORWALK,3,0,3,1,7,C,1,1
56011,LOS ANGELES,INDUSTRY,3,0,3,1,11,C,1,1
56012,LOS ANGELES,LONG BEACH,3,0,3,1,7,C,1,1
56013,LOS ANGELES,CERRITOS,2,0,3,1,11,C,1,1
56014,LOS ANGELES,PICO RIVERA,2,0,3,1,11,C,1,1
56015,FRESNO,FRESNO,1,0,3,1,1,C,0,1
56016,LOS ANGELES,DOWNEY,3,0,3,1,1,C,1,0
56017,LOS ANGELES,DOWNEY,6,0,3,1,9,C,0,0
56018,FRESNO,FRESNO,2,0,3,1,1,C,0,1
56019,LOS ANGELES,INDUSTRY,6,0,3,1,9,C,0,1
56020,LOS ANGELES,LA MIRADA,3,0,3,1,9,C,1,0
56021,FRESNO,FRESNO,2,0,3,1,1,C,0,1
56022,LOS ANGELES,DOWNEY,5,0,3,1,9,C,1,1
56023,FRESNO,FRESNO,3,0,12,0,1,C,0,1
56024,LOS ANGELES,PARAMOUNT,2,0,3,1,9,C,1,1
56025,LOS ANGELES,DOWNEY,1,0,3,1,9,C,1,0
56026,FRESNO,FRESNO,3,0,4,1,1,C,0,1
56027,FRESNO,FRESNO,3,0,1,1,2,C,0,1
56028,LOS ANGELES,LONG BEACH,4,0,3,1,9,C,1,1
56029,LOS ANGELES,BELLFLOWER,1,0,3,1,9,C,1,0
56030,LOS ANGELES,BELLFLOWER,7,0,3,1,10,C,1,0
56031,LOS ANGELES,ARTESIA,4,0,3,1,10,C,1,1
56032,LOS ANGELES,SANTA FE SPRINGS,7,0,3,1,10,C,1,0
56033,LOS ANGELES,CERRITOS,4,0,3,1,10,C,1,1
56034,LOS ANGELES,SANTA FE SPRINGS,6,0,3,1,12,C,1,1
56035,LOS ANGELES,CERRITOS,3,0,3,0,12,C,1,0
56036,LOS ANGELES,LOS ANGELES,6,0,4,1,6,C,0,1
56037,LOS ANGELES,LOS ANGELES,1,0,3,1,4,C,0,1
56038,LOS ANGELES,DOWNEY,4,0,3,0,4,C,1,1
56039,LOS ANGELES,DOWNEY,3,0,3,1,4,C,1,1
56040,LOS ANGELES,SANTA FE SPRINGS,4,0,3,1,4,C,1,1
56041,LOS ANGELES,NORWALK,5,0,3,1,4,C,1,1
56042,LOS ANGELES,PICO RIVERA,5,0,3,1,4,C,1,1
56043,LOS ANGELES,NORWALK,1,0,3,1,4,C,1,1
56044,LOS ANGELES,NORWALK,4,0,8,1,4,C,1,1
56045,LOS ANGELES,LONG BEACH,2,0,3,1,4,C,0,1
56046,LOS ANGELES,SANTA FE SPRINGS,2,0,3,1,4,C,1,1
56047,LOS ANGELES,CERRITOS,2,0,7,1,5,C,1,1
56048,LOS ANGELES,CERRITOS,3,0,3,0,4,C,1,1
56049,LOS ANGELES,LA MIRADA,4,0,8,1,5,C,1,1
56050,LOS ANGELES,SANTA FE SPRINGS,5,0,3,1,5,C,1,1
56051,LOS ANGELES,CERRITOS,6,0,3,1,5,C,1,0
56052,LOS ANGELES,LONG BEACH,5,0,3,1,5,C,1,1
56053,LOS ANGELES,ARTESIA,7,0,3,1,5,C,1,1
56054,LOS ANGELES,NORWALK,6,0,3,1,5,C,1,1
56055,LOS ANGELES,BELLFLOWER,6,0,3,1,5,C,1,0
56056,LOS ANGELES,NORWALK,5,0,3,1,5,C,1,1
56057,LOS ANGELES,CERRITOS,6,0,3,1,5,C,1,1
56058,LOS ANGELES,CERRITOS,2,0,3,0,5,C,1,1
56059,LOS ANGELES,CERRITOS,2,0,3,1,5,C,1,1
56060,LOS ANGELES,SANTA FE SPRINGS,7,0,3,1,5,C,1,1
56061,LOS ANGELES,DOWNEY,4,0,3,1,5,C,1,0
56062,LOS ANGELES,NORWALK,7,0,3,1,5,C,1,1
56063,LOS ANGELES,DOWNEY,7,0,3,1,5,C,1,1
56064,LOS ANGELES,SANTA FE SPRINGS,3,0,3,1,5,C,1,1
56065,LOS ANGELES,SANTA FE SPRINGS,7,0,3,1,5,C,1,1
56066,LOS ANGELES,DOWNEY,5,0,3,1,5,C,1,1
56067,LOS ANGELES,DOWNEY,5,0,3,1,5,C,1,1
56068,LOS ANGELES,DOWNEY,2,0,3,1,5,C,1,1
56069,LOS ANGELES,INDUSTRY,2,0,3,1,5,C,1,1
56070,LOS ANGELES,CERRITOS,3,0,3,1,5,C,1,1
56071,LOS ANGELES,ARTESIA,2,0,3,1,5,C,1,1
56072,LOS ANGELES,SANTA FE SPRINGS,5,0,3,0,5,C,1,1
56073,LOS ANGELES,PARAMOUNT,1,0,3,1,5,C,1,1
56074,LOS ANGELES,SANTA FE SPRINGS,1,0,3,1,5,C,1,1
56075,LOS ANGELES,CERRITOS,6,0,3,1,5,C,1,0
56076,LOS ANGELES,NORWALK,1,0,3,1,5,C,1,1
56077,LOS ANGELES,SANTA FE SPRINGS,4,0,3,1,5,C,1,1
56078,LOS ANGELES,LAKEWOOD,4,0,3,1,5,C,1,1
56079,LOS ANGELES,SANTA FE SPRINGS,2,0,3,1,5,C,1,1
56080,LOS ANGELES,DOWNEY,5,0,3,1,5,C,1,1
56081,LOS ANGELES,NORWALK,4,0,3,1,5,C,1,0
56082,LOS ANGELES,INDUSTRY,4,0,3,1,5,C,1,0
56083,LOS ANGELES,SANTA FE SPRINGS,5,0,3,1,5,C,1,0
56084,LOS ANGELES,WHITTIER,1,0,1,0,5,C,1,1
56085,LOS ANGELES,WHITTIER,5,0,3,1,5,C,1,1
56086,LOS ANGELES,NORWALK,5,0,3,0,5,C,1,1
56087,LOS ANGELES,CERRITOS,3,0,3,1,5,C,1,1
56088,LOS ANGELES,ARTESIA,6,0,3,1,5,C,1,1
56089,LOS ANGELES,LONG BEACH,4,0,7,1,5,C,1,1
56090,LOS ANGELES,SANTA FE SPRINGS,3,0,3,1,5,C,1,1
56091,LOS ANGELES,CERRITOS,3,0,3,1,5,C,0,1
56092,LOS ANGELES,INDUSTRY,6,0,3,1,5,C,1,0
56093,LOS ANGELES,CERRITOS,3,0,3,1,5,C,1,1
56094,LOS ANGELES,CERRITOS,6,0,3,1,5,C,1,1
56095,LOS ANGELES,WHITTIER,4,0,3,1,5,C,1,1
56096,LOS ANGELES,CERRITOS,4,0,3,1,5,C,0,1
56097,LOS ANGELES,ARTESIA,4,0,3,1,5,C,1,1
56098,LOS ANGELES,LAKEWOOD,3,0,3,1,5,C,1,1
56099,LOS ANGELES,NORWALK,3,0,3,1,5,C,1,1
56100,LOS ANGELES,DOWNEY,3,0,1,0,5,C,1,0
56101,LOS ANGELES,CERRITOS,2,0,3,1,5,C,1,1
56102,LOS ANGELES,LAKEWOOD,2,0,3,1,4,C,1,1
56103,FRESNO,KERMAN,2,0,3,1,4,C,0,1
56104,LOS ANGELES,NORWALK,2,0,7,1,4,C,1,0
56105,LOS ANGELES,WHITTIER,1,0,3,1,4,C,1,1
56106,LOS ANGELES,INDUSTRY,1,0,3,1,4,C,1,1
56107,LOS ANGELES,LA MIRADA,1,0,3,1,4,C,1,1
56108,LOS ANGELES,ARTESIA,2,0,3,1,4,C,1,1
56109,LOS ANGELES,LONG BEACH,1,0,3,1,4,C,1,1
56110,LOS ANGELES,SANTA FE SPRINGS,7,0,3,1,4,C,1,1
56111,LOS ANGELES,SANTA FE SPRINGS,1,0,3,1,4,C,1,1
56112,LOS ANGELES,NORWALK,7,0,3,1,4,C,1,1
56113,LOS ANGELES,NORWALK,6,0,3,1,4,C,1,1
56114,LOS ANGELES,SANTA FE SPRINGS,7,0,3,1,4,C,1,1
56115,LOS ANGELES,NORWALK,1,0,3,1,4,C,1,1
56116,LOS ANGELES,CERRITOS,6,0,3,1,4,C,1,1
56117,LOS ANGELES,NORWALK,6,0,3,1,4,C,1,1
56118,ORANGE,ANAHEIM,5,1,3,0,12,C,1,0
56119,SAN JOAQUIN,UNINCORPORATED,5,1,1,1,8,C,1,0
56120,ORANGE,SANTA ANA,4,0,3,1,9,C,1,0
56121,LOS ANGELES,DIAMOND BAR,1,0,3,1,10,C,0,1
56122,LOS ANGELES,BELLFLOWER,5,0,3,1,5,C,0,1
56123,LOS ANGELES,ARTESIA,6,0,3,1,5,C,1,1
56124,LOS ANGELES,NORWALK,3,0,3,1,4,C,1,1
56125,LOS ANGELES,NORWALK,3,0,3,1,4,C,1,1
56126,LOS ANGELES,NORWALK,7,0,3,1,4,C,1,1
56127,LOS ANGELES,DOWNEY,3,0,3,1,4,C,1,0
56128,LOS ANGELES,NORWALK,3,0,3,1,4,C,1,1
56129,LOS ANGELES,NORWALK,1,0,3,0,4,C,1,1
56130,LOS ANGELES,WHITTIER,6,0,1,1,4,C,1,0
56131,LOS ANGELES,SANTA FE SPRINGS,1,0,3,1,4,C,1,1
56132,LOS ANGELES,DOWNEY,1,0,3,1,4,C,1,1
56133,LOS ANGELES,INDUSTRY,1,0,3,1,1,C,1,1
56134,LOS ANGELES,LAKEWOOD,2,0,3,0,5,C,0,1
56135,LOS ANGELES,SOUTH GATE,5,0,3,1,4,C,1,1
56136,LOS ANGELES,NORWALK,5,0,3,1,4,C,1,1
56137,LOS ANGELES,NORWALK,6,0,3,1,4,C,1,1
56138,LOS ANGELES,WHITTIER,5,0,3,1,4,C,1,1
56139,LOS ANGELES,BELLFLOWER,4,0,3,1,9,C,1,1
56140,LOS ANGELES,INDUSTRY,4,0,3,1,4,C,0,1
56141,LOS ANGELES,DOWNEY,5,0,3,1,8,C,1,0
56142,LOS ANGELES,EL MONTE,2,0,3,1,1,C,1,0
56143,LOS ANGELES,NORWALK,3,0,3,0,10,C,1,0
56144,LOS ANGELES,DOWNEY,1,0,3,1,9,C,1,1
56145,LOS ANGELES,CERRITOS,4,0,3,1,9,C,1,1
56146,LOS ANGELES,CERRITOS,3,0,3,1,3,C,1,0
56147,LOS ANGELES,NORWALK,1,0,3,1,3,C,1,1
56148,LOS ANGELES,CERRITOS,6,0,3,1,1,C,1,1
56149,LOS ANGELES,DOWNEY,6,0,3,1,1,C,1,1
56150,LOS ANGELES,WEST HOLLYWOOD,2,0,4,0,11,C,0,0
56151,SANTA CLARA,SAN JOSE,5,0,3,0,2,C,1,1
56152,LOS ANGELES,EL MONTE,3,0,3,1,10,C,0,1
56153,FRESNO,KERMAN,7,0,1,1,6,C,0,0
56154,SHASTA,REDDING,2,0,3,0,11,C,1,1
56155,SHASTA,REDDING,1,0,3,0,11,C,0,1
56156,SHASTA,REDDING,7,0,3,1,11,C,0,1
56157,SONOMA,SANTA ROSA,2,0,12,0,6,C,0,1
56158,FRESNO,KERMAN,4,0,3,1,2,C,0,1
56159,FRESNO,KERMAN,6,0,6,1,3,C,0,1
56160,FRESNO,KERMAN,3,0,8,1,3,C,0,1
56161,LOS ANGELES,LOS ANGELES,2,0,3,1,9,C,0,1
56162,FRESNO,KERMAN,7,0,12,1,9,C,1,1
56163,CONTRA COSTA,OAKLEY,7,0,3,1,8,C,0,1
56164,CONTRA COSTA,OAKLEY,2,0,3,1,8,C,0,1
56165,FRESNO,FRESNO,2,0,3,1,2,C,0,1
56166,FRESNO,FRESNO,5,0,1,1,2,C,0,0
56167,FRESNO,FRESNO,3,0,3,1,2,C,0,1
56168,FRESNO,FRESNO,6,0,4,1,3,C,0,1
56169,FRESNO,FRESNO,4,0,3,1,3,C,0,1
56170,FRESNO,FRESNO,4,0,3,1,3,C,0,1
56171,FRESNO,FRESNO,4,0,3,1,3,C,0,1
56172,FRESNO,FRESNO,4,0,3,1,3,C,0,1
56173,FRESNO,FRESNO,6,0,3,1,3,C,0,1
56174,FRESNO,FRESNO,3,0,4,0,3,C,0,1
56175,FRESNO,FRESNO,3,0,3,1,1,C,0,0
56176,FRESNO,FRESNO,2,0,3,1,1,C,0,1
56177,FRESNO,FRESNO,2,0,3,1,1,C,0,1
56178,FRESNO,FRESNO,5,0,3,1,1,C,0,0
56179,FRESNO,FRESNO,6,0,3,1,1,C,0,1
56180,FRESNO,FRESNO,6,0,3,1,1,C,0,1
56181,FRESNO,FRESNO,3,0,3,1,1,C,0,1
56182,FRESNO,FRESNO,6,0,3,1,1,C,0,1
56183,SHASTA,REDDING,6,0,10,1,9,C,0,1
56184,SHASTA,REDDING,6,0,3,1,9,C,0,1
56185,FRESNO,FRESNO,2,0,4,1,1,C,0,0
56186,SHASTA,REDDING,1,0,3,0,9,C,1,0
56187,SHASTA,REDDING,6,0,3,1,9,C,1,0
56188,SHASTA,REDDING,3,0,3,1,9,C,0,1
56189,SHASTA,REDDING,5,0,3,0,9,C,0,1
56190,SHASTA,REDDING,4,0,3,1,9,C,0,1
56191,SHASTA,REDDING,5,0,3,1,9,C,0,1
56192,FRESNO,FRESNO,2,0,3,1,2,C,0,0
56193,FRESNO,FRESNO,3,0,3,1,2,C,0,1
56194,FRESNO,FRESNO,5,0,3,1,2,C,0,0
56195,FRESNO,FRESNO,4,0,3,0,2,C,0,1
56196,FRESNO,FRESNO,4,0,4,1,2,C,0,0
56197,FRESNO,FRESNO,1,0,1,1,2,C,0,1
56198,FRESNO,FRESNO,5,0,3,1,2,C,0,1
56199,FRESNO,FRESNO,3,0,1,0,2,C,0,1
56200,FRESNO,FRESNO,3,0,3,1,2,C,0,0
56201,FRESNO,FRESNO,5,0,3,1,3,C,0,1
56202,FRESNO,FRESNO,4,0,3,1,3,C,0,1
56203,FRESNO,FRESNO,1,0,3,1,3,C,0,1
56204,FRESNO,FRESNO,2,0,1,1,3,C,0,1
56205,FRESNO,FRESNO,1,0,3,1,3,C,0,1
56206,SHASTA,REDDING,5,0,3,1,8,C,0,1
56207,SHASTA,REDDING,1,0,3,1,8,C,0,1
56208,SHASTA,REDDING,2,0,3,1,8,C,0,1
56209,SHASTA,REDDING,2,0,3,1,8,C,0,1
56210,SHASTA,REDDING,3,0,3,1,8,C,0,1
56211,SHASTA,REDDING,4,0,3,1,10,C,0,1
56212,SHASTA,REDDING,1,0,3,1,12,C,0,1
56213,SHASTA,REDDING,2,0,3,0,8,C,1,1
56214,LOS ANGELES,MONTEREY PARK,1,0,3,1,11,C,1,0
56215,LOS ANGELES,EL MONTE,4,0,3,1,11,C,1,0
56216,SHASTA,REDDING,7,0,1,1,10,C,0,1
56217,SHASTA,REDDING,7,0,3,1,10,C,1,1
56218,SHASTA,REDDING,4,0,3,1,10,C,0,1
56219,SHASTA,REDDING,5,0,3,1,10,C,0,1
56220,SAN BERNARDINO,RIALTO,1,0,1,1,10,C,0,0
56221,SHASTA,REDDING,4,0,3,1,12,C,0,1
56222,SHASTA,REDDING,5,0,3,0,12,C,0,1
56223,SHASTA,REDDING,3,0,3,0,12,C,1,1
56224,SHASTA,REDDING,5,0,3,0,12,C,0,1
56225,SHASTA,REDDING,5,0,3,0,12,C,0,1
56226,LOS ANGELES,INDUSTRY,1,0,3,1,2,C,0,1
56227,LOS ANGELES,SANTA FE SPRINGS,4,0,3,1,5,C,0,1
56228,ORANGE,LA PALMA,2,0,3,1,2,C,1,1
56229,LOS ANGELES,INDUSTRY,2,0,3,1,4,C,0,1
56230,SHASTA,REDDING,1,0,3,1,1,C,0,1
56231,SHASTA,REDDING,4,0,3,1,1,C,0,1
56232,SHASTA,REDDING,5,0,3,1,1,C,1,0
56233,SHASTA,REDDING,5,0,3,1,1,C,0,1
56234,SHASTA,REDDING,5,0,1,1,1,C,0,0
56235,SHASTA,REDDING,3,0,3,1,2,C,1,1
56236,SHASTA,REDDING,1,0,3,1,1,C,0,1
56237,SHASTA,REDDING,1,0,1,0,3,C,1,1
56238,SHASTA,REDDING,1,0,3,0,4,C,0,1
56239,SHASTA,REDDING,6,0,3,1,2,C,0,1
56240,SHASTA,REDDING,4,0,3,0,3,C,0,1
56241,SHASTA,REDDING,2,0,3,1,2,C,0,1
56242,SHASTA,REDDING,1,0,3,1,3,C,0,1
56243,SHASTA,REDDING,5,0,4,0,2,C,0,0
56244,SHASTA,REDDING,4,0,1,0,2,C,1,1
56245,SHASTA,REDDING,2,0,3,1,2,C,0,1
56246,SHASTA,REDDING,5,0,3,1,2,C,0,1
56247,SHASTA,REDDING,1,0,3,1,5,C,1,1
56248,SHASTA,REDDING,5,0,3,1,5,C,0,0
56249,SHASTA,REDDING,5,0,3,1,6,C,1,0
56250,SHASTA,REDDING,1,0,3,1,5,C,0,1
56251,SHASTA,REDDING,2,0,3,1,6,C,0,0
56252,SHASTA,REDDING,4,0,3,1,5,C,0,1
56253,SHASTA,REDDING,1,0,3,0,5,C,0,1
56254,SHASTA,REDDING,5,0,3,1,6,C,0,1
56255,SHASTA,REDDING,4,0,3,1,5,C,1,1
56256,SHASTA,REDDING,4,0,3,1,7,C,0,1
56257,SHASTA,REDDING,5,0,3,1,5,C,0,1
56258,SHASTA,REDDING,5,0,3,1,5,C,0,1
56259,SHASTA,REDDING,4,0,3,1,5,C,0,1
56260,SHASTA,REDDING,1,0,3,0,5,C,0,1
56261,SHASTA,REDDING,3,0,3,1,7,C,0,1
56262,SHASTA,REDDING,6,0,1,1,5,C,0,0
56263,SHASTA,REDDING,2,0,3,1,7,C,0,1
56264,SHASTA,REDDING,5,0,3,1,5,C,1,1
56265,SHASTA,REDDING,5,0,3,1,5,C,0,1
56266,SHASTA,REDDING,1,0,3,1,6,C,0,1
56267,SHASTA,REDDING,4,0,3,1,7,C,1,1
56268,SHASTA,REDDING,3,0,3,1,7,C,0,1
56269,FRESNO,FRESNO,2,0,3,1,1,C,0,1
56270,FRESNO,FRESNO,2,0,4,1,1,C,0,0
56271,FRESNO,FRESNO,4,0,3,1,1,C,0,1
56272,SHASTA,REDDING,3,0,3,1,4,C,0,1
56273,SHASTA,REDDING,5,0,3,1,4,C,0,1
56274,FRESNO,FRESNO,2,0,4,1,2,C,0,0
56275,SHASTA,REDDING,1,0,3,1,10,C,1,1
56276,SHASTA,REDDING,4,0,3,1,9,C,0,1
56277,SHASTA,REDDING,5,0,3,1,10,C,1,1
56278,SHASTA,REDDING,2,0,3,1,10,C,0,1
56279,FRESNO,FRESNO,7,0,1,1,3,C,0,0
56280,SHASTA,REDDING,2,0,3,1,11,C,1,1
56281,SHASTA,REDDING,2,0,3,1,9,C,0,1
56282,FRESNO,FRESNO,5,0,3,1,3,C,0,1
56283,FRESNO,FRESNO,3,0,3,1,3,C,0,0
56284,SHASTA,REDDING,7,0,3,1,12,C,0,1
56285,SHASTA,REDDING,1,0,3,1,12,C,0,0
56286,FRESNO,FRESNO,4,0,3,1,3,C,0,1
56287,FRESNO,FRESNO,1,0,3,1,3,C,0,0
56288,SHASTA,REDDING,4,0,3,1,10,C,0,0
56289,SHASTA,REDDING,4,0,1,1,10,C,0,0
56290,SHASTA,REDDING,5,0,3,0,12,C,0,0
56291,SHASTA,REDDING,5,0,3,1,8,C,1,1
56292,LOS ANGELES,BALDWIN PARK,6,0,9,1,1,D,0,1
56293,YOLO,DAVIS,5,0,12,0,3,D,0,0
56294,SACRAMENTO,SACRAMENTO,1,1,12,1,1,D,0,1
56295,SAN DIEGO,SAN DIEGO,7,1,12,0,1,D,0,1
56296,MADERA,UNINCORPORATED,5,1,9,0,1,D,0,1
56297,CONTRA COSTA,CONCORD,1,1,12,1,1,D,0,1
56298,TULARE,UNINCORPORATED,7,1,1,1,1,D,0,0
56299,SONOMA,UNINCORPORATED,7,1,9,1,1,D,0,1
56300,SAN LUIS OBISPO,UNINCORPORATED,2,1,9,1,1,D,0,1
56301,FRESNO,SANGER,3,1,12,0,1,D,0,0
56302,LOS ANGELES,SANTA MONICA,1,1,9,1,1,D,0,1
56303,KERN,SHAFTER,3,1,12,1,2,D,0,1
56304,SAN JOAQUIN,UNINCORPORATED,2,1,12,1,1,D,0,0
56305,SAN DIEGO,SAN DIEGO,6,1,12,0,2,D,0,1
56306,MERCED,UNINCORPORATED,6,1,9,1,1,D,0,1
56307,SAN MATEO,HILLSBOROUGH,3,1,9,1,1,D,0,1
56308,FRESNO,CLOVIS,7,1,8,0,1,D,0,1
56309,LOS ANGELES,LOS ANGELES,5,1,9,1,3,D,0,1
56310,YOLO,WEST SACRAMENTO,5,1,8,1,1,D,1,1
56311,LOS ANGELES,LOS ANGELES,6,1,9,1,3,D,0,1
56312,SOLANO,VACAVILLE,4,1,9,1,2,D,0,1
56313,SONOMA,UNINCORPORATED,1,1,9,1,2,D,0,1
56314,KERN,UNINCORPORATED,2,1,1,1,3,D,0,0
56315,CONTRA COSTA,CONCORD,6,1,12,1,2,D,0,1