ID,County,City,Weekday,Severity,ViolCat,ClearWeather,Month,CrashType,Highway,Daylight
57103,ORANGE,IRVINE,4,0,9,1,2,D,0,0
57104,ALAMEDA,ALAMEDA,1,0,1,1,2,D,0,1
57105,LOS ANGELES,LA PUENTE,2,0,9,1,2,D,0,1
57106,SAN DIEGO,ESCONDIDO,4,0,9,1,2,D,0,1
57107,LOS ANGELES,INDUSTRY,3,1,9,1,1,D,0,1
57108,SAN DIEGO,ESCONDIDO,6,0,12,1,2,D,0,1
57109,LOS ANGELES,INDUSTRY,7,0,1,1,1,D,0,0
57110,LOS ANGELES,INDUSTRY,6,0,9,1,2,D,0,1
57111,SAN DIEGO,SAN DIEGO,2,0,12,0,2,D,0,0
57112,LOS ANGELES,POMONA,2,0,9,1,2,D,0,1
57113,LOS ANGELES,POMONA,1,0,9,1,2,D,0,1
57114,LOS ANGELES,POMONA,5,0,12,1,2,D,0,0
57115,LOS ANGELES,SANTA CLARITA,5,0,9,1,2,D,0,1
57116,MERCED,UNINCORPORATED,1,1,12,1,2,D,0,1
57117,TULARE,PORTERVILLE,5,0,12,1,3,D,0,1
57118,SAN LUIS OBISPO,UNINCORPORATED,3,0,8,0,3,D,0,1
57119,TULARE,VISALIA,1,0,9,1,2,D,0,1
57120,LOS ANGELES,SANTA FE SPRINGS,5,0,12,1,2,D,0,1
57121,SAN DIEGO,IMPERIAL BEACH,6,0,3,1,2,D,0,1
57122,FRESNO,UNINCORPORATED,3,0,3,1,2,D,0,1
57123,FRESNO,UNINCORPORATED,7,0,9,1,2,D,0,1
57124,ORANGE,FULLERTON,2,0,9,1,2,D,0,1
57125,ORANGE,FULLERTON,7,0,8,1,2,D,0,0
57126,ALAMEDA,LIVERMORE,1,0,12,1,1,D,0,1
57127,KINGS,HANFORD,4,0,9,1,2,D,0,1
57128,SOLANO,FAIRFIELD,1,0,9,1,2,D,0,1
57129,FRESNO,UNINCORPORATED,5,0,9,1,2,D,0,0
57130,NAPA,NAPA,5,0,9,1,2,D,0,0
57131,ORANGE,ANAHEIM,3,0,12,1,1,D,0,1
57132,LOS ANGELES,WHITTIER,1,0,12,1,2,D,0,1
57133,ORANGE,IRVINE,3,1,12,1,2,D,0,1
57134,SONOMA,PETALUMA,3,0,9,1,2,D,0,1
57135,CONTRA COSTA,CONCORD,3,0,9,1,2,D,0,1
57136,KINGS,UNINCORPORATED,2,1,12,1,2,D,0,0
57137,SANTA CLARA,SANTA CLARA,2,0,12,1,2,D,0,0
57138,RIVERSIDE,PALM SPRINGS,5,0,12,1,2,D,0,1
57139,KERN,UNINCORPORATED,1,0,9,1,2,D,0,1
57140,ALAMEDA,OAKLAND,7,0,12,1,2,D,0,1
57141,KERN,UNINCORPORATED,2,0,8,1,2,D,0,1
57142,SAN BERNARDINO,FONTANA,3,0,9,1,1,D,0,1
57143,LOS ANGELES,PICO RIVERA,2,0,12,1,1,D,0,0
57144,SAN DIEGO,SAN DIEGO,5,0,12,1,2,D,0,0
57145,LOS ANGELES,PALMDALE,5,0,9,1,2,D,0,1
57146,LOS ANGELES,PALMDALE,3,0,7,1,2,D,0,1
57147,NAPA,UNINCORPORATED,4,0,9,1,2,D,1,0
57148,RIVERSIDE,RIVERSIDE,4,0,9,0,2,D,0,1
57149,KERN,UNINCORPORATED,4,0,9,1,2,D,1,0
57150,ORANGE,HUNTINGTON BEACH,7,0,9,1,3,D,0,1
57151,SACRAMENTO,FOLSOM,1,0,12,1,3,D,0,1
57152,ORANGE,LAGUNA NIGUEL,7,0,1,1,3,D,0,0
57153,ORANGE,ANAHEIM,3,0,9,1,2,D,0,1
57154,SAN DIEGO,SAN DIEGO,7,0,12,1,3,D,0,0
57155,TEHAMA,UNINCORPORATED,6,0,8,1,2,D,1,1
57156,ORANGE,SANTA ANA,5,0,9,0,2,D,0,1
57157,AMADOR,IONE,2,0,9,1,2,D,0,1
57158,ORANGE,ANAHEIM,5,0,9,1,3,D,0,1
57159,SHASTA,UNINCORPORATED,4,0,9,1,2,D,0,1
57160,FRESNO,UNINCORPORATED,5,0,9,1,2,D,0,1
57161,ORANGE,LA HABRA,3,0,3,1,2,D,1,1
57162,KINGS,HANFORD,7,1,9,1,2,D,0,0
57163,LOS ANGELES,LANCASTER,2,0,9,0,2,D,0,1
57164,BUTTE,UNINCORPORATED,4,0,9,1,2,D,0,1
57165,ALAMEDA,OAKLAND,1,0,12,1,1,D,0,0
57166,TULARE,VISALIA,4,0,8,1,2,D,0,0
57167,TULARE,VISALIA,2,0,9,1,1,D,0,1
57168,TULARE,VISALIA,7,0,12,1,1,D,0,0
57169,TULARE,VISALIA,6,0,9,1,1,D,0,1
57170,MADERA,UNINCORPORATED,6,0,9,0,2,D,0,1
57171,SAN BERNARDINO,CHINO,6,0,12,1,2,D,0,1
57172,SAN JOAQUIN,UNINCORPORATED,5,0,8,0,1,D,0,1
57173,SAN BERNARDINO,LOMA LINDA,2,0,9,1,2,D,0,1
57174,IMPERIAL,EL CENTRO,4,1,9,1,2,D,0,1
57175,ALAMEDA,OAKLAND,3,1,12,1,1,D,0,1
57176,SACRAMENTO,SACRAMENTO,1,0,12,1,2,D,0,1
57177,CONTRA COSTA,ANTIOCH,3,0,12,1,2,D,0,1
57178,FRESNO,UNINCORPORATED,7,0,9,1,2,D,0,1
57179,SAN MATEO,SAN BRUNO,2,0,12,1,2,D,1,1
57180,FRESNO,UNINCORPORATED,3,0,12,1,1,D,0,0
57181,VENTURA,UNINCORPORATED,4,0,9,1,2,D,0,1
57182,SAN BERNARDINO,COLTON,5,0,9,0,2,D,0,1
57183,SAN BERNARDINO,HESPERIA,5,0,9,0,2,D,0,0
57184,FRESNO,UNINCORPORATED,5,0,9,1,2,D,0,1
57185,LOS ANGELES,REDONDO BEACH,4,0,11,1,2,D,0,1
57186,SAN DIEGO,ENCINITAS,5,0,9,1,1,D,0,1
57187,SAN DIEGO,ENCINITAS,2,0,8,1,1,D,0,1
57188,HUMBOLDT,EUREKA,1,0,12,1,2,D,0,1
57189,HUMBOLDT,EUREKA,1,0,12,0,1,D,0,1
57190,HUMBOLDT,EUREKA,2,0,8,1,1,D,0,1
57191,KERN,UNINCORPORATED,4,0,9,1,2,D,1,0
57192,LOS ANGELES,VERNON,1,0,8,1,2,D,0,1
57193,ORANGE,SANTA ANA,4,0,9,0,2,D,0,1
57194,STANISLAUS,UNINCORPORATED,1,1,12,1,2,D,0,0
57195,STANISLAUS,UNINCORPORATED,4,0,12,1,2,D,0,1
57196,SONOMA,PETALUMA,2,0,9,1,2,D,0,1
57197,SANTA CLARA,SANTA CLARA,3,0,9,1,2,D,0,1
57198,RIVERSIDE,PERRIS,2,0,9,1,2,D,0,1
57199,RIVERSIDE,PERRIS,6,0,1,0,2,D,0,0
57200,LOS ANGELES,DIAMOND BAR,7,0,7,0,2,D,1,1
57201,SONOMA,UNINCORPORATED,3,0,9,1,2,D,0,1
57202,SAN BERNARDINO,ONTARIO,3,0,12,1,1,D,0,0
57203,SAN MATEO,SAN CARLOS,4,0,12,1,2,D,0,1
57204,LOS ANGELES,DOWNEY,3,0,9,1,2,D,0,0
57205,LOS ANGELES,COMMERCE,5,0,12,1,2,D,0,1
57206,LOS ANGELES,SOUTH GATE,7,0,1,1,1,D,0,0
57207,RIVERSIDE,MORENO VALLEY,5,0,9,1,2,D,0,1
57208,RIVERSIDE,MORENO VALLEY,4,0,12,1,2,D,0,1
57209,RIVERSIDE,MORENO VALLEY,3,0,9,1,2,D,0,1
57210,ORANGE,ORANGE,7,0,1,1,2,D,0,1
57211,ORANGE,GARDEN GROVE,2,0,7,1,2,D,1,1
57212,ORANGE,HUNTINGTON BEACH,6,0,9,1,2,D,0,1
57213,ORANGE,HUNTINGTON BEACH,2,0,9,1,2,D,0,0
57214,ORANGE,SANTA ANA,1,1,12,1,2,D,0,1
57215,ORANGE,SANTA ANA,1,0,9,1,2,D,0,1
57216,STANISLAUS,MODESTO,3,0,8,1,2,D,1,1
57217,ORANGE,MISSION VIEJO,1,0,12,1,1,D,0,1
57218,RIVERSIDE,HEMET,2,0,9,1,2,D,0,1
57219,SAN DIEGO,SAN MARCOS,1,0,8,1,1,D,0,1
57220,LOS ANGELES,PICO RIVERA,2,0,12,0,2,D,0,0
57221,RIVERSIDE,HEMET,7,0,9,1,2,D,1,0
57222,SAN DIEGO,VISTA,6,0,9,1,2,D,0,1
57223,SAN DIEGO,LEMON GROVE,5,0,8,0,2,D,1,1
57224,RIVERSIDE,HEMET,6,0,1,1,2,D,0,1
57225,BUTTE,GRIDLEY,4,0,12,1,2,D,0,1
57226,CONTRA COSTA,UNINCORPORATED,2,0,8,0,2,D,0,1
57227,CONTRA COSTA,UNINCORPORATED,7,0,12,1,2,D,0,1
57228,LAKE,UNINCORPORATED,4,0,9,1,2,D,0,1
57229,SAN BERNARDINO,CHINO,5,0,1,1,2,D,1,0
57230,IMPERIAL,UNINCORPORATED,3,0,9,1,2,D,0,0
57231,LOS ANGELES,REDONDO BEACH,5,0,9,1,2,D,0,1
57232,MADERA,UNINCORPORATED,4,0,12,1,2,D,0,1
57233,MADERA,UNINCORPORATED,2,0,9,1,2,D,0,0
57234,SAN BERNARDINO,RIALTO,1,0,12,1,2,D,0,0
57235,SUTTER,YUBA CITY,1,0,12,1,2,D,0,1
57236,ORANGE,FOUNTAIN VALLEY,1,0,8,1,2,D,1,1
57237,LOS ANGELES,PASADENA,3,0,9,1,2,D,0,1
57238,SANTA CRUZ,UNINCORPORATED,5,0,9,1,2,D,1,1
57239,TULARE,UNINCORPORATED,2,0,9,0,2,D,0,1
57240,TULARE,UNINCORPORATED,7,0,12,1,2,D,0,0
57241,LOS ANGELES,WEST HOLLYWOOD,6,0,8,1,1,D,0,1
57242,ORANGE,ANAHEIM,4,0,9,1,2,D,0,1
57243,LOS ANGELES,PASADENA,1,0,12,1,2,D,0,1
57244,LOS ANGELES,PASADENA,7,0,1,1,2,D,0,0
57245,KERN,BAKERSFIELD,1,0,9,1,2,D,0,1
57246,KERN,BAKERSFIELD,7,0,9,1,2,D,0,1
57247,KERN,BAKERSFIELD,4,0,9,0,2,D,0,0
57248,LOS ANGELES,SANTA FE SPRINGS,5,0,9,0,1,D,0,1
57249,BUTTE,UNINCORPORATED,6,1,8,1,2,D,0,0
57250,CONTRA COSTA,CONCORD,4,0,3,1,2,D,0,1
57251,RIVERSIDE,RIVERSIDE,1,0,12,1,2,D,0,0
57252,LOS ANGELES,SANTA FE SPRINGS,4,0,9,1,2,D,0,1
57253,CONTRA COSTA,CONCORD,6,0,12,1,2,D,0,1
57254,KERN,RIDGECREST,3,0,9,1,1,D,0,1
57255,KERN,BAKERSFIELD,2,0,3,0,2,D,1,0
57256,LOS ANGELES,PASADENA,4,0,12,1,2,D,0,1
57257,KERN,UNINCORPORATED,1,0,8,1,2,D,0,1
57258,TULARE,UNINCORPORATED,5,0,12,1,2,D,0,1
57259,TULARE,UNINCORPORATED,4,0,3,1,2,D,0,0
57260,SACRAMENTO,SACRAMENTO,4,0,12,1,2,D,0,1
57261,PLACER,ROCKLIN,4,0,12,1,2,D,0,1
57262,SANTA CLARA,PALO ALTO,1,0,9,1,2,D,0,1
57263,ORANGE,HUNTINGTON BEACH,3,0,12,1,2,D,0,1
57264,ORANGE,HUNTINGTON BEACH,3,0,9,1,2,D,0,0
57265,LOS ANGELES,CARSON,7,0,9,1,2,D,0,1
57266,LOS ANGELES,CARSON,4,0,3,1,2,D,0,0
57267,LOS ANGELES,SANTA MONICA,2,0,9,0,2,D,0,1
57268,ALAMEDA,OAKLAND,3,0,9,1,2,D,0,1
57269,SAN DIEGO,SAN DIEGO,3,0,6,1,2,D,0,1
57270,ALAMEDA,LIVERMORE,1,0,12,1,2,D,0,0
57271,CONTRA COSTA,PITTSBURG,7,0,3,1,2,D,0,0
57272,RIVERSIDE,RIVERSIDE,2,0,8,1,2,D,0,1
57273,ORANGE,SANTA ANA,2,0,9,0,2,D,0,1
57274,ORANGE,BREA,3,0,1,1,2,D,0,1
57275,ORANGE,BREA,3,0,1,1,2,D,0,0
57276,ORANGE,BREA,3,0,9,1,2,D,0,0
57277,RIVERSIDE,RIVERSIDE,4,0,12,1,2,D,0,1
57278,STANISLAUS,UNINCORPORATED,6,0,9,0,3,D,0,1
57279,KERN,UNINCORPORATED,6,0,3,0,2,D,1,0
57280,LOS ANGELES,BURBANK,4,0,9,1,2,D,0,1
57281,KERN,UNINCORPORATED,2,0,9,1,2,D,0,1
57282,SAN DIEGO,SAN DIEGO,2,0,3,0,2,D,1,0
57283,TULARE,UNINCORPORATED,4,0,9,1,2,D,0,0
57284,ORANGE,LAGUNA NIGUEL,5,0,12,1,2,D,0,1
57285,IMPERIAL,UNINCORPORATED,3,0,12,1,2,D,0,1
57286,SAN BERNARDINO,HESPERIA,5,0,9,1,3,D,0,1
57287,SAN BERNARDINO,APPLE VALLEY,5,0,12,1,2,D,0,0
57288,RIVERSIDE,INDIO,3,0,9,1,2,D,0,1
57289,SAN BERNARDINO,VICTORVILLE,6,1,9,1,2,D,0,0
57290,KERN,UNINCORPORATED,5,0,3,0,3,D,1,1
57291,ORANGE,FOUNTAIN VALLEY,2,1,9,1,2,D,0,1
57292,ORANGE,GARDEN GROVE,4,0,9,1,2,D,0,1
57293,TUOLUMNE,UNINCORPORATED,4,0,9,1,2,D,1,1
57294,SAN DIEGO,CHULA VISTA,4,0,9,1,2,D,0,1
57295,VENTURA,UNINCORPORATED,4,0,8,1,2,D,1,0
57296,NAPA,AMERICAN CANYON,4,0,9,1,2,D,0,1
57297,ALAMEDA,DUBLIN,2,0,9,0,2,D,0,1
57298,SACRAMENTO,SACRAMENTO,6,0,8,1,2,D,1,1
57299,ORANGE,SANTA ANA,2,0,12,1,2,D,0,1
57300,BUTTE,UNINCORPORATED,1,0,12,1,3,D,0,0
57301,LOS ANGELES,LAKEWOOD,4,0,8,1,1,D,0,0
57302,BUTTE,UNINCORPORATED,3,0,9,0,3,D,0,1
57303,LOS ANGELES,BELLFLOWER,1,0,9,1,1,D,0,1
57304,LOS ANGELES,PARAMOUNT,4,0,9,1,1,D,0,1
57305,LOS ANGELES,LANCASTER,2,0,9,1,2,D,0,1
57306,LOS ANGELES,LANCASTER,2,0,9,1,2,D,0,1
57307,LOS ANGELES,LONG BEACH,2,0,9,0,3,D,0,1
57308,ORANGE,LA HABRA,5,0,9,0,3,D,1,0
57309,LOS ANGELES,LONG BEACH,3,0,9,1,3,D,0,1
57310,LOS ANGELES,SANTA MONICA,6,0,12,1,3,D,0,0
57311,LOS ANGELES,SANTA MONICA,6,0,9,1,3,D,0,1
57312,ORANGE,WESTMINSTER,3,0,9,0,3,D,0,1
57313,LOS ANGELES,LONG BEACH,4,0,8,1,3,D,0,0
57314,LOS ANGELES,SANTA MONICA,2,0,12,1,3,D,0,1
57315,LOS ANGELES,GLENDALE,6,0,1,1,1,D,0,0
57316,ORANGE,ANAHEIM,6,0,8,1,3,D,1,1
57317,LOS ANGELES,LOS ANGELES,2,0,12,1,3,D,0,1
57318,SAN DIEGO,ESCONDIDO,3,0,8,1,2,D,0,0
57319,ORANGE,WESTMINSTER,1,0,9,1,3,D,0,1
57320,FRESNO,UNINCORPORATED,5,1,12,1,2,D,0,1
57321,FRESNO,UNINCORPORATED,1,0,1,1,2,D,0,0
57322,FRESNO,UNINCORPORATED,3,0,8,0,2,D,0,0
57323,FRESNO,UNINCORPORATED,3,0,9,1,3,D,0,1
57324,FRESNO,UNINCORPORATED,6,0,12,1,3,D,0,1
57325,SAN JOAQUIN,UNINCORPORATED,5,1,3,1,2,D,0,0
57326,RIVERSIDE,RIVERSIDE,2,0,12,1,3,D,0,1
57327,RIVERSIDE,RIVERSIDE,7,0,12,1,3,D,0,0
57328,LOS ANGELES,PICO RIVERA,3,1,1,1,2,D,0,1
57329,LOS ANGELES,GLENDALE,2,0,12,1,2,D,0,1
57330,LOS ANGELES,LOS ANGELES,1,0,8,1,3,D,0,1
57331,MONTEREY,UNINCORPORATED,1,0,12,1,3,D,0,1
57332,MONTEREY,UNINCORPORATED,7,0,8,1,3,D,0,1
57333,ORANGE,SAN JUAN CAPISTRANO,5,0,9,1,3,D,0,0
57334,ORANGE,IRVINE,1,0,12,1,2,D,0,1
57335,SOLANO,UNINCORPORATED,4,0,1,1,2,D,0,1
57336,RIVERSIDE,MORENO VALLEY,2,0,6,1,2,D,0,1
57337,FRESNO,UNINCORPORATED,3,1,9,1,2,D,0,1
57338,FRESNO,UNINCORPORATED,5,0,12,1,2,D,0,1
57339,FRESNO,UNINCORPORATED,2,0,9,1,3,D,0,1
57340,FRESNO,UNINCORPORATED,2,0,9,1,2,D,0,1
57341,FRESNO,UNINCORPORATED,1,0,9,1,2,D,0,1
57342,STANISLAUS,TURLOCK,1,0,9,1,3,D,0,0
57343,ORANGE,ANAHEIM,2,0,9,0,3,D,0,1
57344,SACRAMENTO,SACRAMENTO,2,0,8,1,3,D,0,1
57345,ORANGE,WESTMINSTER,1,0,9,1,3,D,0,1
57346,LOS ANGELES,LYNWOOD,5,0,9,0,1,D,0,0
57347,YOLO,WEST SACRAMENTO,2,0,12,1,2,D,0,1
57348,SUTTER,YUBA CITY,6,0,12,1,2,D,0,1
57349,ORANGE,GARDEN GROVE,3,0,12,1,2,D,0,1
57350,ORANGE,GARDEN GROVE,2,1,9,1,2,D,0,1
57351,ORANGE,SANTA ANA,4,0,9,1,2,D,0,1
57352,KINGS,UNINCORPORATED,4,1,12,1,2,D,0,1
57353,LOS ANGELES,CERRITOS,6,0,9,1,2,D,0,1
57354,LOS ANGELES,WEST COVINA,5,0,12,1,1,D,0,1
57355,LOS ANGELES,HUNTINGTON PARK,5,0,9,1,3,D,0,1
57356,ORANGE,NEWPORT BEACH,5,0,9,1,3,D,0,0
57357,LOS ANGELES,LA MIRADA,7,0,1,1,3,D,0,0
57358,KERN,BAKERSFIELD,4,0,9,1,2,D,0,1
57359,KERN,BAKERSFIELD,5,0,12,1,2,D,0,1
57360,KINGS,UNINCORPORATED,2,0,12,1,3,D,0,1
57361,KERN,BAKERSFIELD,7,0,9,1,2,D,0,1
57362,LOS ANGELES,LOS ANGELES,4,0,9,0,3,D,0,1
57363,MONTEREY,UNINCORPORATED,2,0,9,1,3,D,0,1
57364,MONTEREY,SALINAS,2,0,9,0,2,D,0,1
57365,LOS ANGELES,LOS ANGELES,4,0,12,0,3,D,0,1
57366,RIVERSIDE,PERRIS,4,0,9,1,2,D,0,1
57367,NAPA,NAPA,2,0,12,0,1,D,0,1
57368,LOS ANGELES,WHITTIER,4,0,12,1,2,D,0,1
57369,LOS ANGELES,SOUTH EL MONTE,5,0,12,1,2,D,0,1
57370,CALAVERAS,UNINCORPORATED,7,0,1,1,3,D,0,1
57371,LOS ANGELES,LOS ANGELES,4,0,9,0,3,D,0,1
57372,LOS ANGELES,LOS ANGELES,5,0,9,0,3,D,0,1
57373,RIVERSIDE,RIVERSIDE,3,0,9,1,3,D,0,1
57374,RIVERSIDE,RIVERSIDE,3,0,9,1,2,D,0,0
57375,RIVERSIDE,RIVERSIDE,2,0,12,1,3,D,0,1
57376,KERN,BAKERSFIELD,2,0,9,1,2,D,0,1
57377,LOS ANGELES,LOS ANGELES,5,0,8,0,3,D,0,0
57378,LOS ANGELES,LOS ANGELES,5,0,9,0,3,D,0,1
57379,LOS ANGELES,LOS ANGELES,7,0,9,1,3,D,0,1
57380,LOS ANGELES,LOS ANGELES,6,0,9,1,3,D,0,1
57381,KERN,BAKERSFIELD,5,0,3,0,3,D,0,1
57382,LOS ANGELES,LOS ANGELES,6,0,3,1,3,D,0,0
57383,RIVERSIDE,RIVERSIDE,6,0,1,1,2,D,1,0
57384,KERN,UNINCORPORATED,2,0,12,1,3,D,0,1
57385,MADERA,UNINCORPORATED,4,0,1,0,2,D,0,1
57386,RIVERSIDE,RIVERSIDE,1,0,8,1,2,D,1,1
57387,RIVERSIDE,CORONA,5,0,7,1,3,D,1,0
57388,SAN BERNARDINO,RIALTO,5,0,8,1,2,D,0,1
57389,LOS ANGELES,LANCASTER,4,0,9,0,2,D,0,0
57390,ALAMEDA,OAKLAND,6,0,12,1,2,D,0,1
57391,ORANGE,MISSION VIEJO,2,0,12,0,3,D,0,1
57392,MENDOCINO,UKIAH,4,0,1,0,1,D,0,1
57393,SAN MATEO,SAN CARLOS,3,0,9,1,2,D,0,1
57394,ORANGE,SANTA ANA,2,0,12,1,2,D,0,1
57395,SACRAMENTO,SACRAMENTO,4,0,9,1,3,D,0,0
57396,SAN LUIS OBISPO,UNINCORPORATED,3,1,12,0,3,D,0,1
57397,SAN LUIS OBISPO,ARROYO GRANDE,5,0,1,1,3,D,1,0
57398,AMADOR,UNINCORPORATED,7,0,12,1,3,D,0,1
57399,ORANGE,ANAHEIM,5,0,8,0,3,D,0,1
57400,ORANGE,ANAHEIM,5,0,12,0,3,D,0,1
57401,ORANGE,HUNTINGTON BEACH,2,0,12,1,3,D,0,1
57402,KERN,BAKERSFIELD,4,0,9,0,3,D,0,1
57403,ORANGE,MISSION VIEJO,2,0,9,1,3,D,0,1
57404,KERN,BAKERSFIELD,1,0,12,1,3,D,0,1
57405,STANISLAUS,MODESTO,1,0,9,1,3,D,0,1
57406,SAN DIEGO,SAN DIEGO,1,0,9,1,3,D,0,1
57407,SAN DIEGO,SAN DIEGO,6,0,8,1,3,D,0,1
57408,ORANGE,ANAHEIM,3,0,12,0,3,D,0,0
57409,SAN DIEGO,SAN DIEGO,4,0,9,0,3,D,0,1
57410,ORANGE,ANAHEIM,3,0,9,1,3,D,0,1
57411,ORANGE,ANAHEIM,4,0,8,0,3,D,0,1
57412,STANISLAUS,MODESTO,5,0,8,1,3,D,0,0
57413,SAN DIEGO,SAN DIEGO,6,0,9,0,3,D,0,1
57414,SAN DIEGO,SAN DIEGO,5,0,12,0,3,D,0,1
57415,ORANGE,ANAHEIM,6,0,12,1,3,D,0,1
57416,SAN DIEGO,SAN DIEGO,3,0,12,1,3,D,0,1
57417,SAN DIEGO,SAN DIEGO,1,0,12,1,3,D,0,1
57418,SAN DIEGO,SAN DIEGO,7,0,9,1,3,D,0,1
57419,NEVADA,TRUCKEE,4,1,3,0,3,D,0,1
57420,SAN DIEGO,SAN DIEGO,3,0,9,1,3,D,0,1
57421,ORANGE,ANAHEIM,4,0,9,0,3,D,0,0
57422,ORANGE,ANAHEIM,2,0,9,1,3,D,1,1
57423,ORANGE,ANAHEIM,3,0,8,1,3,D,0,1
57424,ORANGE,SANTA ANA,1,0,12,1,3,D,0,0
57425,BUTTE,CHICO,5,0,9,1,3,D,0,0
57426,SAN LUIS OBISPO,UNINCORPORATED,5,0,9,1,3,D,0,1
57427,ORANGE,SANTA ANA,1,0,9,1,3,D,0,1
57428,ORANGE,COSTA MESA,3,0,9,0,3,D,0,1
57429,ORANGE,COSTA MESA,4,0,9,1,3,D,0,1
57430,VENTURA,OXNARD,6,0,12,1,3,D,0,0
57431,LOS ANGELES,LONG BEACH,6,0,9,0,3,D,0,0
57432,ORANGE,SANTA ANA,5,0,12,1,3,D,0,1
57433,VENTURA,OXNARD,6,0,12,1,3,D,0,0
57434,ORANGE,SANTA ANA,3,0,9,1,3,D,0,1
57435,SAN JOAQUIN,UNINCORPORATED,6,0,12,1,3,D,0,1
57436,EL DORADO,UNINCORPORATED,4,0,8,0,3,D,1,1
57437,SAN MATEO,REDWOOD CITY,4,0,12,0,3,D,0,0
57438,SAN MATEO,REDWOOD CITY,5,0,9,1,3,D,0,1
57439,PLACER,ROCKLIN,3,0,9,1,3,D,0,1
57440,SANTA CLARA,MILPITAS,3,0,8,0,3,D,0,1
57441,MARIPOSA,UNINCORPORATED,7,0,9,1,3,D,1,1
57442,ALAMEDA,OAKLAND,5,0,8,1,3,D,0,1
57443,SANTA CLARA,MILPITAS,3,0,9,1,3,D,0,0
57444,ALAMEDA,OAKLAND,5,0,12,1,3,D,0,1
57445,BUTTE,CHICO,4,0,9,1,3,D,0,1
57446,SAN BERNARDINO,MONTCLAIR,3,0,8,1,2,D,0,1
57447,LOS ANGELES,LOS ANGELES,4,0,9,0,3,D,0,0
57448,SANTA CRUZ,SCOTTS VALLEY,4,0,9,1,3,D,0,1
57449,ORANGE,TUSTIN,5,0,9,1,3,D,0,1
57450,LOS ANGELES,SAN DIMAS,5,0,9,1,3,D,0,1
57451,SUTTER,YUBA CITY,2,0,9,1,3,D,0,1
57452,LAKE,UNINCORPORATED,2,0,9,0,3,D,0,1
57453,LOS ANGELES,PALMDALE,4,0,12,1,2,D,0,1
57454,LOS ANGELES,PALMDALE,5,0,9,1,3,D,0,1
57455,BUTTE,CHICO,4,0,12,1,3,D,0,0
57456,RIVERSIDE,RIVERSIDE,6,0,12,1,3,D,0,1
57457,RIVERSIDE,RIVERSIDE,6,0,9,1,3,D,0,1
57458,RIVERSIDE,RIVERSIDE,4,0,9,1,3,D,0,1
57459,LOS ANGELES,PASADENA,6,0,12,1,3,D,0,1
57460,RIVERSIDE,RIVERSIDE,1,0,9,1,3,D,0,1
57461,LOS ANGELES,PASADENA,4,0,12,1,3,D,0,1
57462,ORANGE,SANTA ANA,4,0,9,1,3,D,0,1
57463,ORANGE,SANTA ANA,5,0,9,1,3,D,0,0
57464,NAPA,UNINCORPORATED,5,0,12,1,3,D,0,1
57465,ORANGE,SANTA ANA,6,0,12,1,3,D,0,0
57466,SAN DIEGO,NATIONAL CITY,1,0,9,1,3,D,0,1
57467,ORANGE,SANTA ANA,4,0,9,1,3,D,0,0
57468,LOS ANGELES,LOS ANGELES,4,0,9,1,3,D,0,0
57469,KERN,UNINCORPORATED,2,0,9,1,3,D,0,1
57470,ORANGE,ANAHEIM,5,0,9,1,3,D,0,1
57471,EL DORADO,SOUTH LAKE TAHOE,7,0,9,1,3,D,0,1
57472,KERN,BAKERSFIELD,5,0,12,1,3,D,0,1
57473,LOS ANGELES,PASADENA,6,0,9,1,3,D,0,1
57474,LOS ANGELES,BALDWIN PARK,3,0,9,1,2,D,0,1
57475,RIVERSIDE,RIVERSIDE,1,0,9,1,3,D,0,1
57476,KERN,BAKERSFIELD,4,0,1,1,3,D,0,0
57477,KERN,BAKERSFIELD,2,0,9,1,3,D,0,1
57478,KERN,BAKERSFIELD,6,0,9,1,3,D,0,1
57479,KERN,BAKERSFIELD,2,1,12,1,3,D,0,1
57480,SAN BERNARDINO,REDLANDS,5,0,8,0,1,D,0,1
57481,ALAMEDA,OAKLAND,5,0,12,1,2,D,0,1
57482,ALAMEDA,OAKLAND,5,0,9,1,2,D,0,1
57483,LOS ANGELES,LOS ANGELES,2,0,9,1,3,D,0,1
57484,LOS ANGELES,LOS ANGELES,2,0,8,1,3,D,0,1
57485,LOS ANGELES,LOS ANGELES,2,1,8,1,3,D,0,0
57486,LOS ANGELES,LOS ANGELES,5,0,12,1,3,D,0,0
57487,IMPERIAL,EL CENTRO,2,0,12,1,2,D,0,1
57488,ORANGE,SANTA ANA,5,0,9,0,3,D,0,1
57489,ORANGE,SANTA ANA,5,0,9,0,3,D,0,0
57490,KERN,UNINCORPORATED,5,0,3,0,3,D,1,1
57491,KERN,BAKERSFIELD,5,0,3,0,3,D,0,1
57492,KERN,UNINCORPORATED,4,0,3,1,3,D,0,1
57493,ORANGE,PLACENTIA,2,0,12,0,3,D,0,1
57494,ORANGE,PLACENTIA,1,0,3,1,3,D,0,1
57495,STANISLAUS,UNINCORPORATED,6,0,1,1,3,D,0,0
57496,MARIN,SAN RAFAEL,3,0,9,1,3,D,0,1
57497,ALAMEDA,OAKLAND,3,0,7,1,3,D,0,1
57498,SONOMA,SANTA ROSA,4,0,8,1,3,D,1,1
57499,SONOMA,UNINCORPORATED,4,0,12,0,3,D,0,0
57500,SONOMA,UNINCORPORATED,3,0,9,0,3,D,0,0
57501,SAN JOAQUIN,UNINCORPORATED,1,1,9,1,3,D,0,1
57502,SAN JOAQUIN,UNINCORPORATED,1,0,9,1,3,D,0,1