ID,County,City,Weekday,Severity,ViolCat,ClearWeather,Month,CrashType,Highway,Daylight
57899,ORANGE,FOUNTAIN VALLEY,3,0,9,1,2,D,0,1
57900,SAN BERNARDINO,FONTANA,2,0,8,1,2,D,0,1
57901,ORANGE,FOUNTAIN VALLEY,2,0,9,0,2,D,0,1
57902,LOS ANGELES,PASADENA,5,0,12,0,2,D,0,0
57903,ORANGE,SAN CLEMENTE,6,0,8,1,2,D,1,0
57904,SAN DIEGO,CHULA VISTA,4,0,3,1,2,D,0,1
57905,SAN BERNARDINO,VICTORVILLE,2,0,9,1,2,D,0,1
57906,SAN DIEGO,CHULA VISTA,3,0,9,1,2,D,0,1
57907,SAN BERNARDINO,VICTORVILLE,1,0,9,1,2,D,0,1
57908,RIVERSIDE,SAN JACINTO,3,0,1,1,2,D,0,1
57909,RIVERSIDE,SAN JACINTO,6,0,12,1,2,D,0,1
57910,SACRAMENTO,SACRAMENTO,1,0,12,1,2,D,0,1
57911,SOLANO,UNINCORPORATED,7,0,9,1,2,D,0,1
57912,ORANGE,GARDEN GROVE,3,0,9,1,2,D,0,1
57913,LOS ANGELES,POMONA,2,0,9,0,2,D,0,1
57914,RIVERSIDE,TEMECULA,5,0,9,1,2,D,0,0
57915,RIVERSIDE,TEMECULA,4,0,9,1,2,D,0,0
57916,SAN MATEO,REDWOOD CITY,5,0,9,1,2,D,0,0
57917,LOS ANGELES,POMONA,6,0,12,1,2,D,0,0
57918,LOS ANGELES,POMONA,5,0,9,1,2,D,0,1
57919,SAN MATEO,REDWOOD CITY,7,0,12,1,2,D,0,1
57920,RIVERSIDE,RIVERSIDE,2,0,9,1,3,D,0,1
57921,ALAMEDA,OAKLAND,2,0,9,1,3,D,0,1
57922,SAN DIEGO,SAN MARCOS,4,0,8,0,3,D,1,1
57923,ALAMEDA,OAKLAND,5,0,12,1,3,D,0,1
57924,LOS ANGELES,LOS ANGELES,1,0,9,1,3,D,0,0
57925,ALAMEDA,OAKLAND,4,0,9,0,3,D,0,0
57926,LOS ANGELES,LOS ANGELES,7,0,9,1,3,D,0,1
57927,LOS ANGELES,LOS ANGELES,7,0,12,1,3,D,0,1
57928,LOS ANGELES,LOS ANGELES,6,0,1,1,3,D,0,0
57929,LOS ANGELES,LOS ANGELES,6,0,1,1,3,D,0,0
57930,LOS ANGELES,SANTA CLARITA,5,1,12,1,3,D,0,1
57931,LOS ANGELES,LOS ANGELES,1,0,9,1,3,D,0,1
57932,SAN BERNARDINO,TWENTYNINE PALMS,6,0,12,0,1,D,0,1
57933,MONTEREY,UNINCORPORATED,4,0,9,0,1,D,0,1
57934,LOS ANGELES,ALHAMBRA,4,0,9,0,1,D,0,0
57935,SAN LUIS OBISPO,UNINCORPORATED,1,0,8,1,1,D,0,1
57936,LOS ANGELES,CUDAHY,6,0,12,1,1,D,0,1
57937,LOS ANGELES,COMMERCE,2,0,9,1,1,D,0,1
57938,LOS ANGELES,LONG BEACH,2,0,9,1,1,D,0,0
57939,ORANGE,ALISO VIEJO,1,0,12,1,1,D,0,1
57940,TULARE,UNINCORPORATED,5,0,9,1,1,D,0,1
57941,SAN BERNARDINO,RANCHO CUCAMONGA,3,0,12,1,1,D,0,1
57942,TUOLUMNE,UNINCORPORATED,2,0,9,1,1,D,0,0
57943,TUOLUMNE,UNINCORPORATED,5,0,9,1,1,D,1,1
57944,SAN DIEGO,SAN DIEGO,6,0,12,0,1,D,0,1
57945,SANTA CLARA,SAN JOSE,6,0,12,1,1,D,0,0
57946,ALAMEDA,OAKLAND,2,0,12,1,1,D,0,1
57947,ALAMEDA,OAKLAND,6,0,12,1,1,D,0,1
57948,ALAMEDA,OAKLAND,3,0,9,1,1,D,0,1
57949,ALAMEDA,OAKLAND,5,0,9,1,1,D,0,1
57950,ALAMEDA,OAKLAND,7,0,9,1,1,D,0,1
57951,SAN DIEGO,SAN DIEGO,5,0,12,0,1,D,0,1
57952,SAN DIEGO,SAN DIEGO,4,0,8,1,1,D,0,1
57953,SAN DIEGO,SAN DIEGO,3,0,8,1,1,D,0,0
57954,SAN DIEGO,SAN DIEGO,1,0,9,0,1,D,0,1
57955,LOS ANGELES,SANTA MONICA,2,0,10,1,1,D,0,0
57956,SANTA CLARA,SANTA CLARA,7,0,9,1,1,D,0,1
57957,SANTA CLARA,SANTA CLARA,6,0,12,1,1,D,0,1
57958,SANTA CLARA,SANTA CLARA,6,0,9,1,1,D,0,1
57959,SANTA CLARA,SANTA CLARA,6,0,9,1,1,D,0,1
57960,SAN MATEO,REDWOOD CITY,7,0,9,1,2,D,0,1
57961,SAN MATEO,REDWOOD CITY,3,0,9,1,2,D,0,1
57962,SAN DIEGO,SAN DIEGO,2,0,12,1,2,D,0,0
57963,TULARE,PORTERVILLE,6,0,9,1,2,D,0,1
57964,SAN DIEGO,SAN DIEGO,2,0,9,0,1,D,0,0
57965,ORANGE,ANAHEIM,7,0,9,0,1,D,0,1
57966,SAN DIEGO,SAN DIEGO,3,0,9,1,1,D,0,1
57967,SAN DIEGO,SAN DIEGO,2,0,9,0,1,D,0,1
57968,ORANGE,ANAHEIM,3,0,9,1,1,D,0,0
57969,TULARE,VISALIA,2,0,9,1,1,D,1,1
57970,SAN MATEO,SOUTH SAN FRANCISCO,6,1,1,1,1,D,0,0
57971,KERN,UNINCORPORATED,5,0,12,0,1,D,0,1
57972,KERN,UNINCORPORATED,1,0,9,1,1,D,0,1
57973,SAN MATEO,SOUTH SAN FRANCISCO,6,0,9,0,1,D,0,0
57974,LOS ANGELES,SAN GABRIEL,4,0,9,1,1,D,0,1
57975,LOS ANGELES,COMPTON,2,0,12,1,1,D,0,0
57976,LOS ANGELES,SOUTH EL MONTE,6,0,9,1,1,D,0,0
57977,SAN DIEGO,SAN DIEGO,6,0,9,1,1,D,0,0
57978,ORANGE,LAGUNA NIGUEL,1,0,12,1,1,D,0,1
57979,KERN,UNINCORPORATED,4,0,3,0,1,D,0,0
57980,LOS ANGELES,EL SEGUNDO,6,0,12,1,1,D,0,1
57981,SONOMA,ROHNERT PARK,7,0,3,1,1,D,0,0
57982,KERN,UNINCORPORATED,4,0,9,0,1,D,0,1
57983,LOS ANGELES,PALMDALE,1,0,9,1,1,D,0,1
57984,LOS ANGELES,SIGNAL HILL,7,0,1,0,1,D,0,0
57985,SAN DIEGO,SAN DIEGO,4,1,12,1,1,D,0,0
57986,ORANGE,ORANGE,7,0,3,0,1,D,1,0
57987,LOS ANGELES,SANTA MONICA,6,0,12,1,1,D,0,0
57988,TULARE,TULARE,5,0,9,1,1,D,0,0
57989,TULARE,TULARE,2,1,12,1,1,D,0,1
57990,ORANGE,ANAHEIM,3,0,12,1,1,D,0,1
57991,SAN DIEGO,SAN DIEGO,5,1,9,1,2,D,0,1
57992,LOS ANGELES,LONG BEACH,2,0,9,1,2,D,0,0
57993,ORANGE,COSTA MESA,3,0,12,1,2,D,0,0
57994,ORANGE,COSTA MESA,5,0,9,0,2,D,0,1
57995,SACRAMENTO,SACRAMENTO,2,0,12,0,2,D,0,1
57996,KERN,UNINCORPORATED,3,0,9,1,2,D,0,0
57997,SAN LUIS OBISPO,PASO ROBLES,4,0,12,1,2,D,0,0
57998,LOS ANGELES,DOWNEY,1,0,12,1,2,D,0,1
57999,SAN LUIS OBISPO,PASO ROBLES,4,0,9,1,2,D,0,1
58000,SAN DIEGO,SAN DIEGO,4,0,12,0,1,D,0,0
58001,SAN DIEGO,SAN DIEGO,2,0,9,1,1,D,0,0
58002,LOS ANGELES,SANTA CLARITA,3,0,9,1,2,D,0,0
58003,LOS ANGELES,SANTA CLARITA,1,0,9,1,2,D,0,1
58004,MADERA,UNINCORPORATED,7,0,1,0,1,D,1,1
58005,LOS ANGELES,SANTA MONICA,2,0,12,1,2,D,0,0
58006,BUTTE,CHICO,2,0,12,0,2,D,0,0
58007,ALAMEDA,OAKLAND,2,0,9,1,1,D,0,1
58008,LOS ANGELES,DOWNEY,5,0,9,1,2,D,0,0
58009,SACRAMENTO,SACRAMENTO,4,0,3,0,2,D,0,1
58010,RIVERSIDE,LA QUINTA,5,1,9,1,1,D,0,1
58011,ORANGE,IRVINE,5,0,9,0,1,D,0,0
58012,KERN,UNINCORPORATED,3,0,9,1,1,D,0,0
58013,KERN,UNINCORPORATED,5,0,12,0,1,D,0,0
58014,VENTURA,UNINCORPORATED,3,0,8,1,1,D,0,0
58015,AMADOR,UNINCORPORATED,3,1,8,1,1,D,0,1
58016,STANISLAUS,HUGHSON,6,0,7,0,1,D,0,1
58017,LOS ANGELES,REDONDO BEACH,3,0,9,1,1,D,0,1
58018,KERN,BAKERSFIELD,7,0,12,0,1,D,0,0
58019,KERN,BAKERSFIELD,5,0,9,1,1,D,0,1
58020,CONTRA COSTA,SAN RAMON,5,1,9,1,1,D,0,1
58021,SAN DIEGO,EL CAJON,3,0,12,1,1,D,0,1
58022,LOS ANGELES,HERMOSA BEACH,5,0,9,1,1,D,1,1
58023,SACRAMENTO,SACRAMENTO,4,0,12,0,1,D,0,0
58024,TULARE,VISALIA,3,0,9,1,1,D,0,0
58025,SACRAMENTO,SACRAMENTO,4,0,9,1,1,D,0,1
58026,SAN DIEGO,SAN DIEGO,2,0,8,1,1,D,1,0
58027,CONTRA COSTA,OAKLEY,2,0,9,1,1,D,0,1
58028,CONTRA COSTA,OAKLEY,3,0,9,1,1,D,0,0
58029,SANTA CLARA,GILROY,6,0,12,1,1,D,0,1
58030,LOS ANGELES,CERRITOS,4,0,12,0,1,D,0,0
58031,LOS ANGELES,SOUTH GATE,2,0,9,1,1,D,0,1
58032,LOS ANGELES,CERRITOS,6,0,9,1,1,D,0,1
58033,LOS ANGELES,SOUTH GATE,5,0,9,1,1,D,0,1
58034,LOS ANGELES,SOUTH GATE,2,0,9,1,1,D,0,1
58035,LOS ANGELES,SOUTH GATE,2,0,12,1,1,D,0,1
58036,SONOMA,HEALDSBURG,6,0,9,1,1,D,0,1
58037,STANISLAUS,MODESTO,4,0,9,1,1,D,0,0
58038,STANISLAUS,MODESTO,3,0,9,0,1,D,0,1
58039,ALAMEDA,OAKLAND,3,0,12,1,1,D,0,1
58040,ALAMEDA,OAKLAND,2,0,9,1,1,D,0,1
58041,TULARE,VISALIA,3,0,12,1,1,D,0,1
58042,TULARE,VISALIA,4,0,12,1,1,D,0,1
58043,TULARE,VISALIA,4,0,9,1,1,D,0,0
58044,TULARE,VISALIA,5,0,9,1,1,D,1,0
58045,TULARE,VISALIA,4,0,9,1,1,D,0,1
58046,TULARE,VISALIA,4,1,9,1,1,D,0,1
58047,ORANGE,SANTA ANA,7,0,9,1,1,D,0,0
58048,CONTRA COSTA,DANVILLE,7,0,9,1,1,D,0,0
58049,RIVERSIDE,TEMECULA,4,0,12,1,1,D,0,1
58050,VENTURA,SIMI VALLEY,1,1,9,1,1,D,0,1
58051,VENTURA,SIMI VALLEY,7,0,9,0,1,D,0,1
58052,LOS ANGELES,WEST COVINA,1,0,3,1,1,D,0,1
58053,LOS ANGELES,MONTEREY PARK,4,0,9,1,1,D,0,1
58054,AMADOR,UNINCORPORATED,3,0,9,1,1,D,0,1
58055,LOS ANGELES,WEST COVINA,7,0,9,0,1,D,0,1
58056,LOS ANGELES,WEST COVINA,1,0,12,1,1,D,0,1
58057,LOS ANGELES,WEST COVINA,3,0,12,1,1,D,0,1
58058,LOS ANGELES,WEST COVINA,1,0,9,1,1,D,0,1
58059,LOS ANGELES,WEST COVINA,4,1,9,0,1,D,0,1
58060,LOS ANGELES,POMONA,4,0,12,0,1,D,0,1
58061,LOS ANGELES,WEST COVINA,2,0,9,1,1,D,0,1
58062,SONOMA,PETALUMA,7,0,9,1,1,D,0,0
58063,CONTRA COSTA,ANTIOCH,6,0,12,0,1,D,0,0
58064,STANISLAUS,MODESTO,3,0,12,1,1,D,0,1
58065,SAN DIEGO,OCEANSIDE,1,0,9,1,1,D,0,1
58066,SAN DIEGO,EL CAJON,2,0,12,1,1,D,0,0
58067,SAN DIEGO,ESCONDIDO,1,0,12,1,1,D,0,1
58068,LOS ANGELES,MONTEREY PARK,4,0,8,1,1,D,0,1
58069,LOS ANGELES,MONTEREY PARK,3,0,8,1,1,D,0,1
58070,LOS ANGELES,SOUTH GATE,7,0,8,0,1,D,0,0
58071,LOS ANGELES,ALHAMBRA,5,0,9,1,1,D,0,1
58072,LOS ANGELES,ALHAMBRA,7,0,9,1,1,D,0,0
58073,ORANGE,IRVINE,5,0,9,1,1,D,0,0
58074,ORANGE,BREA,6,0,12,1,1,D,0,1
58075,ORANGE,ORANGE,2,0,9,1,1,D,0,1
58076,ORANGE,ORANGE,7,0,1,1,1,D,0,1
58077,ORANGE,ORANGE,6,0,9,1,1,D,0,0
58078,SANTA CRUZ,WATSONVILLE,1,0,9,1,1,D,0,1
58079,LOS ANGELES,BURBANK,2,0,9,1,1,D,0,0
58080,LOS ANGELES,GLENDALE,6,0,12,1,1,D,0,1
58081,KERN,UNINCORPORATED,3,0,9,1,1,D,0,0
58082,LOS ANGELES,GLENDALE,7,0,9,0,1,D,0,1
58083,LOS ANGELES,WHITTIER,2,0,9,1,1,D,0,1
58084,LOS ANGELES,LANCASTER,5,0,12,1,1,D,0,0
58085,LOS ANGELES,WHITTIER,4,0,12,1,1,D,0,1
58086,RIVERSIDE,MORENO VALLEY,5,0,12,1,1,D,0,1
58087,ORANGE,IRVINE,5,0,8,1,1,D,0,1
58088,LOS ANGELES,DOWNEY,4,0,9,1,1,D,0,0
58089,ALAMEDA,OAKLAND,2,0,12,1,1,D,0,1
58090,LOS ANGELES,BURBANK,4,0,9,0,1,D,0,0
58091,ORANGE,COSTA MESA,2,0,1,1,1,D,0,1
58092,LOS ANGELES,BURBANK,5,0,9,0,1,D,0,1
58093,KERN,UNINCORPORATED,1,0,12,1,1,D,0,0
58094,LOS ANGELES,BURBANK,5,0,12,0,1,D,0,1
58095,LOS ANGELES,SANTA CLARITA,2,0,12,1,1,D,0,0
58096,ORANGE,ANAHEIM,1,0,9,1,1,D,0,0
58097,ORANGE,ANAHEIM,5,0,9,1,1,D,0,1
58098,ORANGE,ANAHEIM,5,0,9,1,1,D,0,1
58099,SANTA CLARA,MOUNTAIN VIEW,5,0,1,1,1,D,0,0
58100,LOS ANGELES,PASADENA,5,1,3,1,1,D,0,0
58101,ORANGE,ANAHEIM,4,0,9,1,1,D,0,1
58102,LOS ANGELES,PASADENA,1,0,12,1,1,D,0,1
58103,LOS ANGELES,GLENDALE,6,0,9,1,1,D,0,1
58104,LOS ANGELES,PASADENA,1,0,9,1,1,D,0,1
58105,LOS ANGELES,PASADENA,6,0,9,1,1,D,0,1
58106,LOS ANGELES,SAN GABRIEL,3,0,9,1,1,D,0,1
58107,LOS ANGELES,PASADENA,2,0,12,1,1,D,0,1
58108,LOS ANGELES,GLENDALE,5,0,8,1,1,D,0,0
58109,LOS ANGELES,PASADENA,3,0,9,1,1,D,0,1
58110,LOS ANGELES,GLENDALE,5,0,9,1,1,D,0,0
58111,LOS ANGELES,SANTA MONICA,3,0,9,0,1,D,0,0
58112,SAN MATEO,BURLINGAME,3,0,9,1,1,D,1,1
58113,LOS ANGELES,SANTA MONICA,3,0,9,0,1,D,0,1
58114,LOS ANGELES,HAWTHORNE,6,0,1,1,1,D,0,0
58115,SAN DIEGO,SAN DIEGO,1,0,9,1,1,D,0,1
58116,ORANGE,COSTA MESA,6,0,12,1,1,D,0,1
58117,LOS ANGELES,SANTA MONICA,5,0,9,0,1,D,0,0
58118,SAN BERNARDINO,RIALTO,1,0,8,1,1,D,0,1
58119,SAN DIEGO,SAN DIEGO,1,0,12,1,1,D,0,1
58120,LOS ANGELES,SANTA MONICA,4,0,9,0,1,D,0,1
58121,SAN BERNARDINO,RIALTO,2,0,8,1,1,D,0,1
58122,SAN DIEGO,SAN DIEGO,2,0,12,1,1,D,0,1
58123,LOS ANGELES,COVINA,5,0,3,0,1,D,0,1
58124,LOS ANGELES,COVINA,1,1,12,1,1,D,0,1
58125,SANTA CLARA,MILPITAS,7,0,9,1,1,D,0,1
58126,SAN BERNARDINO,ONTARIO,5,0,11,1,1,D,0,1
58127,SAN BERNARDINO,ONTARIO,1,0,9,1,1,D,0,0
58128,LOS ANGELES,PALOS VERDES EST,4,0,8,1,1,D,0,1
58129,SAN DIEGO,SAN DIEGO,7,0,9,1,1,D,0,1
58130,SAN BERNARDINO,HIGHLAND,4,0,9,1,1,D,0,1
58131,LOS ANGELES,SOUTH GATE,3,0,9,1,1,D,0,0
58132,LOS ANGELES,SOUTH GATE,5,1,11,0,1,D,0,0
58133,ALAMEDA,OAKLAND,5,0,12,1,1,D,0,1
58134,EL DORADO,UNINCORPORATED,5,0,9,1,1,D,0,1
58135,ORANGE,ANAHEIM,4,0,9,1,1,D,0,0
58136,MERCED,UNINCORPORATED,4,0,9,0,1,D,0,0
58137,ORANGE,ANAHEIM,4,0,12,0,1,D,0,1
58138,PLACER,ROCKLIN,4,0,12,1,1,D,0,1
58139,HUMBOLDT,UNINCORPORATED,2,0,9,0,1,D,0,1
58140,LOS ANGELES,POMONA,1,0,9,1,1,D,0,1
58141,SANTA CLARA,MILPITAS,5,0,9,1,1,D,0,0
58142,LOS ANGELES,SAN DIMAS,2,0,9,1,1,D,0,1
58143,BUTTE,CHICO,2,0,9,1,1,D,0,1
58144,ORANGE,PLACENTIA,1,0,9,1,1,D,0,1
58145,LOS ANGELES,MANHATTAN BEACH,1,0,9,1,1,D,0,1
58146,LOS ANGELES,MANHATTAN BEACH,5,0,12,0,1,D,0,1
58147,ORANGE,ANAHEIM,3,0,12,1,1,D,0,0
58148,CONTRA COSTA,RICHMOND,6,0,3,0,1,D,0,0
58149,STANISLAUS,MODESTO,2,0,12,1,1,D,0,1
58150,ORANGE,ANAHEIM,4,0,9,0,1,D,0,0
58151,STANISLAUS,MODESTO,1,0,9,0,1,D,0,1
58152,ORANGE,BREA,3,0,12,1,1,D,0,0
58153,SANTA CLARA,CAMPBELL,4,0,12,1,1,D,0,1
58154,LOS ANGELES,GLENDALE,3,0,12,1,1,D,0,1
58155,KERN,ARVIN,2,0,12,1,1,D,0,0
58156,SAN DIEGO,ESCONDIDO,4,0,9,1,1,D,0,1
58157,VENTURA,SANTA PAULA,7,0,3,0,1,D,1,0
58158,SAN MATEO,SOUTH SAN FRANCISCO,2,0,9,1,1,D,0,1
58159,SAN BERNARDINO,FONTANA,2,0,9,1,1,D,0,0
58160,SAN MATEO,SOUTH SAN FRANCISCO,1,0,12,1,1,D,0,1
58161,SAN BERNARDINO,FONTANA,3,0,9,1,1,D,0,1
58162,SAN BERNARDINO,FONTANA,4,0,9,0,1,D,0,1
58163,ALAMEDA,OAKLAND,2,0,12,1,1,D,0,0
58164,SAN MATEO,SOUTH SAN FRANCISCO,6,0,1,1,1,D,0,1
58165,SAN DIEGO,NATIONAL CITY,3,0,12,1,1,D,0,1
58166,LOS ANGELES,HAWTHORNE,3,0,9,1,1,D,0,1
58167,LOS ANGELES,POMONA,6,0,1,0,1,D,0,0
58168,SAN BERNARDINO,RANCHO CUCAMONGA,5,0,9,0,1,D,0,1
58169,LOS ANGELES,POMONA,7,0,12,1,1,D,0,1
58170,SAN DIEGO,SAN DIEGO,2,0,9,1,1,D,0,1
58171,LOS ANGELES,TORRANCE,4,0,9,1,1,D,1,1
58172,LOS ANGELES,TORRANCE,5,0,9,1,1,D,0,0
58173,ORANGE,NEWPORT BEACH,5,0,9,1,1,D,0,1
58174,LOS ANGELES,HAWTHORNE,3,0,9,1,1,D,0,1
58175,ALAMEDA,LIVERMORE,6,0,9,0,1,D,0,0
58176,KINGS,HANFORD,4,1,9,1,1,D,0,1
58177,LOS ANGELES,PICO RIVERA,7,0,12,1,1,D,0,0
58178,STANISLAUS,MODESTO,7,0,9,1,1,D,0,1
58179,LOS ANGELES,SOUTH EL MONTE,3,0,9,1,1,D,0,1
58180,LOS ANGELES,PICO RIVERA,5,0,9,1,1,D,0,1
58181,STANISLAUS,MODESTO,4,0,9,1,1,D,0,1
58182,LOS ANGELES,SIGNAL HILL,2,0,9,1,1,D,0,1
58183,SOLANO,FAIRFIELD,6,0,9,0,1,D,0,0
58184,STANISLAUS,MODESTO,3,0,12,0,1,D,0,1
58185,CONTRA COSTA,SAN PABLO,4,0,9,1,1,D,0,0
58186,STANISLAUS,MODESTO,5,0,12,1,1,D,0,1
58187,STANISLAUS,MODESTO,2,0,9,1,1,D,0,1
58188,VENTURA,OJAI,7,1,9,1,1,D,0,1
58189,STANISLAUS,MODESTO,3,0,9,1,1,D,0,1
58190,STANISLAUS,MODESTO,2,0,9,1,1,D,1,1
58191,STANISLAUS,MODESTO,2,0,12,1,1,D,0,1
58192,LOS ANGELES,PASADENA,4,0,9,1,1,D,0,1
58193,LOS ANGELES,LYNWOOD,5,0,3,0,1,D,0,0
58194,YOLO,WEST SACRAMENTO,3,0,9,1,1,D,0,1
58195,ORANGE,IRVINE,5,0,3,0,1,D,1,0
58196,SAN BERNARDINO,HIGHLAND,6,0,12,0,1,D,0,0
58197,LOS ANGELES,LYNWOOD,1,0,8,1,1,D,0,0
58198,NAPA,AMERICAN CANYON,2,0,9,1,1,D,0,1
58199,SAN MATEO,UNINCORPORATED,6,1,8,1,1,D,1,1
58200,LOS ANGELES,EL SEGUNDO,1,1,9,1,1,D,0,0
58201,RIVERSIDE,SAN JACINTO,7,0,9,1,1,D,0,1
58202,ORANGE,SANTA ANA,1,0,9,1,1,D,0,1
58203,ORANGE,ANAHEIM,2,0,8,1,1,D,0,1
58204,SAN DIEGO,SAN DIEGO,6,0,9,1,1,D,0,0
58205,ORANGE,ANAHEIM,7,0,8,1,1,D,0,1
58206,ORANGE,ANAHEIM,5,0,9,1,1,D,0,1
58207,RIVERSIDE,RANCHO MIRAGE,1,0,9,1,1,D,0,1
58208,ORANGE,NEWPORT BEACH,7,0,12,1,1,D,0,0
58209,SAN BERNARDINO,ONTARIO,4,0,1,1,1,D,0,1
58210,ORANGE,IRVINE,3,0,9,0,1,D,0,1
58211,SAN DIEGO,SAN DIEGO,4,0,12,1,1,D,0,0
58212,SAN BERNARDINO,ONTARIO,4,0,9,1,1,D,0,0
58213,ORANGE,ANAHEIM,2,0,9,1,1,D,0,1
58214,VENTURA,SIMI VALLEY,5,0,3,0,1,D,1,1
58215,SAN BERNARDINO,ONTARIO,6,0,9,0,1,D,0,1
58216,SAN BERNARDINO,ONTARIO,2,0,7,1,1,D,0,0
58217,VENTURA,THOUSAND OAKS,2,0,9,1,1,D,0,0
58218,LAKE,UNINCORPORATED,7,0,9,1,1,D,0,1
58219,SAN DIEGO,SAN DIEGO,4,0,9,0,1,D,0,0
58220,SAN DIEGO,SAN DIEGO,2,0,9,1,1,D,0,0
58221,ORANGE,FULLERTON,5,1,1,1,1,D,0,0
58222,VENTURA,CAMARILLO,5,0,9,1,1,D,0,1
58223,VENTURA,CAMARILLO,6,0,12,1,1,D,0,0
58224,LOS ANGELES,LONG BEACH,7,0,12,1,1,D,0,1
58225,LOS ANGELES,NORWALK,4,0,9,1,1,D,0,1
58226,LOS ANGELES,LANCASTER,6,0,1,1,1,D,0,1
58227,VENTURA,SIMI VALLEY,5,0,12,1,1,D,0,0
58228,LOS ANGELES,LONG BEACH,1,0,9,1,1,D,0,0
58229,ORANGE,FULLERTON,4,0,12,1,1,D,0,1
58230,SAN DIEGO,SAN DIEGO,3,0,12,1,1,D,0,1
58231,SAN DIEGO,SAN DIEGO,7,0,12,0,1,D,0,0
58232,SAN BERNARDINO,MONTCLAIR,1,0,9,1,1,D,0,0
58233,SACRAMENTO,SACRAMENTO,5,0,12,0,1,D,0,1
58234,SAN BERNARDINO,MONTCLAIR,3,0,9,1,1,D,0,1
58235,LOS ANGELES,LONG BEACH,5,0,9,1,1,D,0,1
58236,LOS ANGELES,LONG BEACH,7,0,9,0,1,D,0,0
58237,SAN DIEGO,SAN DIEGO,3,0,3,1,1,D,0,0
58238,ORANGE,FULLERTON,2,0,9,1,1,D,0,1
58239,SAN DIEGO,SAN DIEGO,2,0,9,1,1,D,0,1
58240,ORANGE,FULLERTON,3,0,9,1,1,D,0,1
58241,ORANGE,FULLERTON,3,0,12,1,1,D,0,0
58242,ORANGE,FULLERTON,2,0,12,1,1,D,0,1
58243,ORANGE,HUNTINGTON BEACH,5,0,9,1,1,D,0,1
58244,STANISLAUS,CERES,5,0,9,1,1,D,0,1
58245,LOS ANGELES,LONG BEACH,3,0,9,1,1,D,0,1
58246,ORANGE,IRVINE,5,1,9,1,1,D,0,1
58247,ORANGE,FULLERTON,6,0,9,1,1,D,0,1
58248,ORANGE,IRVINE,4,0,9,1,1,D,0,1
58249,ORANGE,FULLERTON,2,0,9,1,1,D,0,1
58250,ORANGE,HUNTINGTON BEACH,3,0,12,1,1,D,0,1
58251,ORANGE,FULLERTON,4,0,12,1,1,D,0,1
58252,SACRAMENTO,ELK GROVE,2,0,8,1,1,D,0,1
58253,ORANGE,FULLERTON,6,0,9,1,1,D,0,1
58254,ORANGE,COSTA MESA,6,0,12,0,1,D,0,0
58255,SACRAMENTO,ELK GROVE,3,0,12,1,1,D,0,1
58256,ORANGE,COSTA MESA,1,0,9,1,1,D,0,0
58257,LOS ANGELES,SANTA MONICA,3,0,12,1,1,D,0,1
58258,ORANGE,GARDEN GROVE,4,0,9,0,1,D,0,1
58259,SAN MATEO,SOUTH SAN FRANCISCO,6,0,9,1,1,D,1,0
58260,VENTURA,UNINCORPORATED,1,0,9,0,1,D,1,1
58261,ORANGE,GARDEN GROVE,3,0,12,1,1,D,0,1
58262,ORANGE,IRVINE,5,0,12,0,1,D,0,1
58263,SACRAMENTO,ELK GROVE,1,0,9,1,1,D,0,0
58264,ORANGE,IRVINE,6,0,12,0,1,D,0,0
58265,VENTURA,OXNARD,4,0,9,0,1,D,0,1
58266,ALAMEDA,OAKLAND,5,0,9,1,1,D,0,1
58267,SAN DIEGO,SAN DIEGO,1,0,9,1,1,D,0,0
58268,ALAMEDA,OAKLAND,6,0,12,0,1,D,0,0
58269,ORANGE,GARDEN GROVE,4,0,12,1,1,D,0,0
58270,ORANGE,GARDEN GROVE,4,0,9,1,1,D,0,1
58271,SAN BERNARDINO,VICTORVILLE,1,0,9,1,3,D,0,1
58272,ALAMEDA,FREMONT,5,0,9,1,2,D,0,1
58273,CONTRA COSTA,UNINCORPORATED,5,0,1,1,2,D,0,1
58274,ALAMEDA,LIVERMORE,1,0,8,0,3,D,0,1
58275,STANISLAUS,MODESTO,1,0,9,0,1,D,0,1
58276,AMADOR,AMADOR CITY,4,0,9,0,3,D,0,1
58277,CONTRA COSTA,MARTINEZ,1,0,8,0,3,D,1,1
58278,LOS ANGELES,SANTA CLARITA,5,1,12,1,3,D,0,0
58279,SOLANO,VACAVILLE,6,0,12,1,3,D,0,1
58280,LOS ANGELES,COMPTON,5,0,9,1,1,D,0,1
58281,SAN BERNARDINO,UPLAND,6,0,3,0,1,D,1,0
58282,FRESNO,CLOVIS,1,0,12,1,1,D,0,1
58283,FRESNO,CLOVIS,1,0,12,1,1,D,0,1
58284,LOS ANGELES,PALMDALE,3,0,9,1,1,D,0,1
58285,STANISLAUS,MODESTO,7,0,12,1,1,D,0,1
58286,LOS ANGELES,LA MIRADA,5,0,9,1,1,D,0,1
58287,SAN FRANCISCO,SAN FRANCISCO,3,0,7,1,1,D,1,0
58288,LOS ANGELES,CERRITOS,3,0,9,1,1,D,0,0
58289,LOS ANGELES,LA MIRADA,5,0,9,0,1,D,0,1
58290,LOS ANGELES,NORWALK,6,0,9,1,1,D,0,1
58291,LOS ANGELES,CERRITOS,5,0,9,1,1,D,0,1
58292,SOLANO,FAIRFIELD,3,0,9,1,1,D,0,1
58293,SOLANO,FAIRFIELD,3,0,9,1,1,D,0,1
58294,YOLO,WEST SACRAMENTO,5,0,12,1,1,D,0,1
58295,SOLANO,VACAVILLE,7,0,9,1,1,D,0,0