ID,County,City,Weekday,Severity,ViolCat,ClearWeather,Month,CrashType,Highway,Daylight
59094,LOS ANGELES,GLENDALE,5,0,12,1,3,D,0,0
59095,SAN BERNARDINO,RIALTO,2,1,9,1,3,D,0,1
59096,LOS ANGELES,GLENDALE,6,0,12,1,3,D,0,1
59097,ALAMEDA,FREMONT,5,0,7,1,3,D,1,0
59098,LOS ANGELES,LOS ANGELES,6,0,12,1,3,D,0,1
59099,LOS ANGELES,LOS ANGELES,5,0,12,0,3,D,0,1
59100,LOS ANGELES,LOS ANGELES,5,0,12,1,3,D,0,1
59101,LOS ANGELES,LOS ANGELES,5,0,9,0,3,D,0,1
59102,ORANGE,IRVINE,7,0,7,0,3,D,1,1
59103,SAN BERNARDINO,COLTON,1,0,9,1,3,D,0,1
59104,SOLANO,VACAVILLE,6,0,9,1,3,D,0,1
59105,LOS ANGELES,MANHATTAN BEACH,3,0,9,1,3,D,0,1
59106,LOS ANGELES,LOS ANGELES,6,0,12,1,3,D,0,1
59107,ORANGE,SANTA ANA,6,0,12,1,3,D,0,1
59108,SAN DIEGO,SAN DIEGO,5,0,3,0,3,D,1,1
59109,LOS ANGELES,LOS ANGELES,1,0,9,1,3,D,0,0
59110,LOS ANGELES,LOS ANGELES,1,0,9,1,3,D,0,1
59111,LOS ANGELES,LOS ANGELES,1,0,9,1,3,D,0,1
59112,LOS ANGELES,LOS ANGELES,6,0,9,1,3,D,0,1
59113,ORANGE,ANAHEIM,7,0,12,0,3,D,0,1
59114,SAN DIEGO,CHULA VISTA,5,0,12,1,3,D,0,1
59115,ORANGE,ANAHEIM,5,0,8,1,3,D,0,1
59116,SAN BERNARDINO,FONTANA,6,0,9,1,3,D,0,1
59117,LOS ANGELES,LOS ANGELES,7,0,9,1,3,D,0,1
59118,LOS ANGELES,LOS ANGELES,5,0,9,1,3,D,0,1
59119,LOS ANGELES,LOS ANGELES,5,0,9,1,3,D,0,1
59120,ORANGE,FULLERTON,7,0,12,1,3,D,0,1
59121,ORANGE,FULLERTON,5,0,9,1,3,D,0,0
59122,ORANGE,FULLERTON,1,0,9,1,3,D,0,1
59123,STANISLAUS,MODESTO,4,0,12,1,3,D,0,0
59124,LOS ANGELES,LOS ANGELES,3,0,12,1,3,D,0,1
59125,LOS ANGELES,LOS ANGELES,5,1,9,1,3,D,0,1
59126,LOS ANGELES,LOS ANGELES,3,0,9,1,3,D,0,1
59127,LOS ANGELES,LOS ANGELES,6,0,12,1,3,D,0,0
59128,LOS ANGELES,LOS ANGELES,7,0,3,1,3,D,0,1
59129,LOS ANGELES,LOS ANGELES,6,0,12,1,3,D,0,1
59130,LOS ANGELES,LOS ANGELES,5,0,3,1,3,D,0,1
59131,LOS ANGELES,LOS ANGELES,5,0,1,0,3,D,0,0
59132,LOS ANGELES,LOS ANGELES,4,0,9,1,3,D,0,1
59133,LOS ANGELES,LOS ANGELES,4,0,9,1,3,D,0,1
59134,LOS ANGELES,BURBANK,1,0,12,1,3,D,0,1
59135,LOS ANGELES,LOS ANGELES,4,0,9,1,3,D,0,1
59136,LOS ANGELES,LOS ANGELES,4,0,9,1,3,D,0,1
59137,LOS ANGELES,BURBANK,5,0,8,1,3,D,0,0
59138,LOS ANGELES,REDONDO BEACH,3,0,12,1,3,D,0,1
59139,LOS ANGELES,LOS ANGELES,4,0,8,1,3,D,0,1
59140,LOS ANGELES,LOS ANGELES,6,0,9,1,3,D,0,1
59141,LOS ANGELES,COMPTON,6,0,1,1,3,D,0,1
59142,LOS ANGELES,LOS ANGELES,5,0,9,1,3,D,0,1
59143,ORANGE,SANTA ANA,6,0,12,1,3,D,0,1
59144,LOS ANGELES,LONG BEACH,4,0,10,1,1,D,0,1
59145,LOS ANGELES,PALMDALE,6,0,12,1,1,D,0,0
59146,SAN BERNARDINO,HESPERIA,7,0,9,0,1,D,0,1
59147,LOS ANGELES,LONG BEACH,1,0,12,1,2,D,0,1
59148,KERN,UNINCORPORATED,5,0,9,1,1,D,0,0
59149,LOS ANGELES,TORRANCE,4,0,9,1,1,D,0,1
59150,LOS ANGELES,TORRANCE,3,0,9,1,1,D,0,1
59151,KINGS,UNINCORPORATED,5,0,9,1,1,D,0,1
59152,SACRAMENTO,FOLSOM,2,0,8,0,1,D,0,1
59153,EL DORADO,UNINCORPORATED,3,0,3,0,1,D,1,0
59154,LOS ANGELES,CULVER CITY,3,0,12,0,1,D,0,1
59155,SAN LUIS OBISPO,UNINCORPORATED,4,1,9,1,1,D,0,1
59156,LOS ANGELES,CULVER CITY,3,0,12,1,1,D,0,1
59157,SACRAMENTO,SACRAMENTO,3,0,9,0,1,D,0,0
59158,ORANGE,HUNTINGTON BEACH,1,0,12,1,1,D,0,0
59159,ORANGE,HUNTINGTON BEACH,3,0,9,1,1,D,0,1
59160,LOS ANGELES,CULVER CITY,1,0,12,1,1,D,0,1
59161,SAN DIEGO,SAN DIEGO,4,0,9,0,2,D,0,1
59162,SAN DIEGO,SAN DIEGO,3,0,9,1,2,D,0,0
59163,SAN DIEGO,SAN DIEGO,3,0,3,1,2,D,0,1
59164,SAN DIEGO,SAN DIEGO,5,0,9,1,2,D,0,1
59165,SAN DIEGO,SAN DIEGO,1,0,9,1,2,D,0,1
59166,LOS ANGELES,CERRITOS,7,0,9,1,2,D,0,1
59167,CONTRA COSTA,UNINCORPORATED,3,0,9,0,2,D,0,1
59168,SAN DIEGO,SAN DIEGO,2,0,12,1,2,D,0,1
59169,ORANGE,ANAHEIM,3,0,12,1,2,D,0,1
59170,SOLANO,FAIRFIELD,2,1,12,1,2,D,0,1
59171,ORANGE,ANAHEIM,1,0,9,1,2,D,0,1
59172,HUMBOLDT,UNINCORPORATED,6,1,9,1,2,D,0,1
59173,ORANGE,TUSTIN,2,0,12,1,2,D,0,1
59174,SAN DIEGO,SAN DIEGO,7,0,8,0,2,D,0,1
59175,SAN DIEGO,SAN DIEGO,3,0,12,1,2,D,0,1
59176,SAN DIEGO,SAN DIEGO,4,0,9,1,2,D,0,0
59177,SAN BERNARDINO,CHINO HILLS,7,0,12,1,2,D,0,0
59178,CONTRA COSTA,CONCORD,5,0,9,1,2,D,0,1
59179,SAN JOAQUIN,LATHROP,7,0,9,1,2,D,0,1
59180,ORANGE,ANAHEIM,6,0,9,1,2,D,0,1
59181,SAN JOAQUIN,TRACY,4,0,9,1,2,D,0,0
59182,ORANGE,ANAHEIM,2,0,9,1,2,D,0,0
59183,ORANGE,IRVINE,7,1,12,0,2,D,0,0
59184,ORANGE,ANAHEIM,7,0,9,1,2,D,0,0
59185,ORANGE,ANAHEIM,4,0,9,0,2,D,0,1
59186,BUTTE,CHICO,4,0,9,1,2,D,0,1
59187,SAN DIEGO,SAN DIEGO,2,0,12,1,2,D,0,1
59188,LOS ANGELES,MONTEREY PARK,5,0,12,1,2,D,0,0
59189,LOS ANGELES,SANTA FE SPRINGS,2,0,9,1,2,D,0,1
59190,LOS ANGELES,SANTA FE SPRINGS,3,0,9,1,2,D,0,1
59191,ORANGE,ORANGE,5,0,3,0,2,D,1,1
59192,LOS ANGELES,SANTA FE SPRINGS,3,0,3,0,2,D,0,0
59193,SACRAMENTO,SACRAMENTO,2,0,9,0,2,D,0,1
59194,LOS ANGELES,SANTA FE SPRINGS,5,0,9,0,2,D,0,0
59195,SANTA CLARA,PALO ALTO,3,0,9,1,2,D,0,0
59196,KERN,BAKERSFIELD,1,0,12,1,2,D,0,1
59197,ORANGE,LAGUNA NIGUEL,7,0,12,1,2,D,0,1
59198,SANTA CLARA,PALO ALTO,5,0,1,1,2,D,0,0
59199,ORANGE,SAN CLEMENTE,6,0,9,1,2,D,0,1
59200,SOLANO,VACAVILLE,7,0,9,1,2,D,0,0
59201,SOLANO,VACAVILLE,7,0,12,1,2,D,0,1
59202,YOLO,WEST SACRAMENTO,1,0,12,1,2,D,0,1
59203,LOS ANGELES,REDONDO BEACH,4,0,8,1,2,D,0,1
59204,LOS ANGELES,LONG BEACH,3,0,9,1,2,D,0,0
59205,LOS ANGELES,TORRANCE,6,0,9,0,2,D,0,1
59206,LOS ANGELES,TORRANCE,6,0,12,1,2,D,0,0
59207,CONTRA COSTA,CONCORD,2,0,12,1,1,D,0,1
59208,TULARE,TULARE,4,0,9,1,2,D,0,1
59209,SAN BERNARDINO,RANCHO CUCAMONGA,2,0,1,0,2,D,0,0
59210,LOS ANGELES,PASADENA,1,1,12,1,2,D,0,1
59211,PLACER,UNINCORPORATED,3,0,8,1,2,D,1,1
59212,RIVERSIDE,INDIO,6,0,1,1,2,D,0,0
59213,LOS ANGELES,PASADENA,1,0,11,1,2,D,0,1
59214,MONTEREY,MARINA,4,0,9,1,2,D,0,1
59215,LOS ANGELES,PASADENA,7,0,9,1,2,D,0,0
59216,SAN DIEGO,SAN DIEGO,1,0,12,1,2,D,0,0
59217,SAN DIEGO,SAN DIEGO,3,0,12,1,2,D,0,0
59218,LOS ANGELES,TORRANCE,4,0,9,1,2,D,0,1
59219,TULARE,TULARE,1,0,9,1,2,D,0,0
59220,SOLANO,FAIRFIELD,6,0,9,1,2,D,0,1
59221,SAN DIEGO,SAN DIEGO,2,0,12,0,2,D,0,1
59222,LOS ANGELES,TORRANCE,1,0,9,1,2,D,0,0
59223,SAN BERNARDINO,RANCHO CUCAMONGA,4,0,8,1,2,D,0,1
59224,LOS ANGELES,LONG BEACH,4,0,9,1,2,D,0,1
59225,SAN DIEGO,CARLSBAD,4,0,12,1,1,D,0,1
59226,SAN DIEGO,EL CAJON,5,0,7,0,1,D,1,1
59227,LOS ANGELES,LANCASTER,5,0,9,1,1,D,0,0
59228,SAN DIEGO,SOLANA BEACH,3,0,9,1,1,D,0,1
59229,NAPA,AMERICAN CANYON,5,0,12,1,1,D,0,1
59230,SAN DIEGO,ENCINITAS,4,0,9,1,1,D,0,1
59231,LOS ANGELES,LANCASTER,2,0,9,1,1,D,0,1
59232,SAN DIEGO,ENCINITAS,2,0,9,0,1,D,0,1
59233,LOS ANGELES,DUARTE,1,0,9,1,1,D,0,1
59234,LOS ANGELES,LANCASTER,6,0,9,1,1,D,0,1
59235,LOS ANGELES,LANCASTER,5,0,9,0,1,D,0,1
59236,LOS ANGELES,DUARTE,4,0,12,1,1,D,0,1
59237,SAN DIEGO,ENCINITAS,1,0,9,1,1,D,0,1
59238,SANTA CRUZ,UNINCORPORATED,6,0,9,1,1,D,0,1
59239,SAN JOAQUIN,UNINCORPORATED,4,0,3,0,1,D,0,1
59240,LOS ANGELES,WHITTIER,2,0,9,1,1,D,0,1
59241,LOS ANGELES,CLAREMONT,6,0,9,0,1,D,0,1
59242,LOS ANGELES,CLAREMONT,5,0,9,0,1,D,0,0
59243,SANTA CRUZ,UNINCORPORATED,2,0,9,1,1,D,0,1
59244,LOS ANGELES,CUDAHY,3,0,9,1,1,D,0,0
59245,LOS ANGELES,TORRANCE,5,0,9,0,1,D,0,1
59246,SAN DIEGO,SAN DIEGO,7,0,12,0,1,D,0,1
59247,SISKIYOU,YREKA,1,0,8,0,1,D,0,1
59248,STANISLAUS,MODESTO,3,0,12,1,1,D,0,1
59249,ORANGE,SANTA ANA,5,0,9,1,1,D,0,1
59250,ALAMEDA,FREMONT,2,0,9,1,1,D,0,1
59251,STANISLAUS,MODESTO,1,0,11,1,1,D,0,0
59252,RIVERSIDE,MORENO VALLEY,3,0,12,1,1,D,0,1
59253,ORANGE,SANTA ANA,5,0,9,1,1,D,0,1
59254,ORANGE,YORBA LINDA,3,0,12,0,1,D,0,1
59255,LOS ANGELES,TORRANCE,2,0,9,1,1,D,0,0
59256,ORANGE,YORBA LINDA,4,0,9,1,1,D,0,1
59257,SAN MATEO,DALY CITY,5,0,9,1,1,D,0,1
59258,ORANGE,LAGUNA NIGUEL,6,0,9,1,1,D,0,0
59259,ALAMEDA,OAKLAND,6,0,9,1,1,D,0,0
59260,ORANGE,SANTA ANA,3,0,9,1,1,D,0,0
59261,LOS ANGELES,TORRANCE,7,0,9,1,4,D,0,1
59262,LOS ANGELES,LONG BEACH,2,0,3,1,1,D,0,1
59263,LOS ANGELES,VERNON,2,0,12,1,1,D,0,1
59264,LOS ANGELES,TORRANCE,2,0,9,1,1,D,0,1
59265,ALAMEDA,OAKLAND,3,0,9,1,1,D,0,1
59266,LOS ANGELES,TORRANCE,6,0,8,1,1,D,0,0
59267,MONTEREY,SALINAS,1,0,9,0,1,D,0,1
59268,LOS ANGELES,TORRANCE,4,0,9,1,1,D,0,1
59269,ORANGE,FULLERTON,7,0,9,1,1,D,0,1
59270,LOS ANGELES,SOUTH GATE,3,0,8,1,1,D,0,1
59271,LOS ANGELES,IRWINDALE,5,0,9,0,1,D,0,1
59272,SAN DIEGO,EL CAJON,7,0,12,1,1,D,0,1
59273,SAN DIEGO,EL CAJON,2,0,12,0,1,D,0,1
59274,LOS ANGELES,SANTA FE SPRINGS,6,0,1,0,1,D,0,1
59275,LOS ANGELES,VERNON,1,0,9,1,1,D,0,1
59276,SAN DIEGO,EL CAJON,3,0,9,1,1,D,0,1
59277,ORANGE,ALISO VIEJO,3,0,7,1,1,D,0,1
59278,LOS ANGELES,VERNON,4,0,9,0,1,D,0,0
59279,YOLO,WEST SACRAMENTO,3,0,9,1,1,D,0,1
59280,SAN BERNARDINO,FONTANA,4,0,8,1,1,D,0,0
59281,ORANGE,ANAHEIM,6,0,12,0,1,D,0,0
59282,ORANGE,WESTMINSTER,3,0,8,1,1,D,0,0
59283,RIVERSIDE,RIVERSIDE,5,0,8,0,1,D,0,1
59284,ORANGE,SANTA ANA,6,0,9,1,1,D,0,1
59285,SAN BERNARDINO,FONTANA,2,0,12,1,1,D,0,1
59286,SAN BERNARDINO,VICTORVILLE,5,0,12,1,1,D,0,1
59287,LOS ANGELES,LANCASTER,1,0,12,1,1,D,0,1
59288,LOS ANGELES,EL MONTE,3,0,9,1,1,D,0,0
59289,CONTRA COSTA,MARTINEZ,1,0,12,1,1,D,0,1
59290,SAN LUIS OBISPO,SAN LUIS OBISPO,4,0,9,1,1,D,0,0
59291,SOLANO,FAIRFIELD,2,0,9,0,1,D,0,0
59292,LOS ANGELES,EL MONTE,2,0,9,1,1,D,0,1
59293,KINGS,HANFORD,1,0,9,1,1,D,0,0
59294,STANISLAUS,MODESTO,4,0,11,1,1,D,0,0
59295,RIVERSIDE,PALM DESERT,6,0,12,1,1,D,0,1
59296,RIVERSIDE,PALM DESERT,1,0,12,0,1,D,0,1
59297,HUMBOLDT,EUREKA,5,0,9,0,1,D,0,0
59298,TULARE,UNINCORPORATED,7,0,9,1,1,D,0,1
59299,HUMBOLDT,EUREKA,6,0,12,0,1,D,0,1
59300,ALAMEDA,ALAMEDA,6,0,9,1,1,D,0,1
59301,SANTA CLARA,SARATOGA,6,0,9,1,1,D,0,1
59302,YOLO,WEST SACRAMENTO,5,0,3,1,1,D,1,0
59303,LOS ANGELES,HAWTHORNE,6,0,9,1,1,D,0,0
59304,VENTURA,VENTURA,5,0,8,1,1,D,0,1
59305,LOS ANGELES,HAWTHORNE,5,0,8,0,1,D,0,1
59306,VENTURA,VENTURA,1,0,9,1,1,D,0,1
59307,KERN,DELANO,1,0,9,1,1,D,0,1
59308,HUMBOLDT,ARCATA,3,1,9,1,1,D,0,1
59309,SANTA CLARA,CUPERTINO,3,0,3,0,1,D,0,0
59310,SAN DIEGO,CHULA VISTA,4,0,9,1,1,D,0,0
59311,SANTA CLARA,SANTA CLARA,2,0,12,1,1,D,0,1
59312,SUTTER,YUBA CITY,7,0,1,1,1,D,0,1
59313,SAN DIEGO,CHULA VISTA,7,0,9,1,1,D,0,1
59314,SAN DIEGO,CHULA VISTA,2,0,12,1,1,D,0,1
59315,TULARE,UNINCORPORATED,4,0,9,1,1,D,0,1
59316,SAN DIEGO,SAN DIEGO,2,0,9,1,1,D,0,1
59317,RIVERSIDE,PALM DESERT,2,0,12,1,1,D,0,0
59318,SAN DIEGO,SAN DIEGO,2,0,3,1,1,D,0,1
59319,SAN DIEGO,CHULA VISTA,1,0,9,1,1,D,0,1
59320,SAN DIEGO,CHULA VISTA,6,0,9,1,1,D,0,1
59321,SAN DIEGO,CHULA VISTA,5,0,12,0,1,D,0,1
59322,SAN DIEGO,CHULA VISTA,6,0,12,1,1,D,0,0
59323,ALAMEDA,BERKELEY,5,0,9,1,1,D,0,1
59324,SAN DIEGO,CHULA VISTA,6,0,9,1,1,D,0,0
59325,BUTTE,PARADISE,2,0,9,1,1,D,0,1
59326,CONTRA COSTA,ANTIOCH,2,0,10,1,1,D,0,1
59327,SAN DIEGO,CHULA VISTA,6,0,12,1,1,D,0,0
59328,ALAMEDA,BERKELEY,4,0,9,1,1,D,0,1
59329,SONOMA,SONOMA,3,0,3,1,1,D,0,1
59330,SUTTER,YUBA CITY,4,0,8,1,1,D,0,0
59331,SAN DIEGO,CHULA VISTA,7,0,8,1,1,D,0,0
59332,SAN DIEGO,CHULA VISTA,2,0,12,1,1,D,0,1
59333,ORANGE,FOUNTAIN VALLEY,1,0,12,1,2,D,0,1
59334,ORANGE,COSTA MESA,1,0,9,1,2,D,0,1
59335,STANISLAUS,MODESTO,5,0,9,1,2,D,0,1
59336,ORANGE,COSTA MESA,3,0,9,1,2,D,0,1
59337,CONTRA COSTA,UNINCORPORATED,3,0,12,1,2,D,0,0
59338,CONTRA COSTA,UNINCORPORATED,4,0,9,1,2,D,0,1
59339,CONTRA COSTA,UNINCORPORATED,4,0,9,0,2,D,0,1
59340,SAN DIEGO,NATIONAL CITY,7,0,10,1,2,D,0,1
59341,LOS ANGELES,GLENDALE,4,0,9,1,2,D,0,1
59342,SACRAMENTO,SACRAMENTO,7,0,12,1,2,D,0,1
59343,SACRAMENTO,SACRAMENTO,6,0,9,1,2,D,0,1
59344,SACRAMENTO,SACRAMENTO,2,0,3,0,2,D,0,1
59345,ORANGE,SANTA ANA,6,0,9,1,2,D,0,1
59346,ORANGE,SANTA ANA,7,0,9,1,2,D,0,1
59347,NAPA,UNINCORPORATED,2,0,9,1,2,D,0,0
59348,ORANGE,ALISO VIEJO,5,0,8,1,2,D,0,1
59349,YOLO,DAVIS,3,0,8,1,2,D,1,1
59350,NAPA,UNINCORPORATED,7,0,8,1,2,D,0,0
59351,YOLO,UNINCORPORATED,7,0,9,1,2,D,1,1
59352,PLACER,UNINCORPORATED,3,0,9,1,2,D,0,1
59353,NAPA,UNINCORPORATED,3,0,12,1,2,D,0,0
59354,LOS ANGELES,TORRANCE,1,0,1,0,2,D,0,0
59355,PLACER,UNINCORPORATED,3,0,9,1,2,D,0,1
59356,LOS ANGELES,COVINA,6,1,9,1,2,D,0,1
59357,LOS ANGELES,TORRANCE,1,0,8,0,2,D,0,1
59358,EL DORADO,UNINCORPORATED,7,1,1,1,2,D,0,0
59359,LOS ANGELES,TORRANCE,3,0,9,1,2,D,0,1
59360,LOS ANGELES,PALMDALE,1,0,9,1,2,D,0,1
59361,LOS ANGELES,TORRANCE,3,0,12,1,2,D,0,1
59362,LOS ANGELES,TORRANCE,4,0,9,1,2,D,0,1
59363,ALAMEDA,HAYWARD,4,0,9,1,2,D,0,0
59364,LOS ANGELES,CLAREMONT,2,0,9,0,2,D,0,0
59365,LOS ANGELES,CLAREMONT,5,0,9,1,2,D,0,1
59366,LOS ANGELES,TORRANCE,6,0,12,1,2,D,0,0
59367,LOS ANGELES,NORWALK,3,0,12,1,2,D,0,1
59368,LOS ANGELES,TORRANCE,4,0,9,1,2,D,0,1
59369,ALAMEDA,HAYWARD,6,0,9,1,2,D,0,0
59370,VENTURA,OXNARD,1,0,12,1,2,D,0,1
59371,LOS ANGELES,CULVER CITY,5,0,12,0,2,D,0,1
59372,LOS ANGELES,CULVER CITY,3,0,9,1,2,D,0,0
59373,SAN MATEO,DALY CITY,6,0,12,1,2,D,0,1
59374,SACRAMENTO,ELK GROVE,5,0,12,1,2,D,0,0
59375,MONTEREY,SALINAS,6,0,12,1,2,D,0,0
59376,SACRAMENTO,ELK GROVE,5,0,9,1,2,D,0,0
59377,VENTURA,OXNARD,2,0,12,1,2,D,0,1
59378,ORANGE,SANTA ANA,2,0,12,1,2,D,0,1
59379,VENTURA,OXNARD,7,0,12,1,2,D,0,1
59380,RIVERSIDE,RIVERSIDE,7,0,1,1,2,D,0,0
59381,MONTEREY,SALINAS,3,0,12,1,2,D,0,1
59382,VENTURA,OXNARD,6,0,12,1,2,D,0,1
59383,SAN MATEO,DALY CITY,2,0,9,1,2,D,0,1
59384,SANTA CRUZ,UNINCORPORATED,7,0,9,1,2,D,0,1
59385,ALAMEDA,NEWARK,5,0,12,1,2,D,0,0
59386,MONTEREY,SALINAS,5,0,12,0,2,D,0,1
59387,SAN MATEO,REDWOOD CITY,6,0,9,1,2,D,0,0
59388,MONTEREY,SALINAS,2,0,9,1,2,D,0,1
59389,MONTEREY,SALINAS,1,0,9,1,2,D,0,1
59390,MONTEREY,SALINAS,5,0,9,1,2,D,0,1
59391,LOS ANGELES,BURBANK,4,0,9,1,2,D,0,1
59392,LOS ANGELES,BURBANK,4,0,9,1,2,D,0,1
59393,LOS ANGELES,LANCASTER,3,0,9,1,2,D,0,1
59394,LOS ANGELES,LANCASTER,3,0,9,1,2,D,0,1
59395,ORANGE,SANTA ANA,7,0,9,1,2,D,0,0
59396,LOS ANGELES,LANCASTER,3,0,9,1,2,D,0,1
59397,LOS ANGELES,DOWNEY,6,0,9,1,2,D,0,1
59398,LOS ANGELES,DOWNEY,4,0,9,1,2,D,0,1
59399,SAN LUIS OBISPO,UNINCORPORATED,2,0,8,1,2,D,0,1
59400,ORANGE,HUNTINGTON BEACH,5,0,12,1,2,D,0,0
59401,SAN LUIS OBISPO,UNINCORPORATED,4,0,9,1,2,D,0,1
59402,LOS ANGELES,LANCASTER,5,0,9,1,2,D,0,1
59403,ALAMEDA,PLEASANTON,7,0,9,1,2,D,0,1
59404,SANTA CRUZ,CAPITOLA,3,0,12,1,2,D,0,1
59405,SAN MATEO,UNINCORPORATED,3,0,9,1,2,D,0,1
59406,SAN BERNARDINO,RIALTO,4,1,12,0,2,D,0,0
59407,KERN,UNINCORPORATED,3,0,9,1,2,D,0,1
59408,LOS ANGELES,PALMDALE,2,0,9,1,2,D,0,0
59409,SANTA CRUZ,CAPITOLA,6,0,12,0,2,D,0,1
59410,ALAMEDA,PLEASANTON,3,0,9,1,2,D,0,1
59411,ALAMEDA,PLEASANTON,6,0,9,1,2,D,0,1
59412,KERN,UNINCORPORATED,4,0,12,1,2,D,0,1
59413,LOS ANGELES,EL MONTE,3,0,12,1,2,D,0,1
59414,LOS ANGELES,EL MONTE,5,0,9,1,2,D,0,0
59415,LOS ANGELES,EL MONTE,7,1,9,1,2,D,0,1
59416,LOS ANGELES,LONG BEACH,3,0,12,1,2,D,0,1
59417,LOS ANGELES,EL MONTE,5,0,12,1,2,D,0,0
59418,LOS ANGELES,EL MONTE,1,0,12,1,2,D,0,0
59419,SAN MATEO,BURLINGAME,2,0,9,1,2,D,0,1
59420,SANTA CRUZ,WATSONVILLE,7,0,9,1,2,D,1,1
59421,ALAMEDA,FREMONT,6,0,9,1,2,D,0,1
59422,ORANGE,ANAHEIM,6,0,12,1,2,D,0,1
59423,VENTURA,OXNARD,1,0,9,1,2,D,0,1
59424,VENTURA,OXNARD,3,0,9,1,2,D,0,0
59425,RIVERSIDE,MORENO VALLEY,4,0,9,1,2,D,0,1
59426,VENTURA,OXNARD,1,0,9,1,2,D,0,1
59427,LOS ANGELES,SANTA MONICA,1,1,9,1,2,D,0,1
59428,VENTURA,OXNARD,5,0,8,1,2,D,0,1
59429,VENTURA,OXNARD,6,0,1,1,2,D,0,1
59430,LOS ANGELES,GLENDALE,3,0,12,1,2,D,0,1
59431,RIVERSIDE,SAN JACINTO,5,0,9,1,2,D,0,0
59432,RIVERSIDE,SAN JACINTO,3,0,9,1,2,D,0,1
59433,LOS ANGELES,REDONDO BEACH,5,1,9,1,2,D,0,1
59434,ORANGE,IRVINE,2,0,9,1,2,D,0,1
59435,SANTA CLARA,MOUNTAIN VIEW,4,0,8,1,2,D,1,1
59436,SAN BERNARDINO,FONTANA,7,0,12,1,2,D,0,0
59437,COLUSA,UNINCORPORATED,3,0,1,0,2,D,1,0
59438,SAN DIEGO,OCEANSIDE,5,0,9,1,2,D,0,1
59439,LOS ANGELES,GLENDALE,2,0,12,1,2,D,0,0
59440,LOS ANGELES,MANHATTAN BEACH,2,0,8,0,2,D,0,1
59441,SAN BERNARDINO,FONTANA,6,0,12,1,2,D,0,1
59442,SAN BERNARDINO,FONTANA,5,0,9,1,2,D,0,1
59443,SAN BERNARDINO,FONTANA,6,0,9,1,2,D,0,1
59444,ALAMEDA,DUBLIN,3,0,9,1,2,D,0,1
59445,NAPA,AMERICAN CANYON,7,0,12,1,2,D,0,1
59446,ORANGE,IRVINE,2,0,12,1,2,D,0,1
59447,SACRAMENTO,SACRAMENTO,3,0,8,1,2,D,0,1
59448,ORANGE,IRVINE,2,0,9,0,2,D,0,1
59449,STANISLAUS,MODESTO,3,0,3,1,2,D,0,1
59450,ORANGE,ANAHEIM,2,0,9,1,2,D,0,1
59451,STANISLAUS,MODESTO,5,0,12,1,2,D,0,1
59452,ORANGE,ANAHEIM,4,0,9,1,2,D,0,0
59453,LOS ANGELES,HAWTHORNE,2,0,9,1,2,D,0,0
59454,ORANGE,ANAHEIM,1,0,9,1,2,D,0,0
59455,ORANGE,ANAHEIM,5,0,9,1,2,D,0,1
59456,ORANGE,ANAHEIM,1,0,9,1,2,D,0,1
59457,ORANGE,ANAHEIM,6,0,9,1,2,D,0,0
59458,ORANGE,ANAHEIM,4,0,9,0,2,D,0,0
59459,HUMBOLDT,UNINCORPORATED,3,0,12,1,2,D,0,1
59460,ORANGE,LAKE FOREST,5,0,12,1,2,D,0,1
59461,SANTA CLARA,SANTA CLARA,1,0,12,1,2,D,0,1
59462,SANTA CLARA,SANTA CLARA,5,1,10,1,2,D,0,0
59463,SANTA CRUZ,CAPITOLA,1,0,12,0,2,D,0,1
59464,SAN MATEO,UNINCORPORATED,1,0,9,1,2,D,0,1
59465,LOS ANGELES,SANTA MONICA,6,0,8,1,2,D,0,0
59466,SANTA CLARA,SANTA CLARA,1,0,9,1,2,D,0,1
59467,LOS ANGELES,LAKEWOOD,3,0,9,1,2,D,0,0
59468,SANTA CLARA,SANTA CLARA,5,1,3,1,2,D,0,0
59469,SANTA CLARA,SANTA CLARA,6,0,9,1,2,D,0,1
59470,ORANGE,COSTA MESA,2,0,9,1,3,D,0,0
59471,ORANGE,COSTA MESA,6,0,12,1,3,D,0,1
59472,VENTURA,UNINCORPORATED,3,0,8,1,3,D,1,0
59473,VENTURA,CAMARILLO,1,0,8,0,3,D,1,1
59474,SAN DIEGO,ESCONDIDO,4,0,12,0,3,D,0,1
59475,ORANGE,BUENA PARK,2,0,9,1,1,D,0,1
59476,TULARE,VISALIA,7,0,12,1,1,D,0,0
59477,VENTURA,OXNARD,1,0,12,1,1,D,0,1
59478,LOS ANGELES,SANTA CLARITA,5,0,12,1,1,D,0,1
59479,TULARE,PORTERVILLE,1,0,8,1,1,D,0,1
59480,TULARE,PORTERVILLE,7,0,12,1,1,D,0,0
59481,SAN DIEGO,CHULA VISTA,6,0,12,1,1,D,0,1
59482,SAN DIEGO,CHULA VISTA,4,0,8,1,1,D,0,0
59483,SAN DIEGO,CHULA VISTA,1,0,9,0,1,D,0,0
59484,TULARE,PORTERVILLE,5,0,9,1,1,D,0,1
59485,ALAMEDA,BERKELEY,5,1,3,1,1,D,1,0
59486,LOS ANGELES,GLENDALE,1,0,8,1,1,D,0,1
59487,VENTURA,CAMARILLO,3,0,12,0,1,D,0,0
59488,SAN BERNARDINO,RANCHO CUCAMONGA,5,0,3,0,1,D,1,0
59489,CONTRA COSTA,UNINCORPORATED,4,0,9,1,2,D,0,1
59490,LOS ANGELES,PALMDALE,4,0,9,1,1,D,0,1