ID,County,City,Weekday,Severity,ViolCat,ClearWeather,Month,CrashType,Highway,Daylight
61085,MARIPOSA,UNINCORPORATED,2,0,9,1,3,D,0,1
61086,SONOMA,UNINCORPORATED,1,0,9,0,4,D,0,1
61087,KINGS,UNINCORPORATED,4,0,12,1,3,D,0,1
61088,HUMBOLDT,UNINCORPORATED,5,0,9,0,3,D,1,1
61089,SACRAMENTO,SACRAMENTO,3,0,12,1,3,D,0,1
61090,CALAVERAS,UNINCORPORATED,4,0,9,0,3,D,0,1
61091,TULARE,UNINCORPORATED,3,0,12,1,3,D,0,1
61092,LOS ANGELES,LOS ANGELES,2,0,9,1,3,D,0,1
61093,TULARE,UNINCORPORATED,3,0,8,1,3,D,0,1
61094,LOS ANGELES,WHITTIER,2,0,12,1,3,D,0,1
61095,SAN DIEGO,VISTA,4,0,9,1,3,D,0,1
61096,LOS ANGELES,PASADENA,6,0,12,1,3,D,0,1
61097,VENTURA,THOUSAND OAKS,7,0,12,0,3,D,0,1
61098,LOS ANGELES,PASADENA,1,0,8,1,3,D,0,1
61099,SAN DIEGO,ESCONDIDO,5,0,9,1,3,D,0,1
61100,SAN DIEGO,ESCONDIDO,5,0,12,0,3,D,0,1
61101,LOS ANGELES,REDONDO BEACH,7,0,12,1,3,D,0,0
61102,SACRAMENTO,SACRAMENTO,3,0,3,1,3,D,0,1
61103,SACRAMENTO,FOLSOM,1,0,12,1,3,D,0,1
61104,CONTRA COSTA,CONCORD,2,0,9,1,3,D,0,1
61105,SOLANO,VACAVILLE,2,0,12,1,3,D,0,1
61106,CONTRA COSTA,CONCORD,2,0,8,1,3,D,0,1
61107,LOS ANGELES,GLENDALE,1,1,11,1,3,D,0,1
61108,LOS ANGELES,LANCASTER,1,0,1,1,3,D,0,0
61109,LOS ANGELES,LANCASTER,1,0,9,1,3,D,0,1
61110,SAN DIEGO,VISTA,4,0,12,1,3,D,0,0
61111,LOS ANGELES,LOS ANGELES,7,0,9,1,3,D,0,1
61112,LOS ANGELES,LOS ANGELES,3,0,12,1,3,D,0,1
61113,IMPERIAL,UNINCORPORATED,3,1,9,1,3,D,0,0
61114,LOS ANGELES,LOS ANGELES,3,0,9,1,3,D,0,1
61115,LOS ANGELES,LOS ANGELES,3,0,9,1,3,D,0,1
61116,LOS ANGELES,LOS ANGELES,1,1,8,1,3,D,0,1
61117,IMPERIAL,UNINCORPORATED,2,0,1,1,3,D,0,0
61118,LOS ANGELES,LOS ANGELES,3,0,9,1,3,D,0,1
61119,SAN BERNARDINO,RANCHO CUCAMONGA,6,0,9,1,3,D,0,0
61120,SAN BERNARDINO,RANCHO CUCAMONGA,3,0,9,1,3,D,0,1
61121,CONTRA COSTA,CONCORD,4,0,9,1,3,D,0,1
61122,LOS ANGELES,LOS ANGELES,5,0,9,1,3,D,0,1
61123,LOS ANGELES,LOS ANGELES,5,0,12,1,3,D,0,1
61124,LOS ANGELES,LOS ANGELES,4,0,9,1,3,D,0,1
61125,BUTTE,UNINCORPORATED,7,0,12,1,3,D,0,1
61126,LOS ANGELES,LOS ANGELES,4,0,9,0,3,D,0,0
61127,LOS ANGELES,LOS ANGELES,2,0,9,1,3,D,0,1
61128,VENTURA,SIMI VALLEY,3,0,12,1,3,D,0,1
61129,VENTURA,SIMI VALLEY,2,0,7,1,3,D,0,1
61130,SAN MATEO,PACIFICA,2,0,11,1,3,D,0,1
61131,LOS ANGELES,LOS ANGELES,7,0,9,1,3,D,0,1
61132,ORANGE,SAN JUAN CAPISTRANO,1,0,9,1,3,D,0,1
61133,CONTRA COSTA,CONCORD,4,0,12,1,3,D,0,1
61134,SANTA CRUZ,SANTA CRUZ,1,0,9,1,3,D,0,1
61135,ORANGE,MISSION VIEJO,5,0,9,1,3,D,0,1
61136,CONTRA COSTA,CONCORD,4,0,12,1,3,D,0,1
61137,SANTA CRUZ,SANTA CRUZ,2,0,9,0,3,D,0,0
61138,LOS ANGELES,LOS ANGELES,2,0,9,1,3,D,0,1
61139,ORANGE,BREA,6,0,6,1,3,D,0,1
61140,SAN BERNARDINO,RANCHO CUCAMONGA,7,0,9,1,3,D,0,1
61141,SAN BERNARDINO,RANCHO CUCAMONGA,2,0,8,1,3,D,0,1
61142,LOS ANGELES,LOS ANGELES,6,0,8,1,3,D,0,1
61143,TULARE,UNINCORPORATED,6,0,8,1,3,D,0,1
61144,TULARE,UNINCORPORATED,6,0,9,1,3,D,1,1
61145,TULARE,UNINCORPORATED,3,1,1,1,3,D,0,1
61146,MONO,MAMMOTH LAKES,3,0,8,1,2,D,0,0
61147,LOS ANGELES,GLENDALE,6,0,1,1,3,D,1,0
61148,ORANGE,IRVINE,3,0,1,1,3,D,0,0
61149,ORANGE,HUNTINGTON BEACH,6,0,12,1,3,D,0,0
61150,SAN BERNARDINO,FONTANA,2,0,7,1,3,D,1,1
61151,ORANGE,FULLERTON,2,0,8,1,3,D,0,1
61152,LOS ANGELES,LOS ANGELES,7,0,12,1,3,D,0,1
61153,LOS ANGELES,COMPTON,2,0,9,1,3,D,0,1
61154,ORANGE,HUNTINGTON BEACH,2,0,9,1,3,D,0,1
61155,SAN DIEGO,OCEANSIDE,7,0,9,1,3,D,0,0
61156,BUTTE,CHICO,3,0,9,1,3,D,0,1
61157,BUTTE,CHICO,2,0,9,1,4,D,0,0
61158,MERCED,ATWATER,5,0,9,1,3,D,0,1
61159,ORANGE,FULLERTON,3,0,12,0,3,D,0,1
61160,ORANGE,FULLERTON,5,0,12,1,3,D,0,0
61161,SOLANO,UNINCORPORATED,7,0,3,1,3,D,0,1
61162,SOLANO,VALLEJO,2,0,3,0,3,D,1,1
61163,LOS ANGELES,LOS ANGELES,7,0,9,1,3,D,0,1
61164,RIVERSIDE,TEMECULA,4,0,9,1,3,D,0,1
61165,LOS ANGELES,GLENDALE,6,0,9,1,3,D,0,0
61166,LOS ANGELES,GLENDALE,3,0,12,1,3,D,0,1
61167,LOS ANGELES,COMPTON,1,0,9,1,3,D,0,0
61168,SAN BERNARDINO,ONTARIO,5,0,9,1,3,D,0,1
61169,SAN BERNARDINO,ONTARIO,1,0,9,1,3,D,0,0
61170,SAN MATEO,BURLINGAME,5,0,9,0,3,D,0,1
61171,RIVERSIDE,TEMECULA,4,0,9,1,3,D,0,0
61172,RIVERSIDE,TEMECULA,2,0,9,1,3,D,0,1
61173,SAN BERNARDINO,FONTANA,3,0,9,1,3,D,0,1
61174,SONOMA,SANTA ROSA,3,0,9,1,3,D,0,1
61175,LOS ANGELES,POMONA,4,0,12,0,3,D,0,1
61176,LOS ANGELES,POMONA,7,0,1,1,3,D,0,0
61177,LOS ANGELES,POMONA,1,0,9,1,3,D,0,1
61178,LOS ANGELES,POMONA,5,0,12,1,3,D,0,1
61179,LOS ANGELES,LONG BEACH,1,0,9,1,3,D,0,1
61180,LOS ANGELES,LONG BEACH,2,0,12,1,3,D,0,1
61181,TULARE,UNINCORPORATED,6,0,9,1,3,D,0,1
61182,TULARE,UNINCORPORATED,7,0,9,1,3,D,0,1
61183,TULARE,UNINCORPORATED,2,0,8,1,3,D,1,1
61184,TULARE,UNINCORPORATED,7,0,9,1,3,D,0,1
61185,SAN BERNARDINO,FONTANA,3,0,8,0,3,D,0,1
61186,KERN,TAFT,6,0,9,1,3,D,0,1
61187,SONOMA,SANTA ROSA,1,0,12,1,3,D,0,1
61188,SONOMA,SANTA ROSA,5,0,9,1,3,D,0,1
61189,SONOMA,PETALUMA,5,0,1,1,3,D,0,1
61190,LOS ANGELES,POMONA,4,0,9,0,3,D,0,1
61191,LOS ANGELES,POMONA,6,0,8,1,3,D,0,0
61192,SAN BERNARDINO,BARSTOW,6,0,7,1,3,D,1,1
61193,STANISLAUS,MODESTO,2,0,1,1,3,D,0,0
61194,STANISLAUS,MODESTO,2,0,12,1,3,D,0,0
61195,STANISLAUS,MODESTO,1,0,12,1,3,D,0,0
61196,STANISLAUS,MODESTO,4,0,8,1,3,D,0,1
61197,SONOMA,SANTA ROSA,2,0,9,1,3,D,0,1
61198,SONOMA,SANTA ROSA,4,0,9,1,3,D,0,1
61199,SONOMA,SANTA ROSA,5,0,9,1,3,D,0,1
61200,SONOMA,SANTA ROSA,1,0,9,1,3,D,0,1
61201,SONOMA,SANTA ROSA,7,0,12,1,3,D,0,0
61202,SONOMA,SANTA ROSA,4,0,9,1,3,D,0,0
61203,SONOMA,SANTA ROSA,7,0,12,1,3,D,0,1
61204,VENTURA,UNINCORPORATED,6,1,1,1,3,D,0,0
61205,TUOLUMNE,UNINCORPORATED,4,0,9,0,3,D,0,1
61206,SONOMA,SANTA ROSA,1,0,9,0,3,D,0,1
61207,SONOMA,SANTA ROSA,6,1,12,0,3,D,0,1
61208,SONOMA,SANTA ROSA,5,0,12,1,3,D,0,1
61209,LOS ANGELES,POMONA,1,0,12,1,3,D,0,1
61210,LOS ANGELES,LONG BEACH,3,0,12,1,3,D,0,1
61211,LOS ANGELES,LONG BEACH,2,0,12,1,3,D,0,1
61212,LOS ANGELES,LONG BEACH,2,0,12,1,3,D,0,0
61213,ORANGE,SANTA ANA,5,0,9,0,3,D,0,1
61214,SANTA CRUZ,SANTA CRUZ,2,0,8,1,3,D,0,1
61215,ORANGE,HUNTINGTON BEACH,4,0,9,1,3,D,0,1
61216,ORANGE,HUNTINGTON BEACH,4,0,12,1,3,D,0,0
61217,ORANGE,HUNTINGTON BEACH,1,0,9,1,3,D,0,1
61218,LOS ANGELES,LA PUENTE,3,0,12,1,3,D,0,0
61219,SAN BERNARDINO,ONTARIO,4,0,9,1,2,D,0,1
61220,MERCED,MERCED,1,0,9,0,3,D,0,1
61221,SACRAMENTO,SACRAMENTO,1,0,9,0,4,D,0,1
61222,SACRAMENTO,SACRAMENTO,3,0,12,1,3,D,0,1
61223,VENTURA,CAMARILLO,3,0,9,1,3,D,0,1
61224,VENTURA,CAMARILLO,6,0,9,1,3,D,0,0
61225,ORANGE,HUNTINGTON BEACH,6,0,7,1,3,D,0,0
61226,SAN DIEGO,SAN DIEGO,5,0,12,1,3,D,0,1
61227,ORANGE,ANAHEIM,6,0,1,1,3,D,0,1
61228,CONTRA COSTA,UNINCORPORATED,2,0,1,1,3,D,0,1
61229,LOS ANGELES,ALHAMBRA,5,0,8,0,3,D,0,1
61230,CONTRA COSTA,RICHMOND,3,0,10,1,3,D,0,1
61231,SAN BERNARDINO,ONTARIO,2,0,12,0,2,D,0,1
61232,SAN BERNARDINO,ONTARIO,7,0,12,1,2,D,0,1
61233,SAN BERNARDINO,ONTARIO,4,0,9,1,2,D,0,0
61234,KERN,TAFT,3,0,8,1,2,D,1,1
61235,SONOMA,SANTA ROSA,1,0,9,1,2,D,0,1
61236,SONOMA,SANTA ROSA,5,0,9,1,2,D,0,1
61237,SONOMA,SANTA ROSA,3,0,12,1,2,D,0,1
61238,SONOMA,SANTA ROSA,2,0,8,1,2,D,0,0
61239,SONOMA,SANTA ROSA,4,0,9,1,2,D,0,1
61240,SONOMA,SANTA ROSA,3,0,9,1,2,D,0,0
61241,SAN BERNARDINO,YUCAIPA,7,0,9,1,3,D,0,0
61242,VENTURA,OXNARD,4,0,9,1,3,D,0,1
61243,RIVERSIDE,RIVERSIDE,4,0,9,1,2,D,0,1
61244,SACRAMENTO,GALT,7,0,3,1,2,D,0,0
61245,RIVERSIDE,RIVERSIDE,3,0,9,1,2,D,0,1
61246,ORANGE,GARDEN GROVE,5,0,10,1,2,D,0,0
61247,LOS ANGELES,LOS ANGELES,1,0,10,1,3,D,0,1
61248,LOS ANGELES,LOS ANGELES,6,0,9,1,3,D,0,1
61249,LOS ANGELES,LOS ANGELES,4,0,8,1,3,D,0,0
61250,LOS ANGELES,LOS ANGELES,1,0,12,0,3,D,0,1
61251,LOS ANGELES,WEST COVINA,6,0,9,1,2,D,0,1
61252,LOS ANGELES,LOS ANGELES,1,0,9,1,3,D,0,1
61253,VENTURA,SANTA PAULA,1,0,9,1,2,D,0,0
61254,LOS ANGELES,LOS ANGELES,6,0,12,1,3,D,0,0
61255,LOS ANGELES,LOS ANGELES,5,0,9,1,3,D,0,1
61256,VENTURA,SANTA PAULA,3,0,9,1,2,D,0,1
61257,LOS ANGELES,LOS ANGELES,1,0,8,1,3,D,0,1
61258,MERCED,ATWATER,1,0,9,1,3,D,0,1
61259,LOS ANGELES,LOS ANGELES,1,0,9,1,3,D,0,1
61260,MERCED,ATWATER,2,0,12,1,3,D,0,1
61261,ORANGE,TUSTIN,5,0,9,1,2,D,0,1
61262,LOS ANGELES,WEST COVINA,1,0,12,1,3,D,0,1
61263,SAN DIEGO,CARLSBAD,2,0,9,1,3,D,0,1
61264,LOS ANGELES,BURBANK,6,0,12,1,3,D,0,1
61265,ORANGE,SANTA ANA,7,0,1,1,3,D,0,0
61266,LOS ANGELES,WEST COVINA,5,0,12,1,3,D,0,0
61267,LOS ANGELES,BURBANK,1,0,9,1,3,D,0,0
61268,LOS ANGELES,WEST COVINA,5,0,9,1,3,D,0,1
61269,LOS ANGELES,WEST COVINA,6,0,12,1,3,D,0,0
61270,SAN DIEGO,CARLSBAD,3,0,12,1,3,D,0,1
61271,SAN DIEGO,CARLSBAD,3,0,9,1,3,D,0,1
61272,LOS ANGELES,GLENDALE,4,0,9,1,3,D,0,1
61273,SAN DIEGO,CARLSBAD,6,0,12,1,3,D,0,1
61274,SAN DIEGO,CARLSBAD,6,0,12,1,3,D,0,1
61275,LOS ANGELES,GLENDALE,1,0,9,1,3,D,0,1
61276,SAN DIEGO,CARLSBAD,7,0,12,1,3,D,0,1
61277,LOS ANGELES,WEST COVINA,5,0,8,1,3,D,0,1
61278,LOS ANGELES,BURBANK,7,0,9,1,3,D,0,1
61279,LOS ANGELES,BURBANK,3,0,9,1,3,D,0,1
61280,SANTA CLARA,SAN JOSE,3,0,9,1,3,D,0,1
61281,FRESNO,UNINCORPORATED,1,0,9,1,3,D,0,0
61282,LOS ANGELES,LOS ANGELES,3,0,9,0,3,D,0,1
61283,FRESNO,UNINCORPORATED,4,0,9,1,3,D,0,1
61284,LOS ANGELES,LOS ANGELES,5,0,1,1,3,D,0,0
61285,LOS ANGELES,LOS ANGELES,3,0,1,1,3,D,0,0
61286,SANTA CLARA,SUNNYVALE,7,0,12,1,3,D,0,1
61287,LOS ANGELES,LOS ANGELES,1,0,9,1,3,D,0,1
61288,LOS ANGELES,LOS ANGELES,4,0,12,1,3,D,0,1
61289,LOS ANGELES,LOS ANGELES,6,0,12,1,3,D,0,0
61290,LOS ANGELES,SAN GABRIEL,1,0,12,1,3,D,0,1
61291,SACRAMENTO,SACRAMENTO,6,0,8,1,3,D,0,1
61292,VENTURA,PORT HUENEME,2,0,9,1,3,D,0,1
61293,LOS ANGELES,LANCASTER,3,0,9,1,2,D,0,0
61294,LOS ANGELES,LYNWOOD,4,0,9,1,3,D,0,1
61295,KERN,BAKERSFIELD,5,0,12,1,3,D,0,1
61296,KERN,BAKERSFIELD,3,0,12,1,3,D,0,1
61297,KERN,BAKERSFIELD,4,0,9,1,3,D,0,1
61298,LOS ANGELES,LOS ANGELES,6,0,8,1,3,D,0,1
61299,LOS ANGELES,LANCASTER,7,0,9,1,3,D,0,1
61300,LAKE,UNINCORPORATED,2,0,9,1,3,D,0,1
61301,SAN BERNARDINO,ONTARIO,3,0,12,1,3,D,0,1
61302,LOS ANGELES,LOS ANGELES,4,0,9,1,3,D,0,1
61303,LOS ANGELES,LOS ANGELES,4,0,12,1,3,D,0,0
61304,LOS ANGELES,LOS ANGELES,4,0,3,1,3,D,0,0
61305,LOS ANGELES,LOS ANGELES,5,0,9,1,3,D,0,1
61306,LOS ANGELES,LOS ANGELES,6,0,12,1,3,D,0,1
61307,LOS ANGELES,LOS ANGELES,1,0,9,1,3,D,0,1
61308,LOS ANGELES,LOS ANGELES,2,0,9,1,3,D,0,1
61309,LOS ANGELES,LOS ANGELES,1,0,12,1,3,D,0,0
61310,LOS ANGELES,LOS ANGELES,2,0,9,0,3,D,0,1
61311,LOS ANGELES,LOS ANGELES,3,0,12,1,3,D,0,1
61312,LOS ANGELES,LOS ANGELES,5,0,9,1,3,D,0,1
61313,SAN BERNARDINO,ONTARIO,5,0,9,1,3,D,0,1
61314,LOS ANGELES,LOS ANGELES,1,0,3,1,3,D,0,0
61315,LOS ANGELES,LOS ANGELES,4,0,9,1,3,D,0,0
61316,SAN BERNARDINO,ONTARIO,3,0,12,1,3,D,0,1
61317,LOS ANGELES,LOS ANGELES,4,0,9,0,3,D,0,1
61318,LOS ANGELES,LOS ANGELES,2,0,9,1,3,D,0,1
61319,LOS ANGELES,LOS ANGELES,4,0,12,1,3,D,0,0
61320,LOS ANGELES,LOS ANGELES,6,0,9,1,3,D,0,1
61321,LOS ANGELES,LOS ANGELES,3,0,9,1,3,D,0,0
61322,LOS ANGELES,LOS ANGELES,1,0,9,1,3,D,0,0
61323,SAN BERNARDINO,ONTARIO,4,0,9,1,3,D,0,1
61324,LOS ANGELES,LOS ANGELES,6,0,9,1,3,D,0,1
61325,LOS ANGELES,LOS ANGELES,6,0,9,1,3,D,0,1
61326,LOS ANGELES,WESTLAKE VILLAGE,4,0,12,1,3,D,0,1
61327,LOS ANGELES,LOS ANGELES,5,0,9,1,3,D,0,1
61328,LOS ANGELES,LOS ANGELES,4,0,1,1,3,D,0,0
61329,LOS ANGELES,AGOURA HILLS,7,0,9,1,3,D,0,0
61330,LOS ANGELES,LOS ANGELES,6,0,12,1,3,D,0,0
61331,LOS ANGELES,LOS ANGELES,3,0,1,1,3,D,0,1
61332,LOS ANGELES,WESTLAKE VILLAGE,5,0,9,1,3,D,0,0
61333,LOS ANGELES,LOS ANGELES,5,0,9,1,3,D,0,1
61334,LOS ANGELES,LOS ANGELES,7,0,1,1,3,D,0,0
61335,LOS ANGELES,LOS ANGELES,3,0,9,1,3,D,0,0
61336,LOS ANGELES,LOS ANGELES,3,0,9,0,3,D,0,1
61337,LOS ANGELES,LOS ANGELES,5,0,12,1,3,D,0,1
61338,SAN BERNARDINO,ONTARIO,2,0,12,1,3,D,0,1
61339,LOS ANGELES,LOS ANGELES,2,0,3,1,3,D,0,1
61340,SAN BERNARDINO,ONTARIO,6,0,9,1,3,D,0,1
61341,LOS ANGELES,BALDWIN PARK,1,0,12,1,2,D,0,1
61342,LOS ANGELES,BALDWIN PARK,1,0,11,1,2,D,0,0
61343,LOS ANGELES,BALDWIN PARK,5,0,9,1,2,D,0,0
61344,SANTA CLARA,MOUNTAIN VIEW,6,0,9,1,2,D,0,1
61345,ORANGE,SANTA ANA,5,0,9,1,2,D,0,1
61346,LOS ANGELES,BALDWIN PARK,5,0,9,1,1,D,0,0
61347,LOS ANGELES,BALDWIN PARK,4,0,8,1,1,D,0,0
61348,SOLANO,VALLEJO,1,0,9,1,2,D,0,1
61349,LOS ANGELES,BALDWIN PARK,6,0,9,1,1,D,0,1
61350,EL DORADO,SOUTH LAKE TAHOE,2,0,12,1,1,D,0,1
61351,EL DORADO,SOUTH LAKE TAHOE,5,0,9,1,1,D,0,1
61352,IMPERIAL,BRAWLEY,4,0,9,1,1,D,0,1
61353,ORANGE,FULLERTON,7,0,9,1,2,D,0,0
61354,LOS ANGELES,INDUSTRY,1,0,9,1,2,D,0,0
61355,LOS ANGELES,ALHAMBRA,2,0,8,1,2,D,0,1
61356,LOS ANGELES,ALHAMBRA,4,0,12,1,2,D,0,1
61357,LOS ANGELES,ALHAMBRA,5,0,12,1,2,D,0,1
61358,SONOMA,SANTA ROSA,6,0,12,1,2,D,0,1
61359,SONOMA,SANTA ROSA,4,0,9,0,2,D,0,0
61360,SUTTER,YUBA CITY,1,0,9,1,3,D,0,1
61361,ORANGE,BREA,5,0,9,1,3,D,0,1
61362,ORANGE,BREA,7,0,9,1,3,D,0,0
61363,ORANGE,IRVINE,5,0,9,0,3,D,0,1
61364,ORANGE,COSTA MESA,3,0,9,1,4,D,0,1
61365,SACRAMENTO,SACRAMENTO,7,0,9,0,3,D,0,1
61366,SAN DIEGO,OCEANSIDE,1,0,12,0,4,D,0,1
61367,SOLANO,VACAVILLE,2,0,12,1,4,D,0,0
61368,LOS ANGELES,LOS ANGELES,3,0,9,1,3,D,0,1
61369,LOS ANGELES,LOS ANGELES,3,0,8,1,3,D,0,1
61370,LOS ANGELES,LOS ANGELES,7,0,12,1,3,D,0,1
61371,CONTRA COSTA,UNINCORPORATED,6,0,9,1,3,D,0,1
61372,LOS ANGELES,LONG BEACH,4,0,8,1,3,D,0,1
61373,ORANGE,FULLERTON,4,0,1,0,3,D,0,0
61374,ORANGE,FULLERTON,7,0,9,1,3,D,0,1
61375,LOS ANGELES,LOS ANGELES,5,0,9,0,3,D,0,1
61376,ORANGE,HUNTINGTON BEACH,5,0,9,0,3,D,0,1
61377,ORANGE,HUNTINGTON BEACH,3,0,9,1,3,D,0,1
61378,LOS ANGELES,LOS ANGELES,2,1,12,1,3,D,0,0
61379,ORANGE,HUNTINGTON BEACH,3,0,9,0,3,D,0,0
61380,ORANGE,HUNTINGTON BEACH,6,0,12,1,3,D,0,1
61381,LOS ANGELES,LOS ANGELES,5,0,9,0,3,D,0,1
61382,ORANGE,HUNTINGTON BEACH,1,0,8,1,3,D,1,0
61383,SUTTER,YUBA CITY,6,0,9,1,3,D,0,0
61384,ORANGE,IRVINE,6,0,12,1,3,D,0,0
61385,ORANGE,IRVINE,7,0,12,1,3,D,0,1
61386,LOS ANGELES,INDUSTRY,3,0,12,0,3,D,0,1
61387,SAN DIEGO,OCEANSIDE,7,0,9,1,3,D,0,1
61388,LOS ANGELES,LA PUENTE,7,0,3,1,6,D,0,0
61389,SAN DIEGO,OCEANSIDE,5,0,9,1,3,D,0,1
61390,SAN DIEGO,OCEANSIDE,6,0,9,1,3,D,0,1
61391,SAN BERNARDINO,VICTORVILLE,1,0,9,1,3,D,0,1
61392,ORANGE,IRVINE,5,0,9,1,3,D,0,1
61393,ORANGE,FULLERTON,2,0,9,0,3,D,0,1
61394,LOS ANGELES,LOS ANGELES,1,0,9,1,3,D,0,1
61395,ORANGE,HUNTINGTON BEACH,3,0,9,1,3,D,0,1
61396,ORANGE,IRVINE,4,0,9,1,3,D,0,1
61397,VENTURA,SIMI VALLEY,4,0,9,1,3,D,0,1
61398,LOS ANGELES,LOS ANGELES,3,0,9,1,4,D,0,1
61399,LOS ANGELES,LANCASTER,2,0,9,1,3,D,0,1
61400,LOS ANGELES,LOS ANGELES,6,0,9,1,4,D,0,1
61401,LOS ANGELES,LANCASTER,4,0,12,1,3,D,0,1
61402,SAN BERNARDINO,FONTANA,5,0,9,1,3,D,0,1
61403,LOS ANGELES,LANCASTER,2,0,9,1,3,D,0,1
61404,LOS ANGELES,LOS ANGELES,5,0,8,1,3,D,0,1
61405,LOS ANGELES,LOS ANGELES,3,0,9,1,3,D,0,1
61406,LOS ANGELES,BURBANK,5,0,12,1,4,D,0,1
61407,LOS ANGELES,LOS ANGELES,3,0,9,1,4,D,0,1
61408,LOS ANGELES,LOS ANGELES,5,0,9,1,3,D,0,1
61409,LOS ANGELES,LOS ANGELES,6,0,3,1,3,D,0,1
61410,LOS ANGELES,EL MONTE,1,0,9,1,3,D,0,1
61411,KERN,BAKERSFIELD,6,0,9,1,3,D,0,0
61412,LOS ANGELES,SAN GABRIEL,3,0,9,1,3,D,0,1
61413,HUMBOLDT,EUREKA,7,0,9,0,3,D,0,1
61414,VENTURA,MOORPARK,4,0,12,1,3,D,0,1
61415,LOS ANGELES,LOS ANGELES,4,0,8,1,3,D,0,1
61416,KERN,BAKERSFIELD,3,0,12,1,3,D,0,0
61417,LOS ANGELES,LOS ANGELES,6,0,12,1,3,D,0,0
61418,ORANGE,BUENA PARK,2,1,11,1,1,D,0,0
61419,SAN DIEGO,VISTA,5,0,1,1,3,D,0,1
61420,SAN DIEGO,VISTA,6,0,9,1,3,D,0,1
61421,LOS ANGELES,DOWNEY,2,0,9,1,3,D,0,1
61422,SAN DIEGO,VISTA,3,0,9,1,3,D,0,1
61423,LOS ANGELES,DOWNEY,5,0,9,1,3,D,0,1
61424,LOS ANGELES,DOWNEY,7,0,12,1,3,D,0,0
61425,LOS ANGELES,LOS ANGELES,5,0,3,1,3,D,0,1
61426,ORANGE,BUENA PARK,5,0,8,1,2,D,0,0
61427,MADERA,UNINCORPORATED,1,0,9,1,3,D,0,1
61428,RIVERSIDE,RIVERSIDE,3,0,12,1,4,D,0,1
61429,CONTRA COSTA,SAN RAMON,7,1,1,1,3,D,0,0
61430,INYO,UNINCORPORATED,1,0,12,1,4,D,0,1
61431,LOS ANGELES,LOS ANGELES,2,0,12,1,4,D,0,1
61432,LOS ANGELES,LOS ANGELES,7,0,12,1,3,D,0,1
61433,LOS ANGELES,LOS ANGELES,5,1,8,1,3,D,0,1
61434,LOS ANGELES,LOS ANGELES,3,0,9,1,3,D,0,0
61435,YOLO,WEST SACRAMENTO,7,0,8,0,3,D,0,1
61436,ORANGE,PLACENTIA,6,0,9,1,3,D,0,1
61437,ORANGE,PLACENTIA,6,0,12,1,3,D,1,1
61438,RIVERSIDE,INDIO,2,0,12,1,4,D,0,1
61439,ORANGE,BUENA PARK,5,0,9,1,2,D,0,0
61440,LOS ANGELES,LOS ANGELES,6,0,9,1,3,D,0,1
61441,ORANGE,SANTA ANA,6,0,12,1,4,D,0,0
61442,ORANGE,BUENA PARK,3,0,12,1,2,D,0,0
61443,KERN,BAKERSFIELD,6,0,8,1,3,D,0,1
61444,LOS ANGELES,LOS ANGELES,5,0,9,1,3,D,0,1
61445,HUMBOLDT,EUREKA,1,0,9,0,3,D,0,0
61446,LOS ANGELES,LOS ANGELES,4,0,9,1,3,D,0,1
61447,LOS ANGELES,LOS ANGELES,6,0,9,1,3,D,0,1
61448,SANTA CLARA,MILPITAS,4,0,9,1,3,D,0,0
61449,LOS ANGELES,LOS ANGELES,3,0,12,1,3,D,0,1
61450,LOS ANGELES,LOS ANGELES,4,0,9,0,3,D,0,0
61451,LOS ANGELES,LOS ANGELES,3,0,9,1,3,D,0,0
61452,RIVERSIDE,RIVERSIDE,2,0,12,1,3,D,0,1
61453,LOS ANGELES,LOS ANGELES,6,0,12,1,3,D,0,0
61454,LOS ANGELES,COMPTON,2,0,12,1,3,D,0,1
61455,LOS ANGELES,LOS ANGELES,6,0,9,0,3,D,0,1
61456,LOS ANGELES,LOS ANGELES,5,0,9,1,3,D,0,0
61457,LOS ANGELES,LOS ANGELES,5,0,9,1,3,D,0,1
61458,LOS ANGELES,LOS ANGELES,3,0,9,1,3,D,0,1
61459,LOS ANGELES,LOS ANGELES,3,0,9,1,3,D,0,1
61460,VENTURA,MOORPARK,4,0,9,1,3,D,0,1
61461,LOS ANGELES,LOS ANGELES,2,0,9,1,3,D,0,0
61462,LOS ANGELES,LOS ANGELES,5,0,12,1,3,D,0,1
61463,LOS ANGELES,LOS ANGELES,3,0,9,1,3,D,0,0
61464,VENTURA,MOORPARK,5,0,12,1,3,D,0,1
61465,LOS ANGELES,LOS ANGELES,6,0,9,1,3,D,0,0
61466,LOS ANGELES,LOS ANGELES,4,0,9,1,3,D,0,1
61467,KERN,BAKERSFIELD,1,0,8,1,3,D,0,1
61468,LOS ANGELES,COMPTON,6,0,12,1,3,D,0,1
61469,LOS ANGELES,COMPTON,6,0,9,1,3,D,0,1
61470,LOS ANGELES,LOS ANGELES,3,0,9,1,3,D,0,1
61471,LOS ANGELES,LYNWOOD,6,0,12,1,3,D,0,0
61472,STANISLAUS,MODESTO,2,0,9,1,3,D,0,1
61473,LOS ANGELES,LOS ANGELES,2,0,9,1,3,D,0,1
61474,STANISLAUS,MODESTO,3,0,12,1,3,D,0,0
61475,LOS ANGELES,LOS ANGELES,1,0,9,1,3,D,0,1