ID,County,City,Weekday,Severity,ViolCat,ClearWeather,Month,CrashType,Highway,Daylight
62268,SAN JOAQUIN,UNINCORPORATED,4,0,12,0,3,D,0,1
62269,SAN JOAQUIN,UNINCORPORATED,5,0,9,1,3,D,0,1
62270,SAN JOAQUIN,LODI,4,0,12,0,3,D,0,1
62271,SAN BERNARDINO,VICTORVILLE,5,0,8,1,3,D,1,0
62272,SAN BERNARDINO,HIGHLAND,4,0,9,1,3,D,0,1
62273,SAN DIEGO,SAN MARCOS,1,0,12,1,3,D,0,1
62274,SAN DIEGO,SAN DIEGO,5,0,8,0,3,D,1,1
62275,FRESNO,UNINCORPORATED,5,0,9,1,3,D,0,1
62276,ALAMEDA,ALAMEDA,5,0,8,1,3,D,1,1
62277,ALAMEDA,ALAMEDA,4,0,9,1,3,D,0,1
62278,SAN BERNARDINO,RANCHO CUCAMONGA,2,0,12,1,3,D,0,1
62279,SAN BERNARDINO,RANCHO CUCAMONGA,6,0,1,1,3,D,1,0
62280,ALAMEDA,ALAMEDA,1,0,9,1,3,D,0,1
62281,SAN DIEGO,LA MESA,1,0,3,1,3,D,0,1
62282,LAKE,UNINCORPORATED,6,0,9,1,3,D,0,1
62283,SAN DIEGO,LA MESA,5,0,12,0,3,D,0,1
62284,FRESNO,UNINCORPORATED,1,0,9,1,3,D,0,1
62285,BUTTE,UNINCORPORATED,3,0,9,0,3,D,0,1
62286,LOS ANGELES,LANCASTER,2,0,9,1,4,D,0,1
62287,SAN MATEO,UNINCORPORATED,3,0,9,1,4,D,1,1
62288,MERCED,UNINCORPORATED,3,0,9,1,4,D,0,1
62289,MERCED,UNINCORPORATED,4,1,8,0,4,D,1,1
62290,SAN MATEO,UNINCORPORATED,6,0,8,1,2,D,1,1
62291,MERCED,UNINCORPORATED,5,0,9,0,4,D,0,1
62292,MERCED,UNINCORPORATED,1,0,9,1,4,D,0,1
62293,RIVERSIDE,TEMECULA,2,0,9,1,4,D,0,1
62294,RIVERSIDE,TEMECULA,1,0,9,0,4,D,0,1
62295,FRESNO,UNINCORPORATED,4,0,9,1,4,D,0,1
62296,ORANGE,FULLERTON,5,0,3,1,4,D,1,0
62297,LOS ANGELES,LOS ANGELES,1,0,9,1,4,D,0,1
62298,LOS ANGELES,LOS ANGELES,7,0,3,1,4,D,0,1
62299,ORANGE,DANA POINT,1,0,9,1,4,D,0,1
62300,LOS ANGELES,COMMERCE,7,0,8,1,4,D,0,1
62301,LOS ANGELES,LOS ANGELES,5,0,9,1,4,D,0,1
62302,LOS ANGELES,MONTEREY PARK,6,0,9,1,4,D,0,0
62303,LOS ANGELES,LONG BEACH,1,0,9,1,4,D,0,0
62304,SAN BERNARDINO,HESPERIA,2,0,8,1,4,D,0,1
62305,ORANGE,ORANGE,7,0,9,1,3,D,0,1
62306,ORANGE,ORANGE,1,0,12,1,4,D,0,1
62307,MENDOCINO,UNINCORPORATED,5,0,9,1,4,D,0,1
62308,LOS ANGELES,BELLFLOWER,5,0,9,1,3,D,0,1
62309,LOS ANGELES,BELLFLOWER,4,0,1,1,4,D,0,1
62310,ORANGE,HUNTINGTON BEACH,7,0,12,0,4,D,0,1
62311,YOLO,WOODLAND,3,0,9,1,4,D,0,1
62312,SANTA CLARA,MORGAN HILL,4,0,8,0,4,D,0,1
62313,LOS ANGELES,LOS ANGELES,3,0,9,0,3,D,0,1
62314,LOS ANGELES,LOS ANGELES,7,0,9,0,3,D,0,0
62315,LOS ANGELES,LOS ANGELES,1,0,9,1,3,D,0,1
62316,LOS ANGELES,LOS ANGELES,2,0,9,1,3,D,0,1
62317,LOS ANGELES,HUNTINGTON PARK,1,0,9,1,2,D,0,1
62318,SAN DIEGO,EL CAJON,6,0,8,1,2,D,0,1
62319,LOS ANGELES,LOS ANGELES,3,0,9,1,3,D,0,0
62320,LOS ANGELES,LOS ANGELES,3,0,9,1,3,D,0,0
62321,LOS ANGELES,HAWTHORNE,6,0,9,1,3,D,0,1
62322,LOS ANGELES,LOS ANGELES,5,0,9,1,3,D,0,1
62323,MADERA,UNINCORPORATED,6,1,8,1,3,D,0,1
62324,LOS ANGELES,LOS ANGELES,1,0,9,1,3,D,0,1
62325,LOS ANGELES,LOS ANGELES,7,0,12,1,3,D,0,1
62326,LOS ANGELES,LOS ANGELES,5,0,9,1,3,D,0,1
62327,LOS ANGELES,NORWALK,7,0,12,1,3,D,0,0
62328,LOS ANGELES,NORWALK,1,0,9,1,3,D,0,1
62329,LOS ANGELES,LOS ANGELES,6,0,9,1,3,D,0,1
62330,LOS ANGELES,LOS ANGELES,2,0,12,1,3,D,0,1
62331,LOS ANGELES,LOS ANGELES,3,0,1,1,3,D,0,0
62332,LOS ANGELES,LOS ANGELES,5,1,9,1,3,D,0,1
62333,LOS ANGELES,LOS ANGELES,7,0,9,1,3,D,0,1
62334,LOS ANGELES,LOS ANGELES,7,0,9,0,3,D,0,1
62335,LOS ANGELES,LOS ANGELES,7,0,9,1,3,D,0,0
62336,LOS ANGELES,LOS ANGELES,2,0,9,1,3,D,0,1
62337,LOS ANGELES,LOS ANGELES,7,0,12,1,3,D,0,0
62338,LOS ANGELES,LOS ANGELES,3,0,12,1,3,D,0,1
62339,LOS ANGELES,LOS ANGELES,6,0,9,1,3,D,0,0
62340,LOS ANGELES,LOS ANGELES,2,0,1,1,3,D,0,0
62341,LOS ANGELES,LOS ANGELES,4,0,12,1,3,D,0,1
62342,LOS ANGELES,REDONDO BEACH,2,0,12,1,4,D,0,1
62343,SONOMA,ROHNERT PARK,5,0,8,0,3,D,0,1
62344,LOS ANGELES,LOS ANGELES,6,0,12,1,4,D,0,0
62345,LOS ANGELES,LOS ANGELES,2,0,12,1,4,D,0,1
62346,LOS ANGELES,LOS ANGELES,7,0,9,1,4,D,0,1
62347,LOS ANGELES,LOS ANGELES,7,0,9,1,4,D,0,1
62348,LOS ANGELES,LOS ANGELES,5,0,9,1,4,D,0,0
62349,LOS ANGELES,LOS ANGELES,5,0,9,1,4,D,0,1
62350,LOS ANGELES,LOS ANGELES,3,0,9,1,4,D,0,0
62351,LOS ANGELES,LOS ANGELES,2,1,9,1,4,D,0,0
62352,LOS ANGELES,LOS ANGELES,3,0,9,1,4,D,0,1
62353,LOS ANGELES,LOS ANGELES,5,0,8,1,4,D,0,1
62354,LOS ANGELES,LOS ANGELES,7,0,12,1,4,D,0,1
62355,LOS ANGELES,LOS ANGELES,5,0,9,1,4,D,0,1
62356,LOS ANGELES,LOS ANGELES,1,0,9,1,4,D,0,1
62357,LOS ANGELES,LOS ANGELES,5,0,12,1,4,D,0,0
62358,LOS ANGELES,LOS ANGELES,6,0,9,1,4,D,0,0
62359,LOS ANGELES,LOS ANGELES,1,0,9,1,4,D,0,1
62360,LOS ANGELES,LOS ANGELES,3,0,9,1,4,D,0,0
62361,LOS ANGELES,LOS ANGELES,3,0,8,1,4,D,0,1
62362,LOS ANGELES,LOS ANGELES,7,0,12,1,4,D,0,1
62363,LOS ANGELES,LOS ANGELES,5,0,7,1,4,D,0,1
62364,LOS ANGELES,LOS ANGELES,1,0,3,1,4,D,0,1
62365,LOS ANGELES,LOS ANGELES,5,0,9,1,4,D,0,0
62366,LOS ANGELES,LOS ANGELES,2,0,9,1,4,D,0,0
62367,LOS ANGELES,LOS ANGELES,3,0,9,1,4,D,0,0
62368,LOS ANGELES,LOS ANGELES,4,0,9,1,4,D,0,0
62369,LOS ANGELES,LOS ANGELES,5,0,9,1,4,D,0,1
62370,MONTEREY,UNINCORPORATED,5,0,9,1,4,D,0,1
62371,LOS ANGELES,LOS ANGELES,7,0,9,1,4,D,0,1
62372,LOS ANGELES,LOS ANGELES,1,0,9,1,4,D,0,1
62373,LOS ANGELES,LOS ANGELES,6,0,1,1,4,D,0,1
62374,LOS ANGELES,LOS ANGELES,1,0,8,1,4,D,0,1
62375,LOS ANGELES,LOS ANGELES,7,1,9,1,4,D,0,1
62376,MERCED,UNINCORPORATED,2,0,12,1,4,D,0,1
62377,LOS ANGELES,LOS ANGELES,4,0,12,1,4,D,0,1
62378,LOS ANGELES,HAWTHORNE,2,0,9,1,4,D,0,1
62379,CONTRA COSTA,WALNUT CREEK,3,0,9,1,4,D,0,1
62380,MONTEREY,UNINCORPORATED,3,0,8,1,4,D,1,1
62381,LOS ANGELES,LOS ANGELES,2,1,9,1,4,D,0,1
62382,LOS ANGELES,LOS ANGELES,2,0,9,1,4,D,0,1
62383,LOS ANGELES,LOS ANGELES,3,0,3,1,4,D,0,1
62384,LOS ANGELES,HUNTINGTON PARK,2,0,9,1,4,D,0,1
62385,LOS ANGELES,LOS ANGELES,4,0,12,1,4,D,0,1
62386,LOS ANGELES,LOS ANGELES,6,0,9,1,4,D,0,1
62387,RIVERSIDE,PERRIS,2,0,9,1,3,D,0,1
62388,VENTURA,SIMI VALLEY,4,1,8,1,3,D,0,1
62389,SANTA CLARA,SARATOGA,7,0,6,1,2,D,0,1
62390,TULARE,TULARE,2,0,9,1,3,D,0,1
62391,TULARE,TULARE,7,0,8,0,3,D,0,1
62392,SAN BERNARDINO,FONTANA,3,0,9,1,3,D,0,0
62393,LOS ANGELES,LOS ANGELES,7,0,12,1,3,D,0,0
62394,SANTA CLARA,CUPERTINO,2,0,12,1,3,D,0,1
62395,SANTA CLARA,CUPERTINO,7,0,12,1,3,D,0,1
62396,LOS ANGELES,LOS ANGELES,5,1,1,1,3,D,0,0
62397,LOS ANGELES,LOS ANGELES,7,0,12,1,3,D,0,0
62398,SANTA CLARA,CUPERTINO,2,0,9,1,3,D,0,0
62399,SAN LUIS OBISPO,SAN LUIS OBISPO,4,0,9,1,3,D,0,1
62400,SAN LUIS OBISPO,SAN LUIS OBISPO,2,0,9,1,3,D,0,0
62401,TULARE,TULARE,4,0,9,1,3,D,0,1
62402,ALAMEDA,SAN LEANDRO,5,0,9,1,3,D,1,1
62403,TULARE,TULARE,2,0,9,1,3,D,0,1
62404,CONTRA COSTA,SAN PABLO,5,0,1,1,3,D,0,0
62405,LOS ANGELES,LONG BEACH,7,0,9,1,3,D,0,1
62406,YOLO,WOODLAND,4,0,12,1,3,D,0,1
62407,ORANGE,MISSION VIEJO,5,0,12,1,3,D,0,1
62408,TULARE,TULARE,2,0,9,1,3,D,0,1
62409,SAN BERNARDINO,FONTANA,3,0,9,1,3,D,0,1
62410,TULARE,TULARE,2,0,9,1,3,D,0,1
62411,LOS ANGELES,SANTA CLARITA,2,0,9,1,3,D,0,1
62412,SAN BENITO,UNINCORPORATED,1,0,9,0,4,D,0,1
62413,LOS ANGELES,SANTA CLARITA,1,0,9,1,3,D,0,1
62414,SANTA CRUZ,UNINCORPORATED,4,0,9,0,3,D,0,1
62415,MARIN,UNINCORPORATED,4,0,8,0,4,D,0,1
62416,TUOLUMNE,SONORA,6,0,9,1,2,D,0,1
62417,SANTA CRUZ,UNINCORPORATED,6,0,9,1,3,D,0,1
62418,SACRAMENTO,SACRAMENTO,3,0,12,1,4,D,0,1
62419,SOLANO,FAIRFIELD,4,0,9,0,4,D,0,1
62420,MADERA,UNINCORPORATED,2,0,9,1,4,D,1,1
62421,TULARE,UNINCORPORATED,1,0,9,0,4,D,0,1
62422,KERN,BAKERSFIELD,3,0,12,1,4,D,0,1
62423,KERN,BAKERSFIELD,6,0,1,1,4,D,0,0
62424,TULARE,UNINCORPORATED,5,0,9,1,4,D,0,1
62425,FRESNO,UNINCORPORATED,4,0,3,1,4,D,1,1
62426,FRESNO,UNINCORPORATED,5,0,9,1,4,D,0,1
62427,SAN LUIS OBISPO,UNINCORPORATED,5,0,12,1,4,D,0,1
62428,LOS ANGELES,LONG BEACH,3,0,12,1,4,D,0,1
62429,RIVERSIDE,MORENO VALLEY,6,0,8,1,4,D,0,1
62430,ORANGE,LAGUNA BEACH,5,0,9,1,4,D,0,1
62431,SONOMA,PETALUMA,1,0,9,1,4,D,0,1
62432,SONOMA,PETALUMA,1,0,6,1,4,D,0,1
62433,SONOMA,PETALUMA,6,0,9,1,4,D,0,0
62434,SONOMA,PETALUMA,4,0,9,1,4,D,0,0
62435,ORANGE,SANTA ANA,4,0,9,1,4,D,0,0
62436,LOS ANGELES,SOUTH GATE,2,0,8,1,4,D,1,1
62437,ORANGE,GARDEN GROVE,2,0,9,1,4,D,0,1
62438,LOS ANGELES,POMONA,6,0,9,1,3,D,0,1
62439,LOS ANGELES,POMONA,5,1,12,0,4,D,0,1
62440,LOS ANGELES,POMONA,1,0,12,1,4,D,0,0
62441,SAN DIEGO,SAN DIEGO,7,0,9,1,6,D,0,1
62442,LOS ANGELES,LOS ANGELES,2,0,12,1,4,D,0,0
62443,ORANGE,ANAHEIM,5,0,9,1,4,D,0,1
62444,LOS ANGELES,LOS ANGELES,4,0,12,1,4,D,0,1
62445,MONTEREY,UNINCORPORATED,2,0,9,1,4,D,0,1
62446,MONTEREY,UNINCORPORATED,4,0,9,1,4,D,0,1
62447,ORANGE,HUNTINGTON BEACH,2,1,12,1,4,D,1,1
62448,SACRAMENTO,SACRAMENTO,5,0,9,1,4,D,0,1
62449,BUTTE,UNINCORPORATED,1,0,9,1,4,D,0,1
62450,ORANGE,BREA,2,0,12,1,4,D,0,1
62451,SAN LUIS OBISPO,PASO ROBLES,2,0,12,1,4,D,0,1
62452,VENTURA,VENTURA,4,0,3,0,4,D,1,0
62453,SANTA CRUZ,WATSONVILLE,6,0,12,1,4,D,0,0
62454,RIVERSIDE,BEAUMONT,2,0,8,1,4,D,0,1
62455,AMADOR,UNINCORPORATED,1,0,9,0,4,D,0,1
62456,RIVERSIDE,BEAUMONT,3,0,9,1,3,D,0,1
62457,KINGS,UNINCORPORATED,3,0,12,1,4,D,0,1
62458,SANTA CLARA,SAN JOSE,6,0,9,1,3,D,0,1
62459,LOS ANGELES,LOS ANGELES,7,0,12,1,3,D,0,1
62460,ALAMEDA,EMERYVILLE,1,0,8,0,4,D,0,0
62461,LOS ANGELES,PALMDALE,5,0,9,1,4,D,0,1
62462,SANTA CRUZ,SANTA CRUZ,7,0,9,1,4,D,0,1
62463,SACRAMENTO,SACRAMENTO,6,0,3,1,4,D,0,1
62464,MERCED,MERCED,2,0,9,1,4,D,0,1
62465,LOS ANGELES,TORRANCE,5,0,9,1,4,D,0,1
62466,LOS ANGELES,TORRANCE,5,0,9,1,4,D,0,1
62467,LOS ANGELES,TORRANCE,3,0,12,1,4,D,0,1
62468,LOS ANGELES,TORRANCE,1,0,9,1,4,D,0,1
62469,LOS ANGELES,WEST COVINA,2,0,9,0,4,D,0,1
62470,RIVERSIDE,LA QUINTA,1,0,12,1,4,D,0,1
62471,SAN BERNARDINO,ONTARIO,2,0,7,0,4,D,1,1
62472,BUTTE,GRIDLEY,5,0,9,1,4,D,0,1
62473,VENTURA,OXNARD,5,0,12,1,4,D,0,0
62474,VENTURA,OXNARD,5,0,9,1,4,D,0,1
62475,VENTURA,OXNARD,3,0,9,1,4,D,0,1
62476,RIVERSIDE,MORENO VALLEY,3,0,9,1,4,D,0,1
62477,LOS ANGELES,TORRANCE,4,0,9,1,4,D,0,1
62478,TUOLUMNE,UNINCORPORATED,1,0,9,0,4,D,0,1
62479,LOS ANGELES,TORRANCE,3,0,12,1,4,D,0,0
62480,KINGS,UNINCORPORATED,7,0,9,1,4,D,0,1
62481,LOS ANGELES,TORRANCE,1,0,12,1,4,D,0,1
62482,LOS ANGELES,TORRANCE,1,0,9,1,4,D,0,1
62483,KINGS,UNINCORPORATED,4,0,9,1,4,D,0,1
62484,LOS ANGELES,TORRANCE,2,0,9,1,4,D,0,1
62485,VENTURA,THOUSAND OAKS,7,0,12,0,4,D,0,1
62486,ORANGE,HUNTINGTON BEACH,2,0,9,1,4,D,0,1
62487,SANTA CLARA,SANTA CLARA,2,0,9,1,4,D,0,1
62488,ORANGE,ANAHEIM,4,0,9,1,4,D,0,1
62489,SANTA CLARA,SANTA CLARA,1,0,9,1,4,D,0,1
62490,SAN DIEGO,NATIONAL CITY,4,0,9,1,4,D,0,1
62491,ORANGE,FOUNTAIN VALLEY,1,1,9,1,4,D,0,0
62492,ORANGE,ANAHEIM,4,0,12,1,4,D,0,0
62493,ORANGE,FOUNTAIN VALLEY,3,0,9,1,4,D,0,1
62494,ORANGE,ANAHEIM,4,0,12,1,4,D,0,1
62495,ALAMEDA,FREMONT,1,1,1,1,4,D,0,1
62496,LOS ANGELES,HAWTHORNE,1,0,9,1,4,D,0,0
62497,CONTRA COSTA,PITTSBURG,3,0,12,1,4,D,0,1
62498,LOS ANGELES,HAWTHORNE,2,0,9,1,4,D,0,0
62499,LOS ANGELES,BURBANK,4,0,9,1,4,D,0,1
62500,SOLANO,FAIRFIELD,6,0,9,1,4,D,0,1
62501,ORANGE,SANTA ANA,4,0,9,1,4,D,0,1
62502,LOS ANGELES,LOS ANGELES,6,0,9,0,4,D,0,1
62503,YOLO,UNINCORPORATED,3,0,8,1,4,D,0,1
62504,LOS ANGELES,LOS ANGELES,2,0,12,1,4,D,0,1
62505,LOS ANGELES,LOS ANGELES,5,0,9,1,4,D,0,1
62506,LOS ANGELES,LOS ANGELES,1,0,9,1,4,D,0,1
62507,ALAMEDA,FREMONT,2,0,9,1,3,D,1,1
62508,ALAMEDA,FREMONT,1,0,12,1,3,D,0,1
62509,LOS ANGELES,LOS ANGELES,2,0,9,1,4,D,0,1
62510,SANTA CLARA,SANTA CLARA,5,0,12,1,3,D,0,1
62511,SAN BERNARDINO,CHINO HILLS,7,0,12,1,3,D,0,1
62512,MERCED,MERCED,6,0,9,1,3,D,0,1
62513,SAN DIEGO,OCEANSIDE,3,0,3,1,3,D,0,1
62514,SACRAMENTO,SACRAMENTO,6,0,8,1,3,D,0,1
62515,SACRAMENTO,RANCHO CORDOVA,2,0,12,1,3,D,0,0
62516,LOS ANGELES,TORRANCE,3,0,9,1,3,D,0,1
62517,SACRAMENTO,RANCHO CORDOVA,4,0,9,1,3,D,0,1
62518,SACRAMENTO,RANCHO CORDOVA,6,0,12,1,3,D,0,1
62519,ALAMEDA,FREMONT,7,0,12,1,3,D,0,1
62520,LOS ANGELES,LOS ANGELES,4,0,9,1,4,D,0,1
62521,LOS ANGELES,LOS ANGELES,4,1,9,1,4,D,0,1
62522,SAN DIEGO,EL CAJON,1,0,12,0,4,D,0,1
62523,LOS ANGELES,COMPTON,3,0,9,1,4,D,0,1
62524,SAN MATEO,SOUTH SAN FRANCISCO,6,0,9,1,3,D,0,1
62525,KERN,UNINCORPORATED,2,0,8,1,3,D,1,1
62526,LOS ANGELES,LOS ANGELES,5,0,10,1,4,D,0,0
62527,LOS ANGELES,LOS ANGELES,5,0,8,1,4,D,0,1
62528,LOS ANGELES,LOS ANGELES,5,0,9,1,4,D,0,1
62529,LOS ANGELES,LOS ANGELES,3,0,8,1,4,D,0,0
62530,LOS ANGELES,LOS ANGELES,4,0,9,1,4,D,0,1
62531,LOS ANGELES,LOS ANGELES,7,0,9,1,4,D,0,1
62532,LOS ANGELES,LOS ANGELES,6,0,12,0,4,D,0,1
62533,LOS ANGELES,LOS ANGELES,2,0,9,1,4,D,0,0
62534,SAN DIEGO,ESCONDIDO,1,0,3,0,4,D,1,0
62535,LOS ANGELES,LOS ANGELES,4,0,9,1,4,D,0,1
62536,LOS ANGELES,LOS ANGELES,4,1,12,1,4,D,0,1
62537,LOS ANGELES,LOS ANGELES,6,0,9,1,4,D,0,1
62538,LOS ANGELES,LOS ANGELES,6,0,9,1,4,D,0,0
62539,LOS ANGELES,LOS ANGELES,4,0,12,1,4,D,0,1
62540,LOS ANGELES,LOS ANGELES,5,0,9,1,4,D,0,1
62541,LOS ANGELES,LOS ANGELES,7,0,9,1,4,D,0,0
62542,LOS ANGELES,LOS ANGELES,5,0,9,1,4,D,0,0
62543,LOS ANGELES,LOS ANGELES,6,0,9,1,4,D,0,1
62544,FRESNO,UNINCORPORATED,2,0,12,1,4,D,0,1
62545,LOS ANGELES,LOS ANGELES,6,0,9,1,4,D,0,1
62546,LOS ANGELES,LOS ANGELES,7,0,9,0,4,D,0,1
62547,LOS ANGELES,LOS ANGELES,4,0,9,1,4,D,0,1
62548,LOS ANGELES,LOS ANGELES,3,0,9,1,4,D,0,0
62549,LOS ANGELES,LOS ANGELES,5,0,9,1,4,D,0,1
62550,LOS ANGELES,LOS ANGELES,3,0,9,1,4,D,0,1
62551,SOLANO,VACAVILLE,2,1,8,0,4,D,0,1
62552,SOLANO,VACAVILLE,5,0,9,1,4,D,0,1
62553,SOLANO,VACAVILLE,4,0,9,1,4,D,0,1
62554,LOS ANGELES,LOS ANGELES,1,0,9,0,4,D,0,1
62555,LOS ANGELES,LOS ANGELES,6,0,9,0,4,D,0,0
62556,LOS ANGELES,LOS ANGELES,7,0,9,1,4,D,0,1
62557,LOS ANGELES,LOS ANGELES,5,0,8,1,4,D,0,1
62558,LOS ANGELES,LOS ANGELES,1,0,9,0,4,D,0,1
62559,LOS ANGELES,LOS ANGELES,6,0,9,1,4,D,0,0
62560,SAN DIEGO,SAN DIEGO,1,0,12,0,4,D,0,1
62561,LOS ANGELES,HAWTHORNE,4,0,12,1,4,D,0,1
62562,LOS ANGELES,LOS ANGELES,7,0,3,0,3,D,0,1
62563,LOS ANGELES,SAN GABRIEL,4,0,9,1,4,D,0,1
62564,ALAMEDA,OAKLAND,1,0,8,1,3,D,0,1
62565,LOS ANGELES,LOS ANGELES,5,0,12,1,4,D,0,1
62566,ALAMEDA,OAKLAND,1,0,12,1,3,D,0,1
62567,LOS ANGELES,LOS ANGELES,6,0,9,1,4,D,0,0
62568,LOS ANGELES,LOS ANGELES,3,0,12,0,3,D,0,1
62569,LOS ANGELES,SAN GABRIEL,6,0,9,1,4,D,0,1
62570,LOS ANGELES,LOS ANGELES,7,0,10,1,3,D,0,1
62571,LOS ANGELES,LOS ANGELES,5,0,9,1,4,D,0,1
62572,SAN DIEGO,SAN DIEGO,2,0,12,1,4,D,0,1
62573,LOS ANGELES,LOS ANGELES,5,0,9,1,3,D,0,1
62574,LOS ANGELES,SAN GABRIEL,3,1,8,1,4,D,0,1
62575,LOS ANGELES,LOS ANGELES,7,0,3,1,3,D,0,0
62576,SAN BERNARDINO,FONTANA,2,0,1,1,4,D,0,1
62577,LOS ANGELES,LOS ANGELES,3,0,9,1,3,D,0,0
62578,SAN DIEGO,SAN DIEGO,3,0,12,1,4,D,0,1
62579,LOS ANGELES,LONG BEACH,7,0,8,1,3,D,0,1
62580,LOS ANGELES,LOS ANGELES,2,0,8,1,3,D,0,1
62581,LOS ANGELES,LOS ANGELES,7,0,12,1,3,D,0,0
62582,SAN DIEGO,ESCONDIDO,2,0,9,1,4,D,0,1
62583,TULARE,UNINCORPORATED,6,0,9,0,4,D,0,1
62584,TUOLUMNE,UNINCORPORATED,3,1,8,1,4,D,1,1
62585,MERCED,MERCED,3,0,9,1,4,D,0,0
62586,ALAMEDA,BERKELEY,7,0,9,1,3,D,0,1
62587,SAN MATEO,REDWOOD CITY,4,0,8,1,4,D,0,1
62588,SAN MATEO,REDWOOD CITY,4,0,9,1,4,D,0,1
62589,KERN,UNINCORPORATED,2,0,12,1,4,D,0,1
62590,KERN,UNINCORPORATED,1,0,12,1,4,D,0,1
62591,RIVERSIDE,COACHELLA,2,0,12,1,4,D,0,0
62592,ORANGE,ANAHEIM,1,0,1,0,4,D,0,0
62593,SACRAMENTO,SACRAMENTO,7,0,1,1,4,D,0,0
62594,SACRAMENTO,SACRAMENTO,7,0,12,1,4,D,0,0
62595,SACRAMENTO,SACRAMENTO,5,0,9,1,4,D,0,1
62596,MERCED,MERCED,1,0,12,1,4,D,0,1
62597,KERN,UNINCORPORATED,1,0,9,1,4,D,1,1
62598,KERN,UNINCORPORATED,1,0,9,1,4,D,0,1
62599,MERCED,MERCED,2,1,9,1,4,D,0,1
62600,MERCED,MERCED,3,0,9,1,4,D,0,1
62601,SACRAMENTO,RANCHO CORDOVA,5,0,9,1,2,D,0,0
62602,LOS ANGELES,CERRITOS,3,0,12,1,2,D,0,1
62603,ORANGE,HUNTINGTON BEACH,6,0,12,1,2,D,0,1
62604,LOS ANGELES,LOS ANGELES,2,0,9,1,3,D,0,0
62605,LOS ANGELES,LOS ANGELES,1,0,9,1,3,D,0,1
62606,SAN DIEGO,SAN MARCOS,4,0,12,1,2,D,0,1
62607,LOS ANGELES,LOS ANGELES,4,0,3,1,3,D,0,1
62608,SAN DIEGO,SAN MARCOS,5,0,1,1,2,D,0,0
62609,LOS ANGELES,LOS ANGELES,3,0,9,1,3,D,0,1
62610,LOS ANGELES,LOS ANGELES,5,0,9,1,3,D,0,1
62611,SOLANO,VALLEJO,6,0,9,1,3,D,0,1
62612,LOS ANGELES,LOS ANGELES,7,0,9,1,3,D,0,1
62613,LOS ANGELES,LOS ANGELES,6,0,9,1,3,D,0,1
62614,LOS ANGELES,COMMERCE,5,0,9,1,3,D,0,0
62615,LOS ANGELES,LOS ANGELES,5,0,9,1,3,D,0,0
62616,LOS ANGELES,LOS ANGELES,7,0,6,0,3,D,0,1
62617,SACRAMENTO,RANCHO CORDOVA,6,0,12,1,3,D,0,1
62618,SACRAMENTO,SACRAMENTO,5,0,9,1,4,D,0,1
62619,SACRAMENTO,SACRAMENTO,5,0,9,1,4,D,0,1
62620,LOS ANGELES,AZUSA,3,0,12,0,4,D,0,1
62621,SACRAMENTO,SACRAMENTO,4,1,12,1,4,D,0,1
62622,SAN LUIS OBISPO,UNINCORPORATED,6,0,9,1,4,D,0,0
62623,SUTTER,YUBA CITY,2,0,8,1,4,D,0,1
62624,VENTURA,UNINCORPORATED,5,0,9,0,4,D,1,1
62625,SOLANO,FAIRFIELD,1,0,9,1,4,D,0,1
62626,SUTTER,YUBA CITY,1,0,9,1,4,D,0,1
62627,SACRAMENTO,SACRAMENTO,2,0,12,1,4,D,0,1
62628,LOS ANGELES,POMONA,5,0,3,0,4,D,1,0
62629,LOS ANGELES,WEST COVINA,1,0,3,0,4,D,1,1
62630,LOS ANGELES,POMONA,5,0,7,1,4,D,0,1
62631,LOS ANGELES,LONG BEACH,5,0,9,1,4,D,0,1
62632,RIVERSIDE,PALM SPRINGS,2,0,9,1,4,D,0,1
62633,RIVERSIDE,RIVERSIDE,5,0,9,1,4,D,0,1
62634,LOS ANGELES,SAN DIMAS,2,0,7,1,4,D,1,1
62635,LOS ANGELES,LOS ANGELES,3,0,9,1,4,D,0,1
62636,LOS ANGELES,LOS ANGELES,4,0,9,1,4,D,0,1
62637,LOS ANGELES,LOS ANGELES,5,0,9,1,4,D,0,1
62638,LOS ANGELES,LOS ANGELES,4,0,9,1,4,D,0,0
62639,LOS ANGELES,LOS ANGELES,5,0,9,1,4,D,0,1
62640,RIVERSIDE,HEMET,3,0,12,1,4,D,0,1
62641,SONOMA,UNINCORPORATED,3,0,3,1,4,D,0,1
62642,EL DORADO,UNINCORPORATED,2,1,1,1,4,D,0,1
62643,LOS ANGELES,LOS ANGELES,5,0,3,1,4,D,0,1
62644,LOS ANGELES,LOS ANGELES,3,0,12,1,4,D,0,1
62645,LOS ANGELES,LOS ANGELES,7,0,9,0,4,D,0,1
62646,LOS ANGELES,LOS ANGELES,4,0,12,1,4,D,0,1
62647,LOS ANGELES,LOS ANGELES,2,0,9,1,4,D,0,1
62648,LOS ANGELES,PASADENA,2,0,12,0,4,D,0,0
62649,LOS ANGELES,PASADENA,2,0,12,1,4,D,0,1
62650,LOS ANGELES,PASADENA,3,0,8,1,4,D,0,1
62651,VENTURA,OXNARD,3,1,9,1,4,D,0,1
62652,VENTURA,OXNARD,4,0,9,1,4,D,0,1
62653,VENTURA,OXNARD,4,0,9,1,4,D,0,1