ID,County,City,Weekday,Severity,ViolCat,ClearWeather,Month,CrashType,Highway,Daylight
63836,LOS ANGELES,SAN MARINO,3,0,9,1,4,D,0,1
63837,MERCED,MERCED,3,0,9,1,4,D,0,1
63838,LOS ANGELES,SAN MARINO,1,0,12,0,4,D,0,1
63839,SAN JOAQUIN,LODI,3,0,12,1,4,D,0,1
63840,SAN JOAQUIN,LODI,5,0,12,1,4,D,0,1
63841,LOS ANGELES,SAN MARINO,5,0,8,1,4,D,0,1
63842,SAN JOAQUIN,LODI,1,0,12,1,4,D,0,1
63843,IMPERIAL,EL CENTRO,2,0,9,1,4,D,0,1
63844,LOS ANGELES,GLENDALE,1,0,9,1,4,D,0,1
63845,SAN JOAQUIN,LODI,7,0,9,0,4,D,0,1
63846,LOS ANGELES,GLENDALE,6,1,12,1,4,D,0,1
63847,LOS ANGELES,GLENDALE,4,0,12,1,4,D,0,1
63848,SAN DIEGO,VISTA,7,0,9,1,4,D,0,1
63849,SAN JOAQUIN,LODI,1,0,8,1,4,D,0,1
63850,LOS ANGELES,REDONDO BEACH,2,0,9,1,4,D,0,1
63851,SAN JOAQUIN,LODI,4,0,9,0,4,D,0,1
63852,LOS ANGELES,LOS ANGELES,5,0,12,1,4,D,0,0
63853,SONOMA,SANTA ROSA,4,0,12,1,4,D,0,1
63854,LOS ANGELES,LOS ANGELES,1,0,9,1,4,D,0,1
63855,LOS ANGELES,LOS ANGELES,3,0,9,1,4,D,0,1
63856,LOS ANGELES,LOS ANGELES,5,0,9,1,4,D,0,0
63857,LOS ANGELES,LOS ANGELES,6,0,1,1,4,D,0,0
63858,SANTA CRUZ,UNINCORPORATED,5,0,9,1,4,D,0,1
63859,RIVERSIDE,RIVERSIDE,7,0,12,1,4,D,0,0
63860,ORANGE,SEAL BEACH,6,0,12,1,4,D,0,1
63861,SANTA CRUZ,UNINCORPORATED,5,0,9,1,4,D,0,1
63862,ORANGE,SEAL BEACH,4,0,9,1,4,D,0,1
63863,LOS ANGELES,LONG BEACH,5,0,3,1,4,D,0,1
63864,ORANGE,SEAL BEACH,4,0,8,1,4,D,0,1
63865,LOS ANGELES,LOS ANGELES,5,0,7,1,4,D,1,0
63866,LOS ANGELES,LONG BEACH,4,0,8,1,4,D,0,1
63867,SANTA CRUZ,UNINCORPORATED,4,0,8,1,4,D,0,1
63868,LOS ANGELES,LONG BEACH,6,0,12,1,4,D,0,0
63869,LOS ANGELES,BURBANK,5,0,9,1,4,D,0,1
63870,LOS ANGELES,LOS ANGELES,7,0,9,0,3,D,0,1
63871,LOS ANGELES,LONG BEACH,6,0,9,1,4,D,0,1
63872,LOS ANGELES,LOS ANGELES,7,0,9,0,3,D,0,1
63873,LOS ANGELES,SOUTH PASADENA,6,0,12,1,3,D,0,1
63874,SAN DIEGO,IMPERIAL BEACH,4,0,9,0,3,D,0,1
63875,SAN BERNARDINO,ONTARIO,2,0,9,1,4,D,0,1
63876,SAN BERNARDINO,ONTARIO,2,0,12,1,4,D,0,1
63877,LOS ANGELES,LOS ANGELES,1,0,12,1,3,D,0,1
63878,SAN BERNARDINO,ONTARIO,3,0,9,1,4,D,0,1
63879,LOS ANGELES,LOS ANGELES,4,0,8,1,3,D,0,1
63880,LOS ANGELES,DOWNEY,3,0,9,1,4,D,0,1
63881,SANTA CLARA,GILROY,5,0,9,1,3,D,0,1
63882,LOS ANGELES,LOS ANGELES,5,0,9,1,3,D,0,1
63883,LOS ANGELES,DOWNEY,2,0,9,1,4,D,0,1
63884,LOS ANGELES,LOS ANGELES,6,0,9,1,3,D,0,1
63885,LOS ANGELES,LOS ANGELES,5,0,12,1,3,D,0,1
63886,LOS ANGELES,LOS ANGELES,7,0,9,1,3,D,0,1
63887,LOS ANGELES,SAN FERNANDO,6,0,12,1,4,D,0,1
63888,LOS ANGELES,DOWNEY,7,0,9,1,4,D,0,1
63889,SAN BERNARDINO,UPLAND,6,0,1,1,3,D,1,0
63890,LOS ANGELES,DOWNEY,1,0,12,1,4,D,0,0
63891,LOS ANGELES,LOS ANGELES,7,0,9,1,3,D,0,1
63892,LOS ANGELES,DOWNEY,6,0,9,1,4,D,0,1
63893,LOS ANGELES,LOS ANGELES,4,0,9,1,3,D,0,1
63894,LOS ANGELES,LOS ANGELES,5,0,9,1,3,D,0,1
63895,LOS ANGELES,LOS ANGELES,4,0,9,1,3,D,0,1
63896,LOS ANGELES,LOS ANGELES,7,0,12,0,3,D,0,0
63897,LOS ANGELES,LOS ANGELES,4,0,9,1,3,D,0,1
63898,LOS ANGELES,LOS ANGELES,4,0,9,1,3,D,0,1
63899,ALAMEDA,OAKLAND,6,1,3,1,3,D,1,0
63900,SAN DIEGO,SAN MARCOS,3,0,1,1,4,D,0,0
63901,LOS ANGELES,LOS ANGELES,5,0,12,0,3,D,0,1
63902,ALAMEDA,OAKLAND,7,1,7,1,3,D,1,1
63903,SAN DIEGO,SAN MARCOS,1,0,12,1,4,D,0,1
63904,LOS ANGELES,LOS ANGELES,3,0,12,0,3,D,0,1
63905,LOS ANGELES,LOS ANGELES,6,0,9,1,3,D,0,1
63906,LOS ANGELES,VERNON,3,0,9,1,3,D,0,1
63907,LOS ANGELES,VERNON,5,0,9,0,3,D,0,1
63908,LOS ANGELES,LOS ANGELES,3,0,9,0,3,D,0,1
63909,ORANGE,GARDEN GROVE,3,0,12,1,5,D,0,1
63910,TULARE,VISALIA,1,0,1,1,4,D,0,1
63911,ORANGE,ORANGE,5,0,9,1,4,D,0,1
63912,ORANGE,ORANGE,1,0,12,1,4,D,0,1
63913,LOS ANGELES,INDUSTRY,1,0,12,1,4,D,0,1
63914,ORANGE,ORANGE,7,0,9,1,4,D,0,0
63915,ORANGE,DANA POINT,3,0,12,1,4,D,0,1
63916,RIVERSIDE,TEMECULA,5,0,9,1,4,D,0,1
63917,ORANGE,GARDEN GROVE,6,0,9,1,4,D,0,0
63918,TULARE,VISALIA,4,0,9,1,4,D,0,1
63919,TULARE,VISALIA,5,0,9,1,4,D,0,1
63920,ORANGE,GARDEN GROVE,2,0,9,1,4,D,0,0
63921,TULARE,VISALIA,1,0,9,1,4,D,0,1
63922,ORANGE,ORANGE,6,0,9,1,4,D,0,1
63923,LOS ANGELES,WHITTIER,2,0,7,1,4,D,0,1
63924,LOS ANGELES,WHITTIER,4,0,1,1,4,D,0,1
63925,SACRAMENTO,ELK GROVE,2,0,8,1,4,D,0,1
63926,SACRAMENTO,ELK GROVE,7,0,9,1,4,D,0,1
63927,ORANGE,ORANGE,6,0,9,1,4,D,0,1
63928,TULARE,VISALIA,2,0,9,1,4,D,0,1
63929,TULARE,VISALIA,3,0,12,1,4,D,0,1
63930,TULARE,VISALIA,3,0,1,1,4,D,0,0
63931,LOS ANGELES,BELL,5,0,3,1,4,D,1,0
63932,SAN MATEO,BELMONT,3,0,9,1,4,D,0,1
63933,LOS ANGELES,SANTA MONICA,2,0,8,1,4,D,0,1
63934,RIVERSIDE,RIVERSIDE,1,0,12,1,4,D,0,1
63935,LOS ANGELES,SANTA MONICA,6,0,12,1,4,D,0,0
63936,LOS ANGELES,HUNTINGTON PARK,2,0,9,1,4,D,0,1
63937,RIVERSIDE,RIVERSIDE,7,0,12,0,4,D,0,1
63938,RIVERSIDE,RIVERSIDE,4,0,9,1,4,D,0,1
63939,RIVERSIDE,RIVERSIDE,6,0,12,1,4,D,0,1
63940,LOS ANGELES,DIAMOND BAR,3,0,12,1,4,D,0,1
63941,LOS ANGELES,SANTA MONICA,2,0,9,1,4,D,0,1
63942,LOS ANGELES,SANTA MONICA,4,0,9,1,4,D,0,1
63943,LOS ANGELES,SANTA MONICA,4,0,3,1,4,D,0,1
63944,ALAMEDA,OAKLAND,7,0,9,1,4,D,0,1
63945,ALAMEDA,OAKLAND,2,0,9,1,4,D,0,0
63946,ALAMEDA,OAKLAND,2,0,9,1,4,D,0,1
63947,KERN,UNINCORPORATED,4,0,9,1,4,D,0,1
63948,LOS ANGELES,SANTA MONICA,3,0,12,1,4,D,0,1
63949,SANTA CLARA,PALO ALTO,3,0,9,1,4,D,0,1
63950,SANTA CLARA,PALO ALTO,2,0,8,1,4,D,1,1
63951,LOS ANGELES,LOS ANGELES,2,0,9,1,4,D,0,1
63952,LOS ANGELES,LOS ANGELES,1,0,9,0,4,D,0,1
63953,LOS ANGELES,LOS ANGELES,3,0,9,1,4,D,0,0
63954,LOS ANGELES,LOS ANGELES,3,0,8,1,4,D,0,1
63955,ORANGE,GARDEN GROVE,7,0,12,1,4,D,0,1
63956,MENDOCINO,FORT BRAGG,4,0,12,1,4,D,0,1
63957,RIVERSIDE,RIVERSIDE,3,0,12,1,4,D,0,1
63958,LOS ANGELES,HUNTINGTON PARK,2,0,12,1,4,D,0,1
63959,LOS ANGELES,HUNTINGTON PARK,2,0,11,1,4,D,0,1
63960,LOS ANGELES,HUNTINGTON PARK,4,0,12,1,4,D,0,1
63961,NAPA,NAPA,4,0,9,1,4,D,0,1
63962,MADERA,UNINCORPORATED,5,0,9,1,4,D,0,1
63963,ORANGE,GARDEN GROVE,7,0,9,0,4,D,0,1
63964,ORANGE,GARDEN GROVE,7,0,8,0,4,D,0,1
63965,ORANGE,GARDEN GROVE,3,1,12,1,4,D,0,0
63966,ORANGE,SANTA ANA,6,0,9,0,4,D,0,1
63967,ORANGE,SANTA ANA,4,0,9,1,4,D,0,1
63968,ORANGE,SANTA ANA,5,1,10,1,4,D,0,1
63969,ORANGE,SANTA ANA,2,0,12,1,4,D,0,1
63970,LOS ANGELES,LOS ANGELES,6,0,1,0,4,D,0,1
63971,LOS ANGELES,LOS ANGELES,4,0,1,1,4,D,0,0
63972,LOS ANGELES,LOS ANGELES,2,0,9,0,4,D,0,0
63973,LOS ANGELES,LOS ANGELES,6,0,8,1,4,D,0,0
63974,LOS ANGELES,LOS ANGELES,4,0,9,1,4,D,0,1
63975,LOS ANGELES,POMONA,3,0,9,1,4,D,0,1
63976,LOS ANGELES,POMONA,5,0,9,1,4,D,0,1
63977,ORANGE,GARDEN GROVE,1,0,9,0,4,D,0,1
63978,ORANGE,GARDEN GROVE,4,0,9,1,4,D,0,1
63979,ORANGE,GARDEN GROVE,4,0,9,1,4,D,0,1
63980,IMPERIAL,EL CENTRO,4,0,12,1,4,D,0,1
63981,SAN BERNARDINO,CHINO HILLS,3,0,12,1,4,D,0,1
63982,LOS ANGELES,LONG BEACH,7,0,12,1,4,D,0,0
63983,LOS ANGELES,LONG BEACH,5,0,12,1,4,D,0,0
63984,LOS ANGELES,LONG BEACH,1,0,9,1,4,D,0,1
63985,SANTA CLARA,CUPERTINO,4,0,12,1,4,D,0,1
63986,IMPERIAL,EL CENTRO,1,0,8,1,4,D,0,0
63987,CONTRA COSTA,DANVILLE,3,0,8,1,4,D,1,1
63988,SAN DIEGO,VISTA,3,0,9,1,4,D,0,1
63989,SAN DIEGO,VISTA,2,0,9,1,4,D,0,1
63990,LOS ANGELES,SANTA MONICA,4,0,9,1,4,D,0,0
63991,SANTA CLARA,PALO ALTO,3,0,12,1,4,D,0,0
63992,ORANGE,COSTA MESA,6,0,8,1,4,D,0,1
63993,SACRAMENTO,SACRAMENTO,7,0,1,1,4,D,0,1
63994,RIVERSIDE,BEAUMONT,5,0,8,1,4,D,0,1
63995,SAN DIEGO,SAN DIEGO,7,0,8,1,4,D,0,1
63996,LOS ANGELES,LOS ANGELES,2,0,7,1,4,D,0,1
63997,LOS ANGELES,LOS ANGELES,2,1,8,1,4,D,0,0
63998,LOS ANGELES,LOS ANGELES,6,0,12,1,4,D,0,0
63999,SANTA CLARA,SAN JOSE,2,0,12,1,4,D,0,1
64000,SANTA CLARA,SAN JOSE,4,0,8,1,4,D,0,1
64001,STANISLAUS,UNINCORPORATED,1,0,12,1,4,D,0,0
64002,SANTA CLARA,SAN JOSE,3,0,12,1,4,D,0,1
64003,SANTA CLARA,SAN JOSE,3,0,9,1,4,D,0,1
64004,SANTA CLARA,SAN JOSE,2,0,9,1,4,D,0,1
64005,SANTA CLARA,SAN JOSE,3,0,8,1,4,D,0,1
64006,SANTA CLARA,SAN JOSE,3,0,12,1,4,D,0,0
64007,STANISLAUS,MODESTO,4,0,9,1,4,D,0,0
64008,SANTA CLARA,SAN JOSE,7,0,12,1,4,D,0,1
64009,SANTA CLARA,SAN JOSE,6,0,12,1,4,D,0,1
64010,SANTA CLARA,SAN JOSE,7,0,12,1,4,D,0,1
64011,SANTA CLARA,SAN JOSE,6,0,12,1,4,D,0,1
64012,SANTA CLARA,SAN JOSE,6,0,8,1,4,D,0,1
64013,SANTA CLARA,SAN JOSE,3,0,9,1,4,D,0,1
64014,STANISLAUS,MODESTO,2,0,9,1,4,D,0,1
64015,SANTA CLARA,SAN JOSE,7,0,12,1,4,D,0,1
64016,STANISLAUS,MODESTO,5,0,6,1,4,D,0,0
64017,SANTA CLARA,SAN JOSE,7,0,9,1,4,D,0,1
64018,ALAMEDA,PLEASANTON,2,0,12,1,4,D,0,0
64019,MENDOCINO,FORT BRAGG,2,0,8,1,4,D,1,1
64020,SANTA CLARA,SAN JOSE,1,0,9,1,4,D,0,0
64021,SANTA CLARA,SAN JOSE,7,0,12,0,4,D,0,1
64022,SAN BERNARDINO,SAN BERNARDINO,4,0,12,0,1,D,0,1
64023,ORANGE,HUNTINGTON BEACH,3,0,1,1,5,D,0,1
64024,SANTA CLARA,SAN JOSE,6,0,9,1,4,D,0,1
64025,SAN JOAQUIN,UNINCORPORATED,6,0,9,1,5,D,0,1
64026,SANTA CLARA,SAN JOSE,2,0,8,1,4,D,0,1
64027,IMPERIAL,EL CENTRO,3,0,8,1,4,D,0,1
64028,IMPERIAL,EL CENTRO,2,0,9,1,4,D,0,1
64029,SANTA CLARA,SAN JOSE,1,0,9,1,4,D,0,1
64030,SANTA CLARA,SAN JOSE,2,0,9,1,4,D,0,0
64031,MERCED,MERCED,1,0,9,1,5,D,0,1
64032,TULARE,UNINCORPORATED,5,0,9,1,5,D,0,0
64033,ORANGE,GARDEN GROVE,3,0,12,1,5,D,0,1
64034,SACRAMENTO,SACRAMENTO,3,0,12,1,5,D,0,1
64035,SANTA CLARA,SAN JOSE,5,0,12,1,4,D,0,1
64036,SANTA CLARA,SAN JOSE,5,0,11,1,4,D,0,1
64037,ORANGE,LA HABRA,4,0,12,1,4,D,0,0
64038,SANTA CLARA,SAN JOSE,5,0,8,1,4,D,0,1
64039,ORANGE,HUNTINGTON BEACH,1,0,9,0,4,D,0,1
64040,ORANGE,HUNTINGTON BEACH,1,0,9,1,4,D,0,1
64041,SAN MATEO,DALY CITY,5,0,8,1,4,D,1,1
64042,SANTA CLARA,SAN JOSE,4,0,8,1,4,D,0,1
64043,SANTA CLARA,SAN JOSE,3,0,12,1,4,D,0,0
64044,SANTA CLARA,SAN JOSE,2,0,8,1,4,D,0,1
64045,ORANGE,LA HABRA,5,0,1,1,4,D,0,0
64046,LOS ANGELES,LANCASTER,5,0,9,1,4,D,0,1
64047,LOS ANGELES,LANCASTER,3,0,11,1,4,D,0,1
64048,SANTA CLARA,SAN JOSE,6,1,3,1,4,D,0,1
64049,LOS ANGELES,AZUSA,1,0,9,1,4,D,0,1
64050,LOS ANGELES,LANCASTER,1,0,12,1,4,D,0,1
64051,SAN MATEO,DALY CITY,3,0,8,1,4,D,0,1
64052,CONTRA COSTA,RICHMOND,4,0,9,1,3,D,0,0
64053,MERCED,UNINCORPORATED,4,1,8,1,4,D,1,1
64054,SAN BERNARDINO,COLTON,6,0,9,1,3,D,0,1
64055,MERCED,UNINCORPORATED,3,0,9,1,4,D,0,1
64056,FRESNO,UNINCORPORATED,3,0,9,1,4,D,0,1
64057,TULARE,VISALIA,6,0,9,1,3,D,0,1
64058,LOS ANGELES,PALMDALE,6,1,9,1,3,D,0,1
64059,ALAMEDA,BERKELEY,7,0,12,1,3,D,0,1
64060,MERCED,UNINCORPORATED,6,0,1,1,4,D,1,0
64061,ALAMEDA,BERKELEY,4,0,9,1,3,D,0,0
64062,SAN MATEO,UNINCORPORATED,7,0,8,1,3,D,0,1
64063,RIVERSIDE,TEMECULA,3,1,12,1,3,D,0,0
64064,FRESNO,UNINCORPORATED,1,0,9,1,3,D,0,1
64065,SHASTA,UNINCORPORATED,7,0,8,1,4,D,1,1
64066,LOS ANGELES,BELL,2,0,9,1,4,D,0,1
64067,SANTA CLARA,SAN JOSE,2,0,9,1,4,D,0,0
64068,LOS ANGELES,BELL,6,0,3,1,4,D,0,0
64069,LOS ANGELES,LOS ANGELES,3,0,9,1,4,D,0,0
64070,FRESNO,UNINCORPORATED,7,0,9,1,4,D,0,0
64071,FRESNO,UNINCORPORATED,6,0,9,1,4,D,0,1
64072,LOS ANGELES,LOS ANGELES,4,0,3,1,4,D,0,1
64073,LOS ANGELES,LOS ANGELES,4,0,12,1,4,D,0,1
64074,LOS ANGELES,BELL,2,0,9,0,4,D,0,1
64075,LOS ANGELES,HAWTHORNE,2,0,1,1,4,D,0,0
64076,LOS ANGELES,DOWNEY,1,0,12,1,4,D,0,1
64077,LOS ANGELES,DOWNEY,3,0,12,1,4,D,0,0
64078,LOS ANGELES,DOWNEY,5,0,9,1,4,D,0,1
64079,LOS ANGELES,DOWNEY,7,0,1,1,4,D,0,0
64080,LOS ANGELES,DOWNEY,3,0,9,1,4,D,0,1
64081,LOS ANGELES,LOS ANGELES,3,0,9,1,4,D,0,0
64082,LOS ANGELES,LOS ANGELES,3,0,12,0,4,D,0,1
64083,LOS ANGELES,BURBANK,2,0,9,1,4,D,0,1
64084,LOS ANGELES,LOS ANGELES,5,0,9,1,4,D,0,1
64085,LOS ANGELES,LOS ANGELES,2,0,9,1,4,D,0,0
64086,ORANGE,GARDEN GROVE,2,0,9,1,4,D,0,1
64087,LOS ANGELES,LONG BEACH,5,0,9,1,4,D,0,0
64088,LOS ANGELES,ALHAMBRA,4,0,9,1,4,D,0,1
64089,LOS ANGELES,ALHAMBRA,1,0,9,0,4,D,0,1
64090,ORANGE,NEWPORT BEACH,7,0,12,1,4,D,0,1
64091,LOS ANGELES,LOS ANGELES,3,0,9,1,4,D,0,1
64092,LOS ANGELES,LOS ANGELES,6,0,9,1,4,D,0,1
64093,LOS ANGELES,LOS ANGELES,1,0,12,1,4,D,0,0
64094,LOS ANGELES,LOS ANGELES,5,0,12,1,4,D,0,1
64095,LOS ANGELES,LOS ANGELES,4,0,9,1,4,D,0,1
64096,LOS ANGELES,LOS ANGELES,1,0,8,1,4,D,0,1
64097,LOS ANGELES,LOS ANGELES,2,0,9,1,4,D,0,1
64098,LOS ANGELES,LOS ANGELES,2,0,9,1,4,D,0,1
64099,LOS ANGELES,LOS ANGELES,4,0,9,1,4,D,0,1
64100,LOS ANGELES,LOS ANGELES,7,0,9,1,4,D,0,0
64101,LOS ANGELES,LOS ANGELES,5,0,9,1,4,D,0,1
64102,BUTTE,GRIDLEY,2,0,9,1,4,D,0,1
64103,LOS ANGELES,LOS ANGELES,5,0,3,1,4,D,0,1
64104,SAN DIEGO,SAN DIEGO,4,0,9,1,4,D,0,1
64105,SAN DIEGO,SAN DIEGO,4,0,9,1,4,D,0,0
64106,SAN DIEGO,SAN DIEGO,4,1,9,1,4,D,0,0
64107,CONTRA COSTA,SAN RAMON,3,0,12,1,4,D,0,0
64108,CONTRA COSTA,PLEASANT HILL,3,0,9,1,4,D,0,1
64109,STANISLAUS,HUGHSON,4,0,9,0,4,D,0,1
64110,RIVERSIDE,RIVERSIDE,1,0,12,1,4,D,0,1
64111,RIVERSIDE,RIVERSIDE,4,0,9,1,4,D,0,1
64112,LOS ANGELES,LOS ANGELES,2,0,9,1,4,D,0,1
64113,LOS ANGELES,LOS ANGELES,3,0,8,1,4,D,0,1
64114,SONOMA,UNINCORPORATED,5,0,9,1,4,D,0,1
64115,LOS ANGELES,TEMPLE CITY,5,0,12,1,4,D,0,1
64116,ORANGE,ANAHEIM,7,0,9,1,4,D,0,1
64117,ORANGE,ANAHEIM,7,0,12,1,4,D,0,1
64118,ORANGE,ANAHEIM,7,0,9,1,4,D,0,1
64119,STANISLAUS,MODESTO,3,0,8,1,4,D,1,1
64120,LOS ANGELES,LOS ANGELES,6,0,7,1,4,D,1,1
64121,LOS ANGELES,ALHAMBRA,5,0,9,1,3,D,0,1
64122,LOS ANGELES,ALHAMBRA,4,0,12,1,3,D,0,1
64123,LOS ANGELES,LOS ANGELES,4,0,9,1,3,D,0,1
64124,LOS ANGELES,TEMPLE CITY,6,0,9,1,3,D,0,1
64125,LOS ANGELES,LOS ANGELES,2,0,9,1,3,D,0,1
64126,LOS ANGELES,LOS ANGELES,2,0,12,1,3,D,0,1
64127,ORANGE,SANTA ANA,2,0,9,1,3,D,0,1
64128,YOLO,WOODLAND,5,0,8,1,3,D,0,0
64129,SAN BERNARDINO,APPLE VALLEY,6,0,12,1,3,D,0,1
64130,ALAMEDA,PLEASANTON,5,0,12,0,4,D,0,0
64131,KERN,UNINCORPORATED,1,0,9,1,4,D,0,1
64132,LOS ANGELES,PALMDALE,1,0,9,1,4,D,0,1
64133,ALAMEDA,PLEASANTON,4,0,3,1,4,D,0,1
64134,ALAMEDA,PLEASANTON,6,0,12,1,4,D,0,1
64135,VENTURA,OXNARD,2,1,12,1,4,D,0,1
64136,ALAMEDA,PLEASANTON,1,0,9,1,4,D,0,0
64137,VENTURA,OXNARD,2,0,8,1,4,D,0,1
64138,LOS ANGELES,PALMDALE,7,0,9,1,4,D,0,1
64139,VENTURA,OXNARD,2,0,9,0,4,D,0,1
64140,LOS ANGELES,PALMDALE,7,0,9,1,4,D,0,1
64141,YOLO,DAVIS,1,0,3,1,4,D,0,1
64142,LOS ANGELES,PALMDALE,4,0,9,1,4,D,0,1
64143,LOS ANGELES,PALMDALE,4,0,12,1,4,D,1,0
64144,VENTURA,UNINCORPORATED,3,0,12,0,4,D,0,1
64145,LOS ANGELES,PALMDALE,3,0,9,1,4,D,1,1
64146,SAN DIEGO,SAN DIEGO,2,0,9,1,4,D,0,1
64147,VENTURA,UNINCORPORATED,2,0,9,0,4,D,0,1
64148,SAN DIEGO,SAN DIEGO,2,0,12,0,4,D,0,1
64149,ALAMEDA,OAKLAND,7,0,9,1,4,D,0,1
64150,SAN DIEGO,SAN DIEGO,1,0,12,1,4,D,0,1
64151,SAN DIEGO,SAN DIEGO,5,0,9,1,4,D,0,1
64152,ORANGE,ANAHEIM,2,0,8,0,4,D,0,1
64153,SAN DIEGO,SAN DIEGO,7,0,9,1,4,D,0,1
64154,ORANGE,ANAHEIM,5,0,9,1,4,D,0,1
64155,LOS ANGELES,LOS ANGELES,7,0,1,1,4,D,0,0
64156,LOS ANGELES,LOS ANGELES,7,0,12,1,4,D,0,1
64157,LOS ANGELES,LOS ANGELES,7,1,9,1,4,D,0,1
64158,LOS ANGELES,LOS ANGELES,2,0,9,1,4,D,0,1
64159,VENTURA,OXNARD,1,0,12,0,4,D,0,1
64160,SHASTA,UNINCORPORATED,3,0,9,1,5,D,1,1
64161,ORANGE,YORBA LINDA,4,0,3,1,2,D,1,1
64162,LOS ANGELES,SANTA CLARITA,1,0,8,1,4,D,0,0
64163,SAN FRANCISCO,SAN FRANCISCO,2,0,12,1,1,D,0,1
64164,SAN FRANCISCO,SAN FRANCISCO,2,0,12,1,1,D,0,0
64165,SAN FRANCISCO,SAN FRANCISCO,2,0,9,1,1,D,0,1
64166,SAN BERNARDINO,VICTORVILLE,7,0,8,1,5,D,0,1
64167,SACRAMENTO,FOLSOM,5,0,9,1,5,D,0,1
64168,VENTURA,THOUSAND OAKS,1,0,3,0,5,D,0,1
64169,SACRAMENTO,FOLSOM,6,0,12,1,5,D,0,0
64170,SACRAMENTO,FOLSOM,6,0,9,1,5,D,0,1
64171,LOS ANGELES,LOS ANGELES,3,0,12,1,4,D,0,1
64172,LOS ANGELES,LOS ANGELES,4,0,9,1,3,D,0,1
64173,LOS ANGELES,NORWALK,5,0,12,1,4,D,0,0
64174,SAN BERNARDINO,VICTORVILLE,4,0,9,1,5,D,1,0
64175,ALAMEDA,OAKLAND,7,0,12,1,5,D,0,1
64176,SISKIYOU,UNINCORPORATED,2,1,1,0,5,D,1,1
64177,SAN BERNARDINO,FONTANA,2,0,9,1,4,D,0,1
64178,SOLANO,BENICIA,6,0,9,1,4,D,0,1
64179,KERN,UNINCORPORATED,7,0,9,1,5,D,0,1
64180,SAN LUIS OBISPO,PASO ROBLES,1,0,9,1,4,D,0,1
64181,RIVERSIDE,HEMET,2,0,8,1,4,D,0,1
64182,SAN MATEO,BELMONT,5,0,12,1,4,D,0,1
64183,VENTURA,SIMI VALLEY,4,0,8,1,5,D,1,1
64184,SAN DIEGO,SAN DIEGO,3,0,12,1,5,D,0,0
64185,LOS ANGELES,REDONDO BEACH,4,0,9,1,5,D,0,1
64186,LOS ANGELES,LANCASTER,6,0,1,1,5,D,0,1
64187,SAN DIEGO,SAN DIEGO,3,0,10,0,5,D,0,1
64188,ORANGE,ANAHEIM,3,0,9,0,5,D,0,1
64189,ORANGE,ANAHEIM,3,0,8,1,5,D,0,1
64190,STANISLAUS,UNINCORPORATED,1,0,9,1,5,D,0,1
64191,VENTURA,SIMI VALLEY,5,0,9,1,5,D,0,0
64192,VENTURA,SIMI VALLEY,6,0,9,1,5,D,0,1
64193,SANTA CLARA,SAN JOSE,2,0,9,1,5,D,0,1
64194,SANTA CLARA,SAN JOSE,2,0,9,1,5,D,0,0
64195,SANTA CLARA,SAN JOSE,3,0,9,1,5,D,0,1
64196,EL DORADO,UNINCORPORATED,3,0,9,1,5,D,0,1
64197,SANTA CLARA,SAN JOSE,3,0,9,1,5,D,0,1
64198,SANTA CLARA,SAN JOSE,3,0,12,1,5,D,0,1
64199,SANTA CLARA,SAN JOSE,3,0,12,1,5,D,0,1
64200,VENTURA,SIMI VALLEY,4,0,9,1,5,D,0,1
64201,SAN FRANCISCO,SAN FRANCISCO,2,0,9,0,2,D,0,1
64202,RIVERSIDE,LAKE ELSINORE,3,0,9,1,2,D,0,1
64203,SAN FRANCISCO,SAN FRANCISCO,1,0,12,1,1,D,0,1
64204,SAN FRANCISCO,SAN FRANCISCO,5,0,9,1,2,D,0,1
64205,RIVERSIDE,LAKE ELSINORE,6,0,9,0,1,D,0,1
64206,SAN FRANCISCO,SAN FRANCISCO,2,0,8,1,2,D,0,1
64207,RIVERSIDE,LAKE ELSINORE,7,0,12,1,1,D,1,1
64208,SAN FRANCISCO,SAN FRANCISCO,1,0,9,1,1,D,0,1
64209,SAN FRANCISCO,SAN FRANCISCO,7,0,12,1,2,D,0,1
64210,SAN FRANCISCO,SAN FRANCISCO,7,0,9,1,2,D,0,1
64211,SAN FRANCISCO,SAN FRANCISCO,4,1,9,1,1,D,0,0
64212,SAN FRANCISCO,SAN FRANCISCO,4,0,3,1,1,D,0,1
64213,SAN FRANCISCO,SAN FRANCISCO,1,0,9,1,1,D,0,1
64214,SAN FRANCISCO,SAN FRANCISCO,6,0,12,1,2,D,0,1
64215,SAN FRANCISCO,SAN FRANCISCO,4,0,9,1,2,D,0,1
64216,SAN FRANCISCO,SAN FRANCISCO,7,0,9,1,1,D,0,0
64217,SAN FRANCISCO,SAN FRANCISCO,6,0,9,1,2,D,0,1
64218,SAN FRANCISCO,SAN FRANCISCO,1,0,6,1,1,D,0,1
64219,SAN FRANCISCO,SAN FRANCISCO,3,0,12,1,1,D,0,1
64220,SAN FRANCISCO,SAN FRANCISCO,2,0,9,1,1,D,0,0
64221,SAN FRANCISCO,SAN FRANCISCO,6,0,9,1,2,D,0,1
64222,SAN FRANCISCO,SAN FRANCISCO,6,0,8,0,1,D,0,0
64223,SAN FRANCISCO,SAN FRANCISCO,6,0,1,1,2,D,0,0
64224,SAN FRANCISCO,SAN FRANCISCO,2,0,12,1,1,D,0,0