ID,County,City,Weekday,Severity,ViolCat,ClearWeather,Month,CrashType,Highway,Daylight
65382,LOS ANGELES,EL MONTE,6,0,8,1,3,D,0,1
65383,SAN BERNARDINO,UPLAND,2,0,1,1,3,D,0,0
65384,LOS ANGELES,EL MONTE,4,0,12,1,3,D,0,0
65385,SAN BERNARDINO,UPLAND,6,0,9,1,3,D,0,1
65386,LOS ANGELES,EL MONTE,3,0,12,1,3,D,0,1
65387,LOS ANGELES,EL MONTE,3,0,9,1,3,D,0,1
65388,SAN FRANCISCO,SAN FRANCISCO,7,0,12,1,2,D,0,0
65389,SAN BERNARDINO,UPLAND,5,0,3,1,3,D,0,1
65390,SAN FRANCISCO,SAN FRANCISCO,1,0,9,1,2,D,0,1
65391,SAN FRANCISCO,SAN FRANCISCO,1,0,3,1,2,D,0,1
65392,SAN FRANCISCO,SAN FRANCISCO,5,0,8,1,2,D,0,1
65393,SAN FRANCISCO,SAN FRANCISCO,1,0,9,1,2,D,0,0
65394,SAN FRANCISCO,SAN FRANCISCO,2,0,12,1,2,D,0,1
65395,SAN FRANCISCO,SAN FRANCISCO,7,0,6,1,2,D,0,1
65396,SAN FRANCISCO,SAN FRANCISCO,1,0,9,1,2,D,0,1
65397,SAN FRANCISCO,SAN FRANCISCO,6,0,9,1,2,D,0,0
65398,SAN FRANCISCO,SAN FRANCISCO,6,0,12,1,2,D,0,0
65399,SAN FRANCISCO,SAN FRANCISCO,7,0,12,1,2,D,0,1
65400,SAN FRANCISCO,SAN FRANCISCO,7,0,12,1,2,D,0,1
65401,SAN FRANCISCO,SAN FRANCISCO,2,0,9,0,2,D,0,1
65402,SAN FRANCISCO,SAN FRANCISCO,6,0,12,1,2,D,0,1
65403,LOS ANGELES,LONG BEACH,6,0,12,1,5,D,0,1
65404,LOS ANGELES,LONG BEACH,7,0,12,1,5,D,0,1
65405,LOS ANGELES,LOS ANGELES,3,0,12,1,5,D,0,0
65406,LOS ANGELES,LOS ANGELES,1,0,7,0,5,D,0,1
65407,RIVERSIDE,HEMET,7,0,9,1,5,D,0,0
65408,SAN MATEO,DALY CITY,3,0,12,1,5,D,0,0
65409,SAN MATEO,DALY CITY,6,0,12,1,5,D,0,1
65410,LOS ANGELES,LONG BEACH,7,0,9,1,5,D,0,1
65411,KERN,UNINCORPORATED,3,0,9,1,5,D,0,1
65412,LOS ANGELES,CERRITOS,3,0,8,1,5,D,0,1
65413,SAN BERNARDINO,VICTORVILLE,3,0,9,1,5,D,0,1
65414,SAN BERNARDINO,VICTORVILLE,1,0,9,1,5,D,0,1
65415,SAN BERNARDINO,VICTORVILLE,1,0,9,1,5,D,1,1
65416,RIVERSIDE,MORENO VALLEY,4,0,9,1,5,D,0,1
65417,RIVERSIDE,MORENO VALLEY,3,0,12,1,5,D,0,1
65418,RIVERSIDE,MORENO VALLEY,7,0,1,1,5,D,0,0
65419,LOS ANGELES,SANTA CLARITA,3,0,8,1,5,D,0,1
65420,LOS ANGELES,SANTA CLARITA,1,0,8,1,5,D,0,1
65421,LOS ANGELES,SANTA CLARITA,7,0,12,1,5,D,0,1
65422,LOS ANGELES,SANTA CLARITA,2,0,12,1,5,D,0,1
65423,LOS ANGELES,SANTA CLARITA,7,0,1,0,5,D,0,1
65424,LOS ANGELES,SANTA CLARITA,3,0,9,1,5,D,0,1
65425,LOS ANGELES,SANTA CLARITA,3,0,9,1,5,D,0,1
65426,LOS ANGELES,SANTA CLARITA,5,0,9,1,5,D,0,1
65427,LOS ANGELES,SANTA CLARITA,2,0,12,1,4,D,0,0
65428,LOS ANGELES,SANTA CLARITA,7,0,9,1,4,D,0,1
65429,RIVERSIDE,MORENO VALLEY,7,0,9,1,4,D,0,1
65430,CONTRA COSTA,UNINCORPORATED,4,1,12,1,4,D,0,0
65431,SAN BERNARDINO,MONTCLAIR,2,0,9,1,4,D,0,1
65432,HUMBOLDT,EUREKA,3,0,12,1,4,D,0,1
65433,HUMBOLDT,EUREKA,6,0,12,1,4,D,0,1
65434,FRESNO,CLOVIS,4,0,9,1,4,D,0,1
65435,RIVERSIDE,MORENO VALLEY,6,0,12,1,4,D,0,1
65436,RIVERSIDE,MORENO VALLEY,3,0,9,1,4,D,0,1
65437,RIVERSIDE,MORENO VALLEY,4,0,12,1,4,D,0,0
65438,RIVERSIDE,MORENO VALLEY,5,0,9,1,4,D,0,1
65439,RIVERSIDE,MORENO VALLEY,1,0,1,1,4,D,0,0
65440,RIVERSIDE,MORENO VALLEY,4,0,1,1,4,D,0,1
65441,HUMBOLDT,ARCATA,5,1,9,1,4,D,0,1
65442,CONTRA COSTA,BRENTWOOD,2,0,12,1,4,D,0,1
65443,CONTRA COSTA,BRENTWOOD,2,0,1,1,4,D,0,1
65444,CONTRA COSTA,BRENTWOOD,6,0,9,1,4,D,0,1
65445,CONTRA COSTA,BRENTWOOD,1,0,12,1,4,D,0,1
65446,HUMBOLDT,ARCATA,2,0,8,1,4,D,0,1
65447,STANISLAUS,UNINCORPORATED,2,1,8,0,4,D,0,1
65448,SANTA CLARA,SAN JOSE,4,0,3,0,5,D,0,1
65449,SANTA CLARA,SAN JOSE,1,0,9,1,5,D,0,1
65450,SANTA CLARA,SAN JOSE,1,0,9,1,5,D,0,1
65451,SANTA CLARA,SAN JOSE,2,0,8,1,5,D,0,0
65452,SANTA CLARA,SAN JOSE,3,0,9,1,5,D,0,1
65453,LOS ANGELES,LANCASTER,4,0,9,1,5,D,0,1
65454,SAN DIEGO,SAN DIEGO,2,0,12,1,5,D,0,0
65455,SAN DIEGO,SAN DIEGO,7,0,12,1,5,D,0,0
65456,VENTURA,THOUSAND OAKS,3,0,3,1,5,D,0,1
65457,VENTURA,THOUSAND OAKS,6,0,8,1,5,D,0,1
65458,STANISLAUS,MODESTO,6,0,12,1,5,D,0,0
65459,STANISLAUS,MODESTO,4,0,12,0,5,D,0,1
65460,STANISLAUS,MODESTO,6,1,8,1,5,D,0,1
65461,STANISLAUS,UNINCORPORATED,4,0,12,0,5,D,0,1
65462,ORANGE,PLACENTIA,2,0,9,1,5,D,0,1
65463,ORANGE,PLACENTIA,7,0,1,1,5,D,0,1
65464,ORANGE,ANAHEIM,1,0,12,0,5,D,0,0
65465,ORANGE,ANAHEIM,5,0,9,1,5,D,0,1
65466,ORANGE,ANAHEIM,6,0,9,1,5,D,0,0
65467,ORANGE,ANAHEIM,6,0,12,1,5,D,0,1
65468,RIVERSIDE,MORENO VALLEY,7,0,12,1,5,D,0,1
65469,TULARE,UNINCORPORATED,2,0,9,0,5,D,0,1
65470,TULARE,UNINCORPORATED,4,0,9,1,5,D,0,1
65471,SAN DIEGO,SAN DIEGO,1,0,8,1,5,D,0,1
65472,SAN DIEGO,SAN DIEGO,5,0,9,1,5,D,0,1
65473,SAN DIEGO,SAN DIEGO,5,0,9,1,5,D,0,1
65474,VENTURA,OXNARD,1,0,12,1,5,D,0,1
65475,VENTURA,OXNARD,6,0,9,1,5,D,0,1
65476,SAN BERNARDINO,ONTARIO,1,0,8,1,5,D,1,1
65477,LOS ANGELES,LOS ANGELES,6,0,8,1,5,D,0,1
65478,LOS ANGELES,LOS ANGELES,5,0,9,1,5,D,0,1
65479,LOS ANGELES,LOS ANGELES,1,0,9,1,5,D,0,1
65480,LOS ANGELES,LOS ANGELES,2,0,9,1,5,D,0,1
65481,SAN BERNARDINO,RIALTO,5,0,12,1,5,D,0,0
65482,SAN BERNARDINO,COLTON,2,0,12,1,5,D,0,1
65483,SAN BERNARDINO,MONTCLAIR,5,0,9,1,5,D,0,0
65484,SAN FRANCISCO,SAN FRANCISCO,4,0,8,0,1,D,0,1
65485,SAN FRANCISCO,SAN FRANCISCO,4,0,12,1,1,D,0,0
65486,SAN FRANCISCO,SAN FRANCISCO,3,0,9,1,1,D,0,0
65487,SAN FRANCISCO,SAN FRANCISCO,4,0,9,1,1,D,0,1
65488,SAN DIEGO,OCEANSIDE,1,0,9,0,4,D,0,0
65489,LOS ANGELES,HERMOSA BEACH,4,0,3,1,4,D,0,1
65490,ALAMEDA,DUBLIN,2,0,9,1,4,D,0,1
65491,LOS ANGELES,HAWTHORNE,3,0,3,1,4,D,0,0
65492,SANTA CLARA,MOUNTAIN VIEW,1,0,12,1,4,D,0,1
65493,LOS ANGELES,WHITTIER,1,0,12,0,4,D,0,1
65494,LOS ANGELES,LOS ANGELES,6,0,12,1,5,D,0,0
65495,LOS ANGELES,LOS ANGELES,3,0,8,1,5,D,0,1
65496,LOS ANGELES,LOS ANGELES,3,0,12,1,5,D,0,1
65497,LOS ANGELES,LOS ANGELES,3,0,9,1,5,D,0,1
65498,LOS ANGELES,LOS ANGELES,2,0,9,1,5,D,0,1
65499,LOS ANGELES,LOS ANGELES,4,0,9,0,5,D,0,1
65500,LOS ANGELES,LOS ANGELES,1,0,9,1,5,D,0,0
65501,LOS ANGELES,LOS ANGELES,2,0,9,1,5,D,0,1
65502,LOS ANGELES,LOS ANGELES,4,0,9,1,5,D,0,1
65503,LOS ANGELES,LOS ANGELES,3,0,9,1,5,D,0,1
65504,LOS ANGELES,LOS ANGELES,6,0,9,1,5,D,0,1
65505,LOS ANGELES,LOS ANGELES,7,0,9,1,5,D,0,1
65506,LOS ANGELES,LOS ANGELES,7,0,12,1,5,D,0,1
65507,LOS ANGELES,LOS ANGELES,1,0,9,0,5,D,0,1
65508,LOS ANGELES,LOS ANGELES,4,0,9,1,5,D,0,1
65509,LOS ANGELES,LOS ANGELES,4,0,9,1,5,D,0,1
65510,LOS ANGELES,LOS ANGELES,6,0,9,1,5,D,0,1
65511,LOS ANGELES,LOS ANGELES,5,0,9,1,5,D,0,1
65512,LOS ANGELES,LOS ANGELES,5,1,12,1,5,D,0,1
65513,LOS ANGELES,LOS ANGELES,7,0,9,1,5,D,0,1
65514,LOS ANGELES,LOS ANGELES,5,0,9,1,5,D,0,1
65515,LOS ANGELES,LOS ANGELES,5,0,12,0,5,D,0,1
65516,LOS ANGELES,LOS ANGELES,7,0,1,1,5,D,0,0
65517,SAN DIEGO,SAN DIEGO,3,0,3,1,5,D,0,1
65518,LOS ANGELES,LOS ANGELES,6,0,3,1,5,D,0,1
65519,SAN DIEGO,SAN DIEGO,3,0,12,1,5,D,0,1
65520,SAN DIEGO,SAN DIEGO,3,0,9,1,5,D,0,1
65521,SAN DIEGO,SAN DIEGO,4,0,8,1,5,D,0,1
65522,SAN MATEO,SOUTH SAN FRANCISCO,5,0,3,1,5,D,0,1
65523,ALAMEDA,OAKLAND,6,0,9,1,5,D,0,0
65524,ALAMEDA,OAKLAND,7,1,3,1,5,D,0,1
65525,SAN DIEGO,OCEANSIDE,7,0,1,1,5,D,0,1
65526,SAN DIEGO,SAN DIEGO,5,1,9,0,5,D,0,0
65527,SAN DIEGO,OCEANSIDE,7,0,9,1,5,D,0,1
65528,SAN MATEO,SOUTH SAN FRANCISCO,7,1,9,1,5,D,0,1
65529,SAN DIEGO,SAN DIEGO,4,0,12,1,5,D,0,1
65530,LOS ANGELES,LOS ANGELES,5,0,1,1,5,D,0,0
65531,SAN DIEGO,OCEANSIDE,4,0,9,1,5,D,0,1
65532,SAN DIEGO,SAN DIEGO,3,0,12,1,5,D,0,0
65533,SAN DIEGO,OCEANSIDE,7,0,12,1,5,D,0,1
65534,SAN DIEGO,SAN DIEGO,6,0,9,1,5,D,0,1
65535,LOS ANGELES,ARCADIA,6,0,12,1,5,D,0,1
65536,SAN DIEGO,CORONADO,6,0,9,1,5,D,0,1
65537,ORANGE,FOUNTAIN VALLEY,1,0,12,1,5,D,0,1
65538,CONTRA COSTA,UNINCORPORATED,4,0,9,1,5,D,0,0
65539,ALAMEDA,OAKLAND,6,0,9,1,5,D,0,1
65540,ORANGE,FOUNTAIN VALLEY,5,0,9,1,5,D,0,1
65541,ALAMEDA,OAKLAND,7,0,3,1,5,D,0,1
65542,ALAMEDA,OAKLAND,3,0,9,1,5,D,0,1
65543,SAN DIEGO,SAN DIEGO,5,0,8,0,5,D,0,1
65544,KERN,UNINCORPORATED,4,1,9,1,5,D,0,1
65545,SANTA CLARA,SAN JOSE,3,0,12,1,5,D,0,1
65546,LOS ANGELES,WHITTIER,3,0,9,1,5,D,0,1
65547,LOS ANGELES,WHITTIER,7,0,8,0,5,D,0,1
65548,RIVERSIDE,RIVERSIDE,6,0,9,1,5,D,0,1
65549,RIVERSIDE,RIVERSIDE,7,0,9,1,5,D,0,0
65550,RIVERSIDE,RIVERSIDE,6,0,12,1,5,D,0,1
65551,LOS ANGELES,LANCASTER,2,0,9,1,5,D,0,1
65552,LOS ANGELES,LANCASTER,3,0,9,1,5,D,0,1
65553,SANTA CLARA,SAN JOSE,4,0,9,1,5,D,0,0
65554,VENTURA,OXNARD,5,0,12,1,5,D,0,0
65555,SAN BERNARDINO,FONTANA,1,0,12,0,5,D,0,1
65556,SAN BERNARDINO,FONTANA,7,0,9,0,5,D,0,0
65557,SAN BERNARDINO,FONTANA,5,0,9,1,5,D,0,1
65558,SAN BERNARDINO,FONTANA,3,0,9,1,5,D,0,1
65559,SAN BERNARDINO,FONTANA,5,0,9,1,5,D,0,1
65560,SAN BERNARDINO,FONTANA,5,0,8,1,5,D,0,1
65561,SACRAMENTO,SACRAMENTO,7,0,8,1,5,D,0,1
65562,SACRAMENTO,SACRAMENTO,5,0,8,1,5,D,0,0
65563,ORANGE,SANTA ANA,3,0,9,0,5,D,0,1
65564,ORANGE,SANTA ANA,1,0,9,1,5,D,0,1
65565,ORANGE,SANTA ANA,5,0,9,0,5,D,0,1
65566,LOS ANGELES,SANTA MONICA,5,0,9,1,5,D,0,0
65567,LOS ANGELES,HAWTHORNE,2,0,9,0,5,D,0,0
65568,SANTA CLARA,SAN JOSE,7,0,8,1,5,D,0,1
65569,SANTA CLARA,SAN JOSE,5,0,9,1,5,D,0,1
65570,VENTURA,SIMI VALLEY,4,0,9,1,5,D,0,1
65571,VENTURA,SIMI VALLEY,4,0,9,1,5,D,0,0
65572,SAN JOAQUIN,UNINCORPORATED,4,0,9,1,5,D,0,1
65573,LOS ANGELES,HUNTINGTON PARK,3,0,9,1,5,D,0,1
65574,ORANGE,IRVINE,1,0,12,0,5,D,0,1
65575,ORANGE,IRVINE,6,0,9,1,5,D,0,1
65576,ORANGE,IRVINE,4,0,9,1,5,D,0,1
65577,ORANGE,IRVINE,3,0,9,1,5,D,0,1
65578,LOS ANGELES,HAWTHORNE,2,0,9,1,5,D,0,1
65579,BUTTE,CHICO,5,0,9,1,5,D,0,1
65580,SANTA CLARA,SAN JOSE,5,0,12,1,5,D,0,0
65581,SANTA CLARA,SAN JOSE,1,0,8,1,5,D,0,1
65582,SANTA CLARA,SAN JOSE,4,0,12,1,5,D,0,1
65583,SANTA CLARA,SAN JOSE,4,0,9,1,5,D,0,0
65584,SANTA CLARA,SAN JOSE,3,0,8,0,5,D,0,1
65585,ORANGE,PLACENTIA,6,1,12,1,5,D,0,1
65586,LOS ANGELES,HERMOSA BEACH,6,0,8,1,5,D,0,1
65587,SAN DIEGO,SAN DIEGO,2,0,9,1,5,D,0,1
65588,HUMBOLDT,EUREKA,4,0,9,0,3,D,0,1
65589,KERN,UNINCORPORATED,7,0,9,1,5,D,0,1
65590,TUOLUMNE,UNINCORPORATED,4,0,9,0,5,D,0,1
65591,SAN BERNARDINO,HESPERIA,4,0,12,1,5,D,0,1
65592,KERN,UNINCORPORATED,7,0,9,1,5,D,0,1
65593,ORANGE,ANAHEIM,2,0,12,1,5,D,0,1
65594,KERN,UNINCORPORATED,4,0,9,1,5,D,0,0
65595,SHASTA,UNINCORPORATED,4,0,12,0,5,D,0,0
65596,LOS ANGELES,LA MIRADA,2,0,9,1,5,D,0,1
65597,LOS ANGELES,HUNTINGTON PARK,1,0,12,1,5,D,0,1
65598,LOS ANGELES,POMONA,3,0,12,1,4,D,0,1
65599,LOS ANGELES,POMONA,3,0,12,1,4,D,0,0
65600,SAN JOAQUIN,UNINCORPORATED,3,0,9,1,5,D,0,1
65601,LOS ANGELES,PASADENA,1,0,9,1,5,D,0,1
65602,RIVERSIDE,RIVERSIDE,6,0,8,1,5,D,0,1
65603,LOS ANGELES,POMONA,6,0,12,1,4,D,0,1
65604,SANTA CLARA,SANTA CLARA,3,0,9,1,4,D,0,0
65605,ORANGE,HUNTINGTON BEACH,1,0,9,1,5,D,0,1
65606,SANTA CLARA,SANTA CLARA,1,0,12,0,3,D,0,1
65607,CONTRA COSTA,ANTIOCH,2,0,12,1,4,D,0,1
65608,LOS ANGELES,LOS ANGELES,5,0,1,1,4,D,0,0
65609,SANTA CLARA,CAMPBELL,1,1,8,1,4,D,0,1
65610,ORANGE,LAGUNA BEACH,7,1,8,1,5,D,0,1
65611,SAN DIEGO,CARLSBAD,1,0,8,1,5,D,0,1
65612,ORANGE,IRVINE,6,0,12,1,5,D,0,1
65613,ORANGE,IRVINE,6,0,12,1,5,D,0,1
65614,SANTA CLARA,SANTA CLARA,4,0,9,0,5,D,0,1
65615,ORANGE,IRVINE,5,0,12,1,5,D,0,1
65616,ORANGE,IRVINE,1,0,12,1,5,D,0,1
65617,ORANGE,IRVINE,4,0,9,0,5,D,0,1
65618,SAN DIEGO,CARLSBAD,4,0,8,1,5,D,0,1
65619,LOS ANGELES,GLENDALE,1,0,9,1,5,D,0,1
65620,LOS ANGELES,GLENDALE,7,0,9,1,5,D,0,1
65621,CONTRA COSTA,ANTIOCH,4,0,9,1,5,D,0,1
65622,LOS ANGELES,NORWALK,4,0,9,1,5,D,0,1
65623,LOS ANGELES,GLENDALE,7,1,12,1,5,D,0,1
65624,LOS ANGELES,GLENDALE,3,0,9,1,5,D,0,1
65625,SACRAMENTO,SACRAMENTO,7,0,12,1,5,D,0,1
65626,NAPA,NAPA,4,0,9,1,5,D,0,1
65627,VENTURA,OXNARD,1,0,9,1,5,D,0,1
65628,CONTRA COSTA,PITTSBURG,3,0,8,1,5,D,0,1
65629,LOS ANGELES,NORWALK,6,0,12,1,5,D,0,1
65630,CONTRA COSTA,PITTSBURG,1,0,3,1,5,D,0,1
65631,NAPA,NAPA,2,0,9,1,5,D,0,1
65632,RIVERSIDE,MORENO VALLEY,4,0,9,1,5,D,0,1
65633,ALAMEDA,OAKLAND,3,0,9,0,5,D,0,1
65634,ALAMEDA,OAKLAND,3,0,12,1,5,D,0,0
65635,ORANGE,SANTA ANA,5,0,9,1,5,D,0,1
65636,SONOMA,PETALUMA,1,0,9,1,5,D,0,1
65637,EL DORADO,PLACERVILLE,2,0,9,1,5,D,0,1
65638,KINGS,CORCORAN,7,0,9,1,1,D,0,0
65639,FRESNO,UNINCORPORATED,5,0,9,1,5,D,0,1
65640,LASSEN,UNINCORPORATED,4,0,9,1,5,D,0,1
65641,FRESNO,UNINCORPORATED,5,0,9,1,5,D,0,1
65642,FRESNO,UNINCORPORATED,1,0,9,1,5,D,0,1
65643,FRESNO,UNINCORPORATED,4,0,9,1,5,D,0,1
65644,LOS ANGELES,LOS ANGELES,5,0,8,1,5,D,0,1
65645,SAN BERNARDINO,LOMA LINDA,2,1,3,1,3,D,0,0
65646,LOS ANGELES,DOWNEY,4,0,9,1,5,D,0,1
65647,LOS ANGELES,PALMDALE,4,0,12,1,5,D,0,1
65648,RIVERSIDE,PERRIS,4,0,9,1,5,D,0,1
65649,KERN,BAKERSFIELD,4,0,10,1,5,D,0,0
65650,ORANGE,FULLERTON,5,0,12,1,5,D,0,0
65651,ORANGE,FULLERTON,1,0,8,1,5,D,0,1
65652,LOS ANGELES,LOS ANGELES,3,0,9,1,5,D,1,0
65653,LOS ANGELES,LOS ANGELES,1,0,9,1,5,D,0,1
65654,LOS ANGELES,LOS ANGELES,1,0,7,1,5,D,1,1
65655,LOS ANGELES,LOS ANGELES,1,0,8,1,5,D,0,1
65656,TULARE,PORTERVILLE,7,0,12,1,5,D,0,1
65657,LOS ANGELES,LOS ANGELES,3,0,9,1,5,D,0,1
65658,TULARE,PORTERVILLE,1,0,12,1,5,D,0,1
65659,SANTA CLARA,CAMPBELL,7,0,9,1,5,D,0,1
65660,LOS ANGELES,LOS ANGELES,2,0,9,1,5,D,0,1
65661,CONTRA COSTA,RICHMOND,1,0,8,0,5,D,0,1
65662,LOS ANGELES,LOS ANGELES,5,0,9,1,5,D,0,1
65663,TULARE,PORTERVILLE,3,0,9,1,5,D,0,1
65664,LOS ANGELES,LOS ANGELES,4,0,9,1,5,D,0,1
65665,ORANGE,COSTA MESA,1,0,12,1,5,D,0,0
65666,ORANGE,COSTA MESA,1,0,12,1,5,D,0,1
65667,ORANGE,COSTA MESA,5,0,9,1,5,D,0,1
65668,LOS ANGELES,LOS ANGELES,3,0,12,1,5,D,0,1
65669,LOS ANGELES,LOS ANGELES,2,0,9,1,5,D,0,0
65670,CONTRA COSTA,UNINCORPORATED,3,0,3,1,5,D,0,1
65671,LOS ANGELES,LOS ANGELES,5,0,9,1,5,D,0,0
65672,SAN BERNARDINO,APPLE VALLEY,6,0,9,1,4,D,0,1
65673,SUTTER,YUBA CITY,5,0,9,1,5,D,0,1
65674,SUTTER,YUBA CITY,3,0,9,1,5,D,0,1
65675,FRESNO,UNINCORPORATED,4,0,12,1,5,D,0,1
65676,LOS ANGELES,LANCASTER,7,0,8,1,5,D,0,1
65677,LOS ANGELES,LANCASTER,2,0,3,1,5,D,0,1
65678,FRESNO,UNINCORPORATED,4,1,12,1,5,D,0,0
65679,FRESNO,UNINCORPORATED,3,0,9,1,5,D,0,1
65680,YOLO,WEST SACRAMENTO,4,0,7,1,5,D,1,0
65681,ORANGE,LA HABRA,7,0,9,1,5,D,0,1
65682,ORANGE,SANTA ANA,4,0,9,1,5,D,0,1
65683,STANISLAUS,TURLOCK,6,0,1,1,5,D,0,0
65684,LOS ANGELES,MALIBU,7,0,9,1,5,D,0,1
65685,TULARE,UNINCORPORATED,1,0,1,0,5,D,1,0
65686,MERCED,UNINCORPORATED,5,0,9,1,5,D,0,1
65687,LOS ANGELES,MALIBU,2,0,9,1,5,D,0,1
65688,ALAMEDA,HAYWARD,1,0,7,1,5,D,1,1
65689,SOLANO,FAIRFIELD,4,0,8,0,5,D,0,1
65690,LOS ANGELES,MANHATTAN BEACH,5,0,9,1,5,D,0,1
65691,ORANGE,ORANGE,1,0,12,1,5,D,0,1
65692,SOLANO,FAIRFIELD,2,0,9,1,5,D,0,1
65693,ORANGE,ORANGE,5,0,12,1,5,D,0,1
65694,ORANGE,ORANGE,4,0,9,1,5,D,0,1
65695,ORANGE,SANTA ANA,2,0,12,1,5,D,0,1
65696,ORANGE,ORANGE,4,0,12,1,5,D,0,1
65697,LOS ANGELES,LONG BEACH,3,0,9,1,5,D,0,1
65698,SAN DIEGO,SAN DIEGO,5,0,3,1,5,D,1,0
65699,LOS ANGELES,LONG BEACH,1,0,7,1,5,D,0,1
65700,LOS ANGELES,LONG BEACH,7,0,9,1,5,D,0,1
65701,ORANGE,LAKE FOREST,5,0,12,1,5,D,0,1
65702,LOS ANGELES,LONG BEACH,1,0,9,1,5,D,0,1
65703,LOS ANGELES,PASADENA,6,0,9,1,5,D,0,1
65704,RIVERSIDE,INDIO,7,0,12,1,5,D,0,1
65705,ORANGE,LA HABRA,1,0,3,1,5,D,0,1
65706,ORANGE,LAKE FOREST,3,1,12,1,5,D,0,1
65707,ORANGE,SAN JUAN CAPISTRANO,5,1,9,0,5,D,0,1
65708,ORANGE,YORBA LINDA,4,0,12,1,5,D,0,1
65709,SACRAMENTO,SACRAMENTO,1,0,9,1,5,D,0,1
65710,BUTTE,CHICO,2,0,9,1,5,D,0,1
65711,FRESNO,UNINCORPORATED,5,0,9,1,5,D,0,1
65712,LOS ANGELES,PASADENA,6,0,12,1,5,D,0,1
65713,ORANGE,SAN CLEMENTE,4,0,9,1,5,D,0,0
65714,RIVERSIDE,RIVERSIDE,5,0,12,1,5,D,0,1
65715,SAN BERNARDINO,VICTORVILLE,3,0,9,1,5,D,0,1
65716,SAN BERNARDINO,VICTORVILLE,4,0,8,1,5,D,0,1
65717,LOS ANGELES,SAN GABRIEL,2,0,9,1,5,D,0,1
65718,LOS ANGELES,LOS ANGELES,1,0,9,1,5,D,0,1
65719,LOS ANGELES,LOS ANGELES,3,0,9,1,5,D,0,1
65720,LOS ANGELES,PASADENA,2,0,7,1,4,D,1,1
65721,LOS ANGELES,LOS ANGELES,1,0,9,1,5,D,0,1
65722,LOS ANGELES,LOS ANGELES,2,0,11,1,5,D,0,1
65723,LOS ANGELES,LA CANADA-FLINTRIDGE,7,0,9,1,4,D,0,1
65724,SAN MATEO,SAN BRUNO,3,0,12,1,4,D,0,1
65725,SAN DIEGO,LA MESA,6,0,1,1,4,D,0,0
65726,SAN DIEGO,LA MESA,6,0,12,1,4,D,0,1
65727,SAN BERNARDINO,SAN BERNARDINO,3,0,12,1,5,D,0,1
65728,RIVERSIDE,PALM SPRINGS,1,1,9,1,5,D,0,1
65729,RIVERSIDE,PALM SPRINGS,6,0,9,1,5,D,0,0
65730,ALAMEDA,SAN LEANDRO,2,0,8,1,5,D,1,1
65731,HUMBOLDT,UNINCORPORATED,3,0,8,0,5,D,0,1
65732,LOS ANGELES,POMONA,7,0,7,1,3,D,1,1
65733,VENTURA,CAMARILLO,2,0,12,1,5,D,0,1
65734,TULARE,UNINCORPORATED,5,0,12,1,5,D,0,1
65735,SANTA CLARA,CUPERTINO,7,0,1,1,5,D,0,1
65736,SOLANO,VACAVILLE,4,0,9,1,5,D,0,1
65737,SAN DIEGO,ESCONDIDO,6,0,9,1,5,D,0,1
65738,SAN DIEGO,ESCONDIDO,4,0,9,1,5,D,0,1
65739,SAN DIEGO,SAN DIEGO,2,0,12,0,5,D,0,0
65740,SAN DIEGO,SAN DIEGO,1,0,12,1,5,D,0,1
65741,SAN DIEGO,SAN DIEGO,6,0,8,1,5,D,0,1
65742,SAN DIEGO,SAN DIEGO,7,0,12,1,5,D,0,1
65743,SAN DIEGO,SAN DIEGO,5,0,8,1,5,D,0,1
65744,SAN DIEGO,SAN DIEGO,1,0,12,1,5,D,0,1
65745,SAN DIEGO,SAN DIEGO,4,0,12,1,5,D,0,1
65746,SAN DIEGO,SAN DIEGO,7,0,9,1,5,D,0,0
65747,SAN DIEGO,SAN DIEGO,5,1,12,1,5,D,0,0
65748,ORANGE,ANAHEIM,3,0,12,1,5,D,0,0
65749,SAN DIEGO,SAN DIEGO,7,0,9,1,5,D,0,1
65750,ORANGE,ANAHEIM,5,0,9,1,5,D,0,1
65751,ORANGE,ANAHEIM,7,0,7,1,5,D,0,1
65752,ORANGE,ANAHEIM,2,0,9,1,5,D,0,1
65753,SAN DIEGO,SAN DIEGO,4,0,9,1,5,D,0,1
65754,SAN DIEGO,SAN DIEGO,4,0,9,0,5,D,0,1
65755,LOS ANGELES,LOS ANGELES,1,0,3,1,5,D,0,0
65756,ORANGE,COSTA MESA,6,0,8,1,5,D,0,0
65757,LOS ANGELES,LONG BEACH,2,0,12,1,5,D,0,1
65758,ORANGE,COSTA MESA,1,0,9,1,5,D,0,1
65759,LOS ANGELES,NORWALK,6,0,12,1,5,D,0,1
65760,ORANGE,COSTA MESA,3,0,9,1,5,D,0,0
65761,ORANGE,IRVINE,4,0,8,1,5,D,0,1
65762,SANTA CLARA,CUPERTINO,5,0,9,1,5,D,0,1
65763,LOS ANGELES,BURBANK,2,0,9,0,5,D,0,1
65764,CONTRA COSTA,ANTIOCH,5,0,9,1,5,D,0,1
65765,CONTRA COSTA,ANTIOCH,6,0,6,1,5,D,0,1
65766,SANTA CLARA,CUPERTINO,4,0,9,1,5,D,0,1
65767,SANTA CLARA,CUPERTINO,1,0,9,1,5,D,0,1
65768,VENTURA,OXNARD,2,0,9,1,5,D,0,1
65769,LOS ANGELES,LONG BEACH,2,0,8,1,5,D,0,1
65770,ORANGE,GARDEN GROVE,3,0,9,1,5,D,0,1
65771,RIVERSIDE,PALM SPRINGS,2,0,9,1,5,D,0,1