ID,County,City,Weekday,Severity,ViolCat,ClearWeather,Month,CrashType,Highway,Daylight
66551,SAN DIEGO,SAN DIEGO,6,0,8,1,6,D,0,1
66552,SACRAMENTO,SACRAMENTO,4,0,9,1,6,D,0,1
66553,SAN DIEGO,SAN DIEGO,7,0,9,1,6,D,0,0
66554,SACRAMENTO,SACRAMENTO,4,0,9,1,6,D,0,1
66555,LOS ANGELES,POMONA,7,0,12,1,6,D,0,1
66556,SAN DIEGO,NATIONAL CITY,3,0,12,1,6,D,0,1
66557,SANTA CLARA,SAN JOSE,1,0,11,1,6,D,0,1
66558,RIVERSIDE,MORENO VALLEY,7,0,12,1,6,D,0,1
66559,SAN DIEGO,OCEANSIDE,7,0,12,0,6,D,0,1
66560,SANTA CLARA,SAN JOSE,6,0,9,1,6,D,0,1
66561,ORANGE,IRVINE,6,0,12,1,6,D,0,1
66562,BUTTE,UNINCORPORATED,4,0,1,0,5,D,0,1
66563,SACRAMENTO,SACRAMENTO,5,0,9,1,5,D,0,1
66564,ORANGE,HUNTINGTON BEACH,1,0,8,1,5,D,0,1
66565,ORANGE,HUNTINGTON BEACH,6,0,12,1,5,D,0,1
66566,LOS ANGELES,SANTA MONICA,1,0,12,1,5,D,0,1
66567,ORANGE,HUNTINGTON BEACH,2,0,9,1,5,D,0,1
66568,LOS ANGELES,SANTA MONICA,4,0,9,1,5,D,0,1
66569,ORANGE,HUNTINGTON BEACH,3,0,8,1,5,D,0,0
66570,SAN JOAQUIN,UNINCORPORATED,5,0,9,1,5,D,0,1
66571,SAN JOAQUIN,UNINCORPORATED,3,0,9,1,5,D,0,1
66572,LOS ANGELES,REDONDO BEACH,4,0,10,1,5,D,0,1
66573,RIVERSIDE,LAKE ELSINORE,3,0,9,1,5,D,0,1
66574,LOS ANGELES,ALHAMBRA,5,0,9,1,5,D,0,1
66575,LOS ANGELES,CLAREMONT,7,0,12,1,5,D,0,0
66576,LOS ANGELES,CLAREMONT,4,0,9,0,5,D,0,1
66577,KERN,UNINCORPORATED,4,0,12,1,5,D,1,1
66578,SOLANO,VALLEJO,3,0,12,0,5,D,0,1
66579,LOS ANGELES,CLAREMONT,2,0,12,1,5,D,0,1
66580,SOLANO,VALLEJO,4,1,9,1,5,D,0,1
66581,SOLANO,VALLEJO,5,0,3,1,5,D,0,0
66582,LOS ANGELES,ALHAMBRA,1,0,1,1,5,D,0,1
66583,LOS ANGELES,CLAREMONT,6,0,12,1,5,D,0,1
66584,LOS ANGELES,ALHAMBRA,7,0,12,1,5,D,0,0
66585,LOS ANGELES,ALHAMBRA,3,0,9,1,5,D,0,1
66586,LOS ANGELES,ALHAMBRA,6,1,8,1,5,D,0,0
66587,LOS ANGELES,ALHAMBRA,4,0,9,1,5,D,0,1
66588,LOS ANGELES,ALHAMBRA,3,0,9,0,5,D,0,1
66589,LOS ANGELES,CLAREMONT,3,0,8,1,5,D,0,1
66590,RIVERSIDE,RIVERSIDE,7,0,9,1,5,D,0,0
66591,LOS ANGELES,TEMPLE CITY,2,0,9,1,5,D,0,1
66592,SAN BERNARDINO,MONTCLAIR,7,0,3,1,5,D,0,1
66593,SAN BERNARDINO,MONTCLAIR,4,0,12,1,5,D,0,1
66594,SAN BERNARDINO,MONTCLAIR,4,0,9,1,5,D,0,1
66595,LOS ANGELES,HAWTHORNE,5,1,1,1,5,D,0,0
66596,LOS ANGELES,HAWTHORNE,4,0,9,1,5,D,0,0
66597,SAN JOAQUIN,UNINCORPORATED,4,0,9,1,5,D,0,1
66598,SAN DIEGO,CORONADO,1,0,9,0,5,D,0,0
66599,SAN DIEGO,CORONADO,3,0,9,1,5,D,0,1
66600,ORANGE,NEWPORT BEACH,5,0,12,1,5,D,0,0
66601,LOS ANGELES,TORRANCE,1,0,9,1,5,D,0,1
66602,LOS ANGELES,TORRANCE,1,0,9,1,5,D,0,1
66603,LOS ANGELES,TORRANCE,4,0,9,1,5,D,0,1
66604,LOS ANGELES,TORRANCE,6,0,9,1,5,D,0,1
66605,KERN,BAKERSFIELD,7,0,12,1,5,D,0,1
66606,KERN,BAKERSFIELD,5,0,9,1,5,D,0,1
66607,STANISLAUS,CERES,5,0,9,1,5,D,0,0
66608,SAN LUIS OBISPO,UNINCORPORATED,1,0,9,1,5,D,0,1
66609,SAN JOAQUIN,UNINCORPORATED,7,0,9,1,5,D,0,1
66610,SAN JOAQUIN,TRACY,2,0,9,1,5,D,0,1
66611,LOS ANGELES,REDONDO BEACH,1,0,12,1,5,D,0,1
66612,LOS ANGELES,REDONDO BEACH,5,0,9,1,5,D,1,1
66613,STANISLAUS,TURLOCK,6,0,12,1,5,D,0,1
66614,STANISLAUS,TURLOCK,2,0,12,1,5,D,0,1
66615,MERCED,UNINCORPORATED,1,0,9,1,5,D,0,1
66616,SAN DIEGO,CORONADO,4,0,9,1,5,D,0,1
66617,NAPA,UNINCORPORATED,5,0,9,1,5,D,0,1
66618,LOS ANGELES,SANTA MONICA,1,0,9,1,5,D,0,1
66619,LOS ANGELES,SANTA MONICA,5,0,9,1,5,D,0,1
66620,LOS ANGELES,LOS ANGELES,6,0,1,1,3,D,0,0
66621,KINGS,CORCORAN,4,0,9,1,1,D,0,1
66622,LOS ANGELES,LOS ANGELES,6,0,9,1,4,D,0,0
66623,LOS ANGELES,LOS ANGELES,6,0,12,1,4,D,0,1
66624,LOS ANGELES,LOS ANGELES,4,0,9,1,5,D,0,0
66625,LASSEN,UNINCORPORATED,7,0,8,1,5,D,0,1
66626,FRESNO,UNINCORPORATED,1,0,9,1,5,D,0,1
66627,FRESNO,UNINCORPORATED,6,0,6,1,5,D,0,1
66628,STANISLAUS,MODESTO,4,0,8,0,5,D,1,1
66629,HUMBOLDT,EUREKA,5,0,9,0,5,D,0,0
66630,FRESNO,FRESNO,7,0,9,1,5,D,0,1
66631,LOS ANGELES,COMPTON,6,0,9,1,5,D,0,1
66632,STANISLAUS,MODESTO,1,0,9,0,5,D,0,1
66633,SAN FRANCISCO,SAN FRANCISCO,1,0,8,0,5,D,1,0
66634,FRESNO,UNINCORPORATED,7,0,9,1,5,D,0,1
66635,STANISLAUS,MODESTO,7,0,12,1,5,D,0,1
66636,FRESNO,UNINCORPORATED,4,0,9,1,5,D,0,1
66637,FRESNO,UNINCORPORATED,6,0,9,1,5,D,0,1
66638,STANISLAUS,MODESTO,4,0,9,1,5,D,0,1
66639,FRESNO,UNINCORPORATED,2,0,9,1,5,D,0,1
66640,ALAMEDA,OAKLAND,7,0,8,1,5,D,1,0
66641,FRESNO,UNINCORPORATED,1,0,9,1,5,D,0,1
66642,STANISLAUS,MODESTO,2,0,12,0,5,D,0,1
66643,LOS ANGELES,LOS ANGELES,2,0,12,1,5,D,0,1
66644,LOS ANGELES,LOS ANGELES,7,0,9,1,5,D,0,1
66645,LOS ANGELES,LOS ANGELES,7,0,12,1,5,D,0,1
66646,LOS ANGELES,DOWNEY,1,0,9,1,5,D,0,1
66647,LOS ANGELES,LOS ANGELES,1,0,9,1,5,D,0,1
66648,SANTA CLARA,PALO ALTO,2,0,12,1,5,D,0,1
66649,LOS ANGELES,LOS ANGELES,2,0,9,1,5,D,0,1
66650,LOS ANGELES,LOS ANGELES,3,0,12,1,5,D,0,1
66651,LOS ANGELES,LOS ANGELES,3,0,8,1,5,D,0,1
66652,SANTA CLARA,PALO ALTO,6,0,12,1,5,D,0,1
66653,LOS ANGELES,LOS ANGELES,1,0,9,0,5,D,0,1
66654,SANTA CLARA,PALO ALTO,5,0,8,1,5,D,0,1
66655,LOS ANGELES,LOS ANGELES,6,0,9,1,5,D,0,1
66656,SANTA CLARA,PALO ALTO,6,0,8,1,5,D,0,1
66657,LOS ANGELES,LOS ANGELES,6,0,12,1,5,D,0,1
66658,LOS ANGELES,LOS ANGELES,1,0,8,1,5,D,0,1
66659,LOS ANGELES,LOS ANGELES,5,0,3,1,5,D,0,1
66660,LOS ANGELES,LOS ANGELES,6,0,1,1,5,D,0,0
66661,MONTEREY,MONTEREY,2,0,12,1,5,D,0,1
66662,LOS ANGELES,LOS ANGELES,5,1,9,1,4,D,0,0
66663,LOS ANGELES,LOS ANGELES,2,0,9,1,5,D,0,0
66664,LOS ANGELES,LOS ANGELES,4,0,9,1,5,D,0,1
66665,LOS ANGELES,LOS ANGELES,6,0,9,1,5,D,0,1
66666,LOS ANGELES,LOS ANGELES,7,0,12,1,5,D,0,0
66667,LOS ANGELES,LOS ANGELES,5,0,9,1,5,D,0,1
66668,LOS ANGELES,LOS ANGELES,4,0,8,1,5,D,0,1
66669,LOS ANGELES,LOS ANGELES,1,0,9,1,5,D,0,1
66670,SAN DIEGO,CARLSBAD,1,0,8,1,5,D,0,1
66671,VENTURA,THOUSAND OAKS,4,0,9,1,5,D,0,1
66672,ORANGE,SANTA ANA,2,0,9,1,6,D,0,1
66673,ALAMEDA,PLEASANTON,6,0,12,1,5,D,0,0
66674,SAN BERNARDINO,MONTCLAIR,7,0,9,0,5,D,0,1
66675,LOS ANGELES,LOS ANGELES,5,0,9,1,5,D,0,1
66676,LOS ANGELES,PALMDALE,2,0,9,1,5,D,0,1
66677,LOS ANGELES,PALMDALE,1,0,9,1,5,D,0,0
66678,LOS ANGELES,PALMDALE,5,0,9,1,5,D,0,0
66679,HUMBOLDT,EUREKA,3,0,9,1,4,D,0,1
66680,LOS ANGELES,LOS ANGELES,1,0,9,1,4,D,0,1
66681,LOS ANGELES,LOS ANGELES,6,0,1,1,4,D,0,1
66682,LOS ANGELES,LOS ANGELES,2,0,8,1,4,D,0,0
66683,LOS ANGELES,LOS ANGELES,4,0,8,1,4,D,0,0
66684,LOS ANGELES,LOS ANGELES,3,0,9,1,4,D,0,1
66685,CONTRA COSTA,ANTIOCH,4,0,12,1,5,D,0,1
66686,LOS ANGELES,LOS ANGELES,2,0,12,1,4,D,0,1
66687,LOS ANGELES,LOS ANGELES,4,0,12,1,4,D,0,0
66688,LOS ANGELES,LOS ANGELES,5,0,9,1,4,D,1,0
66689,SACRAMENTO,SACRAMENTO,1,0,7,1,5,D,1,1
66690,KERN,BAKERSFIELD,4,0,12,1,5,D,0,1
66691,KINGS,UNINCORPORATED,5,0,12,1,5,D,0,1
66692,LOS ANGELES,PARAMOUNT,3,0,9,1,5,D,0,0
66693,KINGS,UNINCORPORATED,5,0,1,1,6,D,0,1
66694,PLACER,UNINCORPORATED,6,0,9,1,5,D,0,1
66695,PLACER,UNINCORPORATED,5,0,9,1,5,D,0,1
66696,LOS ANGELES,LOS ANGELES,4,0,9,1,5,D,0,1
66697,ALAMEDA,FREMONT,4,0,12,1,5,D,0,1
66698,LOS ANGELES,PASADENA,5,0,3,1,5,D,0,0
66699,LOS ANGELES,PASADENA,4,0,12,1,5,D,0,1
66700,ALAMEDA,FREMONT,4,0,12,1,5,D,0,1
66701,SAN MATEO,REDWOOD CITY,5,0,9,1,5,D,0,1
66702,KERN,UNINCORPORATED,4,1,1,1,5,D,0,0
66703,SAN MATEO,REDWOOD CITY,2,0,12,1,5,D,0,0
66704,LOS ANGELES,LOS ANGELES,6,0,9,1,5,D,0,1
66705,SAN MATEO,REDWOOD CITY,2,0,9,1,5,D,0,1
66706,LOS ANGELES,LOS ANGELES,1,0,9,1,5,D,0,0
66707,TULARE,VISALIA,4,0,9,1,5,D,0,1
66708,TULARE,VISALIA,5,0,9,1,5,D,0,1
66709,SAN LUIS OBISPO,UNINCORPORATED,5,0,1,1,5,D,1,1
66710,LOS ANGELES,LAWNDALE,1,0,9,1,1,D,0,0
66711,ORANGE,GARDEN GROVE,1,0,9,0,6,D,0,1
66712,SAN BERNARDINO,APPLE VALLEY,7,1,9,1,6,D,0,1
66713,KERN,BAKERSFIELD,2,0,12,1,5,D,0,0
66714,TULARE,VISALIA,1,0,9,1,5,D,0,1
66715,TULARE,VISALIA,3,0,9,1,5,D,0,1
66716,LOS ANGELES,BELL GARDENS,7,0,9,1,6,D,0,1
66717,TULARE,VISALIA,6,0,12,1,5,D,0,1
66718,LOS ANGELES,LOS ANGELES,5,0,12,1,5,D,0,1
66719,LOS ANGELES,WEST HOLLYWOOD,4,0,9,1,4,D,0,1
66720,LOS ANGELES,LOS ANGELES,4,0,12,1,5,D,0,1
66721,KERN,DELANO,6,1,1,1,6,D,0,0
66722,LOS ANGELES,LOS ANGELES,4,0,9,1,5,D,0,1
66723,LOS ANGELES,LOS ANGELES,1,0,8,1,5,D,0,1
66724,VENTURA,OXNARD,7,0,12,1,6,D,0,1
66725,LOS ANGELES,LOS ANGELES,6,0,12,1,5,D,0,1
66726,LOS ANGELES,LOS ANGELES,3,0,8,1,5,D,0,1
66727,LOS ANGELES,LOS ANGELES,1,0,9,1,5,D,0,0
66728,VENTURA,OXNARD,5,0,12,1,6,D,0,0
66729,LOS ANGELES,LOS ANGELES,4,0,8,1,5,D,0,1
66730,LOS ANGELES,LOS ANGELES,1,0,9,0,5,D,0,1
66731,SAN FRANCISCO,SAN FRANCISCO,4,0,12,1,1,D,0,1
66732,LOS ANGELES,WEST HOLLYWOOD,2,0,9,1,3,D,0,1
66733,SAN FRANCISCO,SAN FRANCISCO,6,0,9,1,1,D,0,1
66734,SAN FRANCISCO,SAN FRANCISCO,5,0,8,1,1,D,0,1
66735,SAN FRANCISCO,SAN FRANCISCO,5,0,9,1,2,D,0,0
66736,SAN BERNARDINO,REDLANDS,3,0,9,1,3,D,0,1
66737,SAN FRANCISCO,SAN FRANCISCO,5,0,8,1,1,D,0,0
66738,SAN BERNARDINO,REDLANDS,2,0,8,1,3,D,0,1
66739,SAN FRANCISCO,SAN FRANCISCO,4,0,12,1,2,D,0,1
66740,SAN FRANCISCO,SAN FRANCISCO,5,0,9,1,1,D,0,0
66741,SAN FRANCISCO,SAN FRANCISCO,5,0,12,1,2,D,0,1
66742,MARIN,SAN RAFAEL,7,0,10,1,6,D,0,1
66743,LOS ANGELES,LOS ANGELES,4,0,9,1,5,D,0,1
66744,LOS ANGELES,BELL GARDENS,2,0,9,1,5,D,0,1
66745,SAN BERNARDINO,HESPERIA,6,0,9,1,6,D,0,1
66746,LOS ANGELES,MONTEBELLO,3,0,12,1,5,D,0,1
66747,SAN BERNARDINO,HESPERIA,5,0,9,1,5,D,0,1
66748,SAN BERNARDINO,HESPERIA,3,0,9,1,5,D,0,1
66749,LOS ANGELES,LOS ANGELES,6,0,9,1,5,D,0,1
66750,LOS ANGELES,LOS ANGELES,2,0,9,1,5,D,0,1
66751,STANISLAUS,MODESTO,5,0,9,1,5,D,0,1
66752,LOS ANGELES,LOS ANGELES,7,0,9,1,5,D,0,1
66753,STANISLAUS,MODESTO,5,0,9,1,5,D,0,1
66754,LOS ANGELES,LOS ANGELES,3,0,12,1,5,D,0,1
66755,STANISLAUS,MODESTO,7,0,9,1,5,D,0,1
66756,ORANGE,ANAHEIM,4,0,8,0,5,D,0,1
66757,STANISLAUS,MODESTO,7,0,12,1,5,D,0,1
66758,ORANGE,ANAHEIM,4,0,9,1,5,D,0,1
66759,LOS ANGELES,LOS ANGELES,2,0,9,1,5,D,0,1
66760,LOS ANGELES,LOS ANGELES,1,0,9,0,5,D,0,1
66761,SAN DIEGO,SAN DIEGO,5,0,9,1,5,D,0,1
66762,LOS ANGELES,LOS ANGELES,2,0,6,1,5,D,0,1
66763,LOS ANGELES,LOS ANGELES,4,0,9,1,5,D,0,1
66764,SAN DIEGO,SAN DIEGO,3,0,9,0,5,D,0,0
66765,LOS ANGELES,LOS ANGELES,5,0,9,1,5,D,0,1
66766,ORANGE,ANAHEIM,1,0,9,1,5,D,0,1
66767,LOS ANGELES,LOS ANGELES,2,0,9,1,5,D,0,0
66768,SAN DIEGO,SAN DIEGO,2,0,9,1,5,D,0,1
66769,LOS ANGELES,LOS ANGELES,1,0,9,1,5,D,0,1
66770,LOS ANGELES,LOS ANGELES,5,0,9,1,5,D,0,1
66771,LOS ANGELES,LOS ANGELES,5,0,3,1,5,D,0,1
66772,MONTEREY,MONTEREY,5,0,9,1,5,D,0,1
66773,LOS ANGELES,LANCASTER,7,0,9,1,5,D,0,1
66774,LOS ANGELES,LANCASTER,5,0,9,1,5,D,0,1
66775,KINGS,UNINCORPORATED,3,0,9,1,5,D,0,1
66776,LOS ANGELES,LANCASTER,3,0,12,1,5,D,0,1
66777,KINGS,UNINCORPORATED,5,0,8,1,5,D,1,1
66778,LOS ANGELES,BURBANK,6,0,9,1,5,D,0,1
66779,KINGS,UNINCORPORATED,5,1,9,1,5,D,0,1
66780,LOS ANGELES,BURBANK,4,0,12,0,5,D,0,1
66781,LOS ANGELES,LOS ANGELES,2,0,3,1,5,D,0,1
66782,LOS ANGELES,BURBANK,2,0,9,1,5,D,0,1
66783,LOS ANGELES,BURBANK,2,0,9,1,5,D,0,1
66784,LOS ANGELES,LOS ANGELES,4,0,12,1,5,D,0,1
66785,LOS ANGELES,BURBANK,1,0,9,1,5,D,0,1
66786,SACRAMENTO,SACRAMENTO,2,0,9,1,5,D,0,1
66787,LOS ANGELES,BURBANK,1,0,9,1,5,D,0,1
66788,LOS ANGELES,LOS ANGELES,6,0,9,1,5,D,0,1
66789,ORANGE,IRVINE,4,1,9,0,5,D,0,1
66790,MONTEREY,MONTEREY,1,0,9,0,5,D,0,1
66791,SACRAMENTO,SACRAMENTO,1,0,12,1,5,D,0,0
66792,LOS ANGELES,SANTA CLARITA,6,0,7,1,6,D,0,1
66793,LAKE,UNINCORPORATED,4,1,3,1,5,D,1,1
66794,ORANGE,HUNTINGTON BEACH,4,0,12,1,5,D,0,1
66795,ORANGE,HUNTINGTON BEACH,4,0,12,1,6,D,0,1
66796,LOS ANGELES,SANTA CLARITA,5,0,12,1,5,D,0,1
66797,ALAMEDA,UNION CITY,2,0,9,1,5,D,0,1
66798,SANTA CLARA,CAMPBELL,7,0,9,1,6,D,0,1
66799,ORANGE,ORANGE,4,0,9,1,5,D,0,1
66800,SANTA CLARA,LOS ALTOS,5,0,12,1,4,D,0,1
66801,STANISLAUS,UNINCORPORATED,3,0,9,1,5,D,0,1
66802,STANISLAUS,UNINCORPORATED,1,0,8,1,5,D,1,1
66803,LOS ANGELES,PALMDALE,5,0,12,1,5,D,0,1
66804,LOS ANGELES,LOS ANGELES,1,1,9,1,5,D,0,1
66805,BUTTE,GRIDLEY,5,0,9,1,5,D,0,1
66806,LOS ANGELES,PALMDALE,1,0,9,1,5,D,0,1
66807,LOS ANGELES,SANTA MONICA,5,0,9,1,5,D,0,1
66808,LOS ANGELES,PALMDALE,7,0,9,1,5,D,0,0
66809,ORANGE,FOUNTAIN VALLEY,3,0,9,1,5,D,0,1
66810,ORANGE,FOUNTAIN VALLEY,5,0,9,1,5,D,0,1
66811,KERN,ARVIN,7,0,9,1,5,D,0,0
66812,LOS ANGELES,PALMDALE,5,0,12,1,5,D,0,1
66813,NAPA,NAPA,7,0,9,1,5,D,0,1
66814,VENTURA,SIMI VALLEY,4,0,9,1,5,D,0,1
66815,SAN JOAQUIN,LATHROP,6,1,8,1,5,D,0,1
66816,LOS ANGELES,LOS ANGELES,5,0,6,1,5,D,0,1
66817,LOS ANGELES,LOS ANGELES,6,0,9,1,5,D,0,1
66818,LOS ANGELES,PALMDALE,4,0,8,1,5,D,0,1
66819,LOS ANGELES,PALMDALE,4,0,12,1,5,D,0,1
66820,VENTURA,OXNARD,1,0,9,1,5,D,0,0
66821,TEHAMA,UNINCORPORATED,2,0,12,1,5,D,0,0
66822,ORANGE,LAGUNA HILLS,7,0,12,1,5,D,0,1
66823,STANISLAUS,UNINCORPORATED,2,0,12,0,5,D,0,1
66824,SAN DIEGO,SAN DIEGO,4,0,9,1,6,D,0,1
66825,RIVERSIDE,LAKE ELSINORE,5,0,9,0,4,D,0,1
66826,MONTEREY,UNINCORPORATED,1,0,9,1,6,D,0,1
66827,ORANGE,ANAHEIM,1,0,12,1,6,D,0,0
66828,MONTEREY,UNINCORPORATED,1,0,9,1,6,D,0,1
66829,ORANGE,GARDEN GROVE,2,0,12,1,6,D,0,0
66830,ALAMEDA,NEWARK,3,0,9,1,4,D,0,1
66831,LOS ANGELES,CARSON,3,0,12,1,4,D,0,1
66832,LOS ANGELES,CARSON,7,0,9,1,6,D,0,1
66833,SONOMA,ROHNERT PARK,2,0,9,1,5,D,0,1
66834,VENTURA,UNINCORPORATED,7,0,9,1,6,D,0,1
66835,SAN BERNARDINO,COLTON,7,0,12,1,5,D,0,1
66836,SAN BERNARDINO,COLTON,5,0,9,1,5,D,0,1
66837,LOS ANGELES,LOS ANGELES,5,0,8,1,5,D,0,1
66838,LOS ANGELES,LOS ANGELES,2,0,9,1,6,D,0,1
66839,LOS ANGELES,LOS ANGELES,1,0,12,1,6,D,0,0
66840,LOS ANGELES,LOS ANGELES,1,0,9,1,6,D,0,1
66841,LOS ANGELES,LOS ANGELES,5,0,9,1,6,D,0,0
66842,LOS ANGELES,LOS ANGELES,4,0,9,1,6,D,0,1
66843,LOS ANGELES,LOS ANGELES,6,0,9,1,6,D,0,1
66844,ORANGE,ANAHEIM,5,0,9,1,5,D,0,1
66845,RIVERSIDE,LA QUINTA,7,0,12,1,5,D,0,1
66846,STANISLAUS,TURLOCK,5,0,9,1,5,D,0,0
66847,YOLO,UNINCORPORATED,2,0,9,1,6,D,0,0
66848,SAN BERNARDINO,FONTANA,7,0,8,1,6,D,0,1
66849,SAN JOAQUIN,TRACY,3,0,12,1,6,D,0,1
66850,LOS ANGELES,SOUTH GATE,2,0,9,1,4,D,0,1
66851,KERN,UNINCORPORATED,4,0,1,1,5,D,0,1
66852,SAN BERNARDINO,MONTCLAIR,3,0,9,1,5,D,0,1
66853,SAN BERNARDINO,MONTCLAIR,6,0,12,1,5,D,0,1
66854,SAN BERNARDINO,RIALTO,3,0,12,1,5,D,0,1
66855,SAN BERNARDINO,RIALTO,3,0,9,1,5,D,0,1
66856,SAN BERNARDINO,RIALTO,5,0,9,1,5,D,0,1
66857,VENTURA,OXNARD,3,0,9,1,5,D,0,1
66858,VENTURA,UNINCORPORATED,6,0,9,1,5,D,0,1
66859,LOS ANGELES,LOS ANGELES,2,0,9,1,5,D,0,1
66860,LOS ANGELES,LOS ANGELES,1,0,9,1,5,D,0,0
66861,LOS ANGELES,LOS ANGELES,1,0,9,1,5,D,0,1
66862,LOS ANGELES,LOS ANGELES,1,0,9,1,5,D,0,1
66863,LOS ANGELES,LOS ANGELES,2,0,9,1,5,D,0,1
66864,LOS ANGELES,LOS ANGELES,1,0,9,1,5,D,0,1
66865,LOS ANGELES,LOS ANGELES,1,0,1,1,5,D,0,0
66866,LOS ANGELES,LOS ANGELES,1,0,8,1,5,D,0,1
66867,LOS ANGELES,LOS ANGELES,7,0,12,1,5,D,0,1
66868,LOS ANGELES,LOS ANGELES,1,0,1,1,5,D,0,0
66869,LOS ANGELES,LOS ANGELES,7,0,6,1,5,D,0,1
66870,LOS ANGELES,LOS ANGELES,1,0,12,1,5,D,0,1
66871,LOS ANGELES,LOS ANGELES,3,1,9,1,5,D,0,0
66872,LOS ANGELES,LOS ANGELES,3,0,9,1,5,D,0,1
66873,LOS ANGELES,LOS ANGELES,3,0,9,1,5,D,0,1
66874,LOS ANGELES,LOS ANGELES,3,1,8,1,5,D,0,1
66875,LOS ANGELES,LOS ANGELES,1,0,9,1,5,D,0,1
66876,LOS ANGELES,LOS ANGELES,2,1,8,1,5,D,0,1
66877,LOS ANGELES,LOS ANGELES,5,0,9,1,5,D,0,1
66878,LOS ANGELES,LOS ANGELES,5,0,9,1,5,D,0,0
66879,LOS ANGELES,LOS ANGELES,2,0,9,1,5,D,0,1
66880,LOS ANGELES,LOS ANGELES,4,0,12,1,5,D,0,0
66881,LOS ANGELES,LOS ANGELES,7,0,8,1,5,D,0,0
66882,LOS ANGELES,LOS ANGELES,1,0,12,0,5,D,0,1
66883,LOS ANGELES,LOS ANGELES,6,0,8,1,5,D,0,1
66884,LOS ANGELES,LOS ANGELES,3,0,8,1,5,D,0,0
66885,LOS ANGELES,LOS ANGELES,3,0,9,1,5,D,0,1
66886,LOS ANGELES,LOS ANGELES,3,0,12,1,5,D,0,0
66887,LOS ANGELES,LOS ANGELES,2,0,9,1,5,D,0,0
66888,LOS ANGELES,LOS ANGELES,3,0,12,1,5,D,0,1
66889,LOS ANGELES,LOS ANGELES,2,0,9,1,5,D,0,1
66890,SAN LUIS OBISPO,SAN LUIS OBISPO,5,0,12,1,5,D,0,1
66891,SAN JOAQUIN,UNINCORPORATED,7,0,8,1,6,D,0,1
66892,SAN JOAQUIN,UNINCORPORATED,2,0,9,1,5,D,0,0
66893,VENTURA,OXNARD,6,0,12,1,6,D,0,1
66894,VENTURA,OXNARD,7,0,8,1,6,D,0,1
66895,CONTRA COSTA,UNINCORPORATED,2,0,7,1,6,D,0,1
66896,LOS ANGELES,SANTA MONICA,4,0,9,1,6,D,0,0
66897,RIVERSIDE,PALM DESERT,7,0,12,1,4,D,0,1
66898,SAN BERNARDINO,ONTARIO,1,0,12,1,4,D,0,1
66899,SAN BERNARDINO,MONTCLAIR,1,0,9,1,6,D,0,1
66900,LOS ANGELES,LOS ANGELES,6,0,9,1,6,D,0,1
66901,VENTURA,VENTURA,1,0,9,1,6,D,0,1
66902,VENTURA,VENTURA,1,0,9,1,6,D,0,1
66903,SAN DIEGO,OCEANSIDE,5,0,9,0,4,D,0,1
66904,LOS ANGELES,NORWALK,7,0,9,1,4,D,0,0
66905,LOS ANGELES,SOUTH GATE,1,0,9,1,4,D,0,1
66906,LOS ANGELES,SOUTH GATE,3,0,9,1,5,D,0,1
66907,LOS ANGELES,SOUTH GATE,4,0,9,1,5,D,0,1
66908,SAN BERNARDINO,CHINO HILLS,1,0,12,1,5,D,0,1
66909,MONTEREY,MONTEREY,6,0,12,1,5,D,0,1
66910,ORANGE,FULLERTON,6,0,9,1,5,D,0,1
66911,ORANGE,FULLERTON,7,0,12,1,5,D,0,1
66912,ORANGE,FULLERTON,5,0,9,1,5,D,0,0
66913,SANTA CRUZ,UNINCORPORATED,2,0,9,1,5,D,0,1
66914,ORANGE,GARDEN GROVE,2,0,9,0,5,D,0,1
66915,ORANGE,GARDEN GROVE,1,0,12,1,5,D,0,1
66916,SANTA CRUZ,UNINCORPORATED,4,0,9,0,5,D,0,1
66917,CONTRA COSTA,CONCORD,6,0,9,1,5,D,0,1
66918,ORANGE,FULLERTON,3,0,8,0,5,D,0,1
66919,CONTRA COSTA,CONCORD,6,0,12,1,5,D,0,1
66920,CONTRA COSTA,CONCORD,5,0,12,1,5,D,0,1
66921,ORANGE,FULLERTON,1,0,9,1,5,D,0,1
66922,LOS ANGELES,SOUTH GATE,2,0,12,1,4,D,0,1
66923,LOS ANGELES,SOUTH GATE,1,0,9,1,5,D,0,0
66924,SANTA CRUZ,UNINCORPORATED,3,0,8,1,5,D,0,1
66925,SANTA CRUZ,UNINCORPORATED,5,0,9,1,5,D,0,1
66926,LOS ANGELES,NORWALK,6,0,9,1,5,D,0,1
66927,KERN,BAKERSFIELD,6,0,9,1,5,D,0,1
66928,LOS ANGELES,LA MIRADA,1,0,12,1,5,D,0,1
66929,LOS ANGELES,LA MIRADA,1,0,12,1,5,D,0,1
66930,LOS ANGELES,PASADENA,1,0,12,1,5,D,0,1
66931,KERN,BAKERSFIELD,3,0,8,1,5,D,0,1
66932,LOS ANGELES,POMONA,4,0,12,1,5,D,0,1
66933,KERN,BAKERSFIELD,3,1,9,1,5,D,0,1
66934,KERN,BAKERSFIELD,1,0,12,1,5,D,0,1
66935,KERN,BAKERSFIELD,4,0,9,1,5,D,0,1
66936,SOLANO,FAIRFIELD,1,1,12,0,5,D,0,1