ID,County,City,Weekday,Severity,ViolCat,ClearWeather,Month,CrashType,Highway,Daylight
66937,RIVERSIDE,PERRIS,5,0,8,1,5,D,0,1
66938,SOLANO,FAIRFIELD,4,0,9,1,5,D,0,1
66939,SOLANO,FAIRFIELD,2,0,9,1,5,D,0,1
66940,SAN DIEGO,ESCONDIDO,6,0,12,1,5,D,0,1
66941,LOS ANGELES,POMONA,3,0,11,1,5,D,0,0
66942,SOLANO,FAIRFIELD,2,0,9,1,5,D,0,1
66943,LOS ANGELES,PALMDALE,1,0,12,0,5,D,0,1
66944,LOS ANGELES,POMONA,6,0,9,1,5,D,0,0
66945,RIVERSIDE,RIVERSIDE,2,0,9,1,5,D,0,1
66946,LOS ANGELES,PALMDALE,5,0,9,1,5,D,0,1
66947,RIVERSIDE,RIVERSIDE,3,0,9,1,5,D,0,1
66948,KERN,BAKERSFIELD,1,0,9,1,5,D,0,0
66949,LOS ANGELES,NORWALK,7,0,12,1,5,D,0,1
66950,RIVERSIDE,RIVERSIDE,2,0,8,1,5,D,0,0
66951,KERN,BAKERSFIELD,6,0,12,1,5,D,0,1
66952,SAN BERNARDINO,ONTARIO,3,0,12,1,5,D,0,1
66953,LOS ANGELES,PALMDALE,5,0,12,1,5,D,0,1
66954,LOS ANGELES,PALMDALE,1,0,12,1,5,D,0,1
66955,ALAMEDA,OAKLAND,7,0,12,1,5,D,0,1
66956,SAN BERNARDINO,ONTARIO,1,0,9,0,5,D,0,1
66957,ORANGE,NEWPORT BEACH,4,0,9,1,5,D,0,1
66958,LOS ANGELES,PALMDALE,1,0,9,1,5,D,0,1
66959,ALAMEDA,OAKLAND,7,0,9,1,5,D,0,1
66960,ORANGE,NEWPORT BEACH,2,0,9,1,5,D,0,1
66961,SAN JOAQUIN,TRACY,7,0,12,1,5,D,0,1
66962,SAN MATEO,REDWOOD CITY,5,0,9,1,5,D,0,0
66963,VENTURA,OXNARD,6,0,12,1,5,D,0,1
66964,VENTURA,OXNARD,6,0,9,1,5,D,0,1
66965,KINGS,HANFORD,1,0,9,1,5,D,0,1
66966,SAN MATEO,REDWOOD CITY,7,0,9,1,5,D,0,0
66967,VENTURA,OXNARD,5,0,9,1,5,D,0,1
66968,SAN MATEO,REDWOOD CITY,2,0,9,1,5,D,0,1
66969,SANTA CRUZ,SANTA CRUZ,2,0,9,1,5,D,0,1
66970,KERN,UNINCORPORATED,5,0,12,1,5,D,0,1
66971,EL DORADO,UNINCORPORATED,7,0,9,1,5,D,0,1
66972,VENTURA,OXNARD,5,0,9,1,5,D,1,1
66973,ORANGE,FULLERTON,3,0,12,0,4,D,0,1
66974,ALAMEDA,OAKLAND,4,0,12,1,4,D,0,1
66975,ALAMEDA,OAKLAND,4,0,12,1,5,D,0,1
66976,SAN BERNARDINO,SAN BERNARDINO,7,0,12,1,3,D,0,0
66977,SAN BERNARDINO,SAN BERNARDINO,5,0,12,1,3,D,0,0
66978,SAN BERNARDINO,SAN BERNARDINO,2,0,12,1,3,D,0,1
66979,SAN BERNARDINO,SAN BERNARDINO,5,0,9,1,3,D,0,1
66980,SAN DIEGO,EL CAJON,5,0,9,1,3,D,0,0
66981,SAN DIEGO,EL CAJON,4,0,9,1,4,D,0,1
66982,SAN BERNARDINO,RIALTO,1,0,9,0,4,D,0,1
66983,LOS ANGELES,LOS ANGELES,1,1,9,1,4,D,0,0
66984,LOS ANGELES,LOS ANGELES,6,0,10,1,4,D,0,1
66985,LOS ANGELES,LOS ANGELES,7,0,12,1,4,D,0,1
66986,LOS ANGELES,LOS ANGELES,1,0,9,0,4,D,0,1
66987,LOS ANGELES,LOS ANGELES,3,0,8,1,4,D,0,1
66988,LOS ANGELES,LOS ANGELES,4,0,9,1,4,D,0,1
66989,LOS ANGELES,LOS ANGELES,5,0,8,1,4,D,0,1
66990,LOS ANGELES,LOS ANGELES,5,0,10,1,4,D,0,1
66991,LOS ANGELES,CERRITOS,6,0,12,1,4,D,0,1
66992,LOS ANGELES,CERRITOS,4,0,9,1,4,D,0,0
66993,SAN DIEGO,SAN DIEGO,1,0,8,1,4,D,1,1
66994,SAN DIEGO,POWAY,5,1,9,1,4,D,0,1
66995,CONTRA COSTA,OAKLEY,2,0,9,1,4,D,0,1
66996,SAN BERNARDINO,ONTARIO,5,0,7,1,5,D,1,1
66997,SAN DIEGO,VISTA,5,0,12,1,5,D,0,1
66998,SAN DIEGO,VISTA,5,0,1,1,5,D,0,1
66999,ORANGE,MISSION VIEJO,3,1,12,1,5,D,0,0
67000,SAN DIEGO,ESCONDIDO,7,0,12,0,5,D,0,1
67001,SAN DIEGO,ESCONDIDO,6,0,1,1,5,D,0,0
67002,MONTEREY,SALINAS,1,0,9,1,5,D,1,1
67003,SAN BERNARDINO,RANCHO CUCAMONGA,2,0,12,1,5,D,0,1
67004,BUTTE,PARADISE,4,0,9,1,5,D,0,1
67005,SACRAMENTO,ELK GROVE,5,0,12,1,5,D,0,1
67006,RIVERSIDE,MORENO VALLEY,2,0,12,1,5,D,0,1
67007,SAN BERNARDINO,RANCHO CUCAMONGA,7,0,8,1,5,D,0,1
67008,SAN BERNARDINO,RANCHO CUCAMONGA,7,0,12,1,5,D,0,1
67009,SAN BERNARDINO,RANCHO CUCAMONGA,2,0,12,1,5,D,0,1
67010,SAN BERNARDINO,RANCHO CUCAMONGA,2,0,1,1,5,D,0,1
67011,SAN BERNARDINO,RANCHO CUCAMONGA,4,0,9,1,5,D,0,1
67012,SACRAMENTO,ELK GROVE,2,0,9,0,5,D,0,1
67013,SACRAMENTO,ELK GROVE,1,0,12,1,5,D,0,1
67014,ORANGE,ANAHEIM,5,0,12,1,5,D,0,1
67015,PLACER,UNINCORPORATED,6,0,9,1,5,D,0,1
67016,LOS ANGELES,WHITTIER,4,0,9,1,5,D,0,1
67017,CONTRA COSTA,UNINCORPORATED,3,0,9,0,5,D,0,1
67018,MERCED,ATWATER,3,0,8,1,5,D,0,1
67019,SAN BERNARDINO,FONTANA,6,0,9,1,5,D,0,1
67020,LASSEN,SUSANVILLE,3,0,9,0,5,D,0,1
67021,SAN DIEGO,SAN DIEGO,2,0,12,0,5,D,0,1
67022,SAN DIEGO,SAN DIEGO,7,0,9,1,5,D,0,0
67023,SAN DIEGO,SAN DIEGO,2,0,9,1,5,D,0,1
67024,SAN DIEGO,SAN DIEGO,2,0,12,1,5,D,0,1
67025,LOS ANGELES,LOS ANGELES,5,1,3,1,5,D,0,0
67026,LOS ANGELES,LOS ANGELES,2,0,12,1,5,D,0,1
67027,SAN BERNARDINO,REDLANDS,3,0,12,1,5,D,0,1
67028,LOS ANGELES,LOS ANGELES,2,0,9,1,5,D,0,1
67029,LOS ANGELES,LOS ANGELES,4,0,9,1,5,D,0,1
67030,LOS ANGELES,LOS ANGELES,6,0,12,1,5,D,0,1
67031,LOS ANGELES,LOS ANGELES,5,0,1,1,5,D,0,0
67032,SOLANO,FAIRFIELD,2,0,12,1,5,D,0,1
67033,NAPA,AMERICAN CANYON,1,0,12,1,5,D,0,1
67034,LOS ANGELES,NORWALK,2,0,12,1,5,D,0,0
67035,LOS ANGELES,NORWALK,4,0,9,1,5,D,0,1
67036,LOS ANGELES,NORWALK,4,0,9,1,5,D,0,1
67037,LOS ANGELES,LA MIRADA,5,0,9,1,5,D,0,1
67038,FRESNO,CLOVIS,1,0,12,1,5,D,0,1
67039,RIVERSIDE,TEMECULA,2,0,9,1,5,D,0,1
67040,SANTA CLARA,MILPITAS,5,0,9,1,5,D,0,1
67041,SANTA CLARA,MILPITAS,7,0,9,1,5,D,0,0
67042,SANTA CLARA,MILPITAS,7,0,9,1,5,D,0,1
67043,LOS ANGELES,MAYWOOD,4,0,9,1,5,D,0,1
67044,ORANGE,SANTA ANA,1,0,12,1,5,D,0,1
67045,MADERA,UNINCORPORATED,6,0,9,1,5,D,0,1
67046,ORANGE,ORANGE,1,0,12,1,5,D,0,1
67047,ORANGE,ORANGE,1,0,1,1,5,D,0,0
67048,ORANGE,ORANGE,3,0,12,1,5,D,0,1
67049,SANTA CLARA,MILPITAS,5,0,9,1,5,D,0,1
67050,ORANGE,BUENA PARK,3,0,9,0,5,D,0,1
67051,ORANGE,BUENA PARK,7,0,12,1,5,D,0,1
67052,ORANGE,BUENA PARK,3,0,12,1,5,D,0,1
67053,ORANGE,BUENA PARK,3,0,9,1,5,D,0,1
67054,ORANGE,BUENA PARK,3,0,9,1,5,D,0,1
67055,ORANGE,BUENA PARK,4,0,12,1,5,D,0,1
67056,ORANGE,BUENA PARK,1,0,12,1,5,D,0,1
67057,ORANGE,BUENA PARK,5,0,9,1,5,D,0,0
67058,ORANGE,BUENA PARK,3,0,12,1,5,D,0,1
67059,ORANGE,LAKE FOREST,5,0,12,1,5,D,0,1
67060,LOS ANGELES,GLENDALE,2,0,9,1,5,D,0,1
67061,LOS ANGELES,GLENDALE,1,0,9,1,5,D,0,1
67062,LOS ANGELES,GLENDALE,4,0,8,1,5,D,0,1
67063,LOS ANGELES,GLENDALE,2,0,12,1,5,D,0,1
67064,SONOMA,UNINCORPORATED,4,0,9,1,5,D,0,1
67065,SAN DIEGO,CHULA VISTA,1,0,12,1,3,D,0,1
67066,SAN DIEGO,CHULA VISTA,4,0,12,1,5,D,0,1
67067,SAN DIEGO,CHULA VISTA,7,0,8,0,4,D,0,0
67068,LOS ANGELES,PALMDALE,1,0,9,1,5,D,0,1
67069,LOS ANGELES,PALMDALE,2,0,8,1,6,D,0,1
67070,KERN,UNINCORPORATED,7,0,9,1,6,D,0,1
67071,LOS ANGELES,LOS ANGELES,6,0,1,1,6,D,0,0
67072,LOS ANGELES,MONROVIA,1,0,9,1,3,D,0,1
67073,LOS ANGELES,LOS ANGELES,5,0,9,1,5,D,0,1
67074,LOS ANGELES,COMPTON,7,0,9,1,6,D,0,0
67075,LOS ANGELES,COMPTON,1,0,9,1,6,D,0,1
67076,LOS ANGELES,LOS ANGELES,5,0,9,1,5,D,0,1
67077,LOS ANGELES,LANCASTER,1,0,9,1,6,D,0,1
67078,HUMBOLDT,EUREKA,3,0,9,1,4,D,0,1
67079,LOS ANGELES,LOS ANGELES,5,0,9,1,5,D,0,1
67080,LOS ANGELES,LOS ANGELES,1,0,9,1,5,D,0,1
67081,RIVERSIDE,NORCO,3,0,9,1,5,D,0,1
67082,LOS ANGELES,LOS ANGELES,2,0,9,1,5,D,0,1
67083,IMPERIAL,EL CENTRO,2,0,3,1,5,D,0,1
67084,LOS ANGELES,LOS ANGELES,7,0,9,1,5,D,0,1
67085,SAN LUIS OBISPO,SAN LUIS OBISPO,1,1,9,1,5,D,0,1
67086,IMPERIAL,EL CENTRO,7,0,12,1,6,D,0,0
67087,LOS ANGELES,LOS ANGELES,4,1,6,1,5,D,0,0
67088,TULARE,UNINCORPORATED,6,0,4,1,5,D,1,1
67089,LOS ANGELES,LOS ANGELES,6,1,12,1,5,D,0,1
67090,HUMBOLDT,EUREKA,5,0,9,1,5,D,0,1
67091,CONTRA COSTA,UNINCORPORATED,2,0,9,1,5,D,0,1
67092,HUMBOLDT,EUREKA,4,0,12,0,5,D,0,1
67093,HUMBOLDT,EUREKA,5,0,9,0,5,D,0,1
67094,LOS ANGELES,LOS ANGELES,5,0,12,1,5,D,0,1
67095,LOS ANGELES,LOS ANGELES,5,1,9,1,5,D,0,1
67096,LOS ANGELES,LOS ANGELES,1,1,12,1,5,D,0,1
67097,LOS ANGELES,LOS ANGELES,2,0,9,1,5,D,0,1
67098,LOS ANGELES,LOS ANGELES,5,0,9,1,5,D,0,1
67099,RIVERSIDE,NORCO,6,0,9,1,5,D,0,1
67100,LOS ANGELES,LOS ANGELES,6,0,9,1,5,D,0,1
67101,LOS ANGELES,LOS ANGELES,5,0,9,1,5,D,0,1
67102,LOS ANGELES,LOS ANGELES,1,0,9,1,5,D,0,1
67103,LOS ANGELES,LOS ANGELES,6,0,9,1,5,D,0,1
67104,LOS ANGELES,COMPTON,6,0,8,1,5,D,0,1
67105,LOS ANGELES,LOS ANGELES,5,0,8,1,5,D,0,1
67106,LOS ANGELES,LOS ANGELES,2,0,9,1,5,D,0,1
67107,LOS ANGELES,LOS ANGELES,3,0,9,1,5,D,0,0
67108,LOS ANGELES,LOS ANGELES,1,0,9,1,5,D,0,1
67109,SAN MATEO,BURLINGAME,2,0,9,1,5,D,0,1
67110,SAN DIEGO,LEMON GROVE,6,0,12,1,5,D,0,1
67111,LOS ANGELES,LOS ANGELES,2,1,9,1,5,D,0,0
67112,LOS ANGELES,LOS ANGELES,4,0,9,1,5,D,0,1
67113,LOS ANGELES,LANCASTER,2,0,9,1,5,D,0,1
67114,LOS ANGELES,LOS ANGELES,6,0,9,1,5,D,0,1
67115,LOS ANGELES,LANCASTER,2,0,12,1,5,D,0,1
67116,LOS ANGELES,LOS ANGELES,7,1,8,1,5,D,0,1
67117,LOS ANGELES,LOS ANGELES,5,0,9,1,5,D,0,1
67118,IMPERIAL,UNINCORPORATED,2,0,12,1,5,D,0,1
67119,LOS ANGELES,LOS ANGELES,3,0,9,1,5,D,0,1
67120,LOS ANGELES,LOS ANGELES,3,0,9,1,5,D,0,1
67121,SAN BERNARDINO,VICTORVILLE,5,0,9,1,5,D,0,1
67122,SAN BERNARDINO,SAN BERNARDINO,6,0,3,1,3,D,0,0
67123,SAN BERNARDINO,SAN BERNARDINO,5,0,9,1,3,D,0,0
67124,SAN BERNARDINO,SAN BERNARDINO,2,0,9,1,3,D,0,1
67125,SAN BERNARDINO,SAN BERNARDINO,1,0,9,1,3,D,0,1
67126,SAN BERNARDINO,SAN BERNARDINO,7,0,9,0,3,D,0,1
67127,SAN BERNARDINO,SAN BERNARDINO,5,0,9,1,3,D,0,1
67128,SAN BERNARDINO,SAN BERNARDINO,3,0,9,1,3,D,0,1
67129,SAN BERNARDINO,SAN BERNARDINO,4,0,9,1,3,D,0,1
67130,LOS ANGELES,LOS ANGELES,2,1,9,1,5,D,0,1
67131,LOS ANGELES,LOS ANGELES,5,0,9,1,5,D,0,0
67132,ORANGE,ANAHEIM,4,0,7,1,5,D,0,1
67133,LOS ANGELES,LOS ANGELES,1,0,9,1,5,D,0,0
67134,LOS ANGELES,LOS ANGELES,1,0,9,1,5,D,0,1
67135,LOS ANGELES,LOS ANGELES,5,0,9,1,5,D,0,1
67136,SANTA CLARA,SANTA CLARA,2,0,12,1,5,D,0,0
67137,SANTA CLARA,SANTA CLARA,6,0,12,1,5,D,0,1
67138,SANTA CLARA,SANTA CLARA,6,1,3,1,5,D,0,1
67139,ORANGE,IRVINE,5,0,12,1,5,D,0,0
67140,SANTA CLARA,SANTA CLARA,6,0,8,1,5,D,0,0
67141,SANTA CLARA,SANTA CLARA,5,1,9,1,5,D,0,1
67142,SANTA CRUZ,UNINCORPORATED,5,0,9,1,5,D,0,1
67143,SANTA CLARA,SANTA CLARA,1,0,9,1,5,D,0,0
67144,MONTEREY,UNINCORPORATED,4,0,9,1,6,D,0,1
67145,SAN DIEGO,SAN DIEGO,4,0,8,1,6,D,0,1
67146,LOS ANGELES,LOS ANGELES,2,0,12,1,5,D,0,1
67147,SAN DIEGO,SAN DIEGO,6,1,12,1,6,D,0,0
67148,LOS ANGELES,LOS ANGELES,7,0,12,1,6,D,0,1
67149,LOS ANGELES,LOS ANGELES,1,0,9,1,6,D,0,1
67150,SANTA CLARA,SANTA CLARA,4,0,12,1,6,D,0,1
67151,SAN DIEGO,SAN DIEGO,7,0,3,0,6,D,0,1
67152,VENTURA,OXNARD,5,0,9,1,6,D,0,1
67153,SAN DIEGO,SAN DIEGO,2,0,12,1,6,D,0,1
67154,ORANGE,IRVINE,6,0,9,1,6,D,0,1
67155,VENTURA,OXNARD,2,0,9,1,6,D,0,1
67156,SAN DIEGO,SAN DIEGO,4,0,12,1,6,D,0,1
67157,SAN DIEGO,SAN DIEGO,6,1,9,1,6,D,0,1
67158,SAN DIEGO,SAN DIEGO,6,0,9,1,6,D,0,1
67159,ORANGE,BUENA PARK,6,0,8,0,1,D,0,0
67160,NAPA,AMERICAN CANYON,2,0,12,1,6,D,0,1
67161,IMPERIAL,UNINCORPORATED,1,0,9,1,6,D,0,1
67162,IMPERIAL,UNINCORPORATED,2,0,12,1,5,D,0,1
67163,SAN DIEGO,VISTA,2,0,9,1,6,D,0,1
67164,SAN DIEGO,VISTA,2,0,8,1,5,D,0,1
67165,LOS ANGELES,DOWNEY,4,0,8,1,6,D,0,1
67166,SOLANO,FAIRFIELD,4,0,9,1,5,D,0,1
67167,LOS ANGELES,CARSON,1,0,9,1,3,D,0,1
67168,LOS ANGELES,LOS ANGELES,5,0,9,1,3,D,0,1
67169,SAN BERNARDINO,REDLANDS,5,0,9,1,3,D,0,1
67170,SAN BERNARDINO,REDLANDS,7,0,9,1,3,D,0,1
67171,SAN BERNARDINO,REDLANDS,6,0,12,1,3,D,0,1
67172,SAN BERNARDINO,REDLANDS,6,0,9,1,3,D,0,1
67173,SAN BERNARDINO,REDLANDS,3,0,9,1,3,D,0,1
67174,SAN BERNARDINO,REDLANDS,4,0,12,0,3,D,0,1
67175,SAN BERNARDINO,REDLANDS,1,0,12,1,3,D,0,1
67176,CONTRA COSTA,CONCORD,3,0,12,0,6,D,0,1
67177,LOS ANGELES,LA MIRADA,7,0,9,1,6,D,0,1
67178,SAN LUIS OBISPO,UNINCORPORATED,6,1,9,1,6,D,0,1
67179,RIVERSIDE,RIVERSIDE,1,0,3,1,6,D,1,1
67180,LOS ANGELES,GLENDALE,1,0,12,1,6,D,0,1
67181,LOS ANGELES,LOS ANGELES,7,0,12,1,6,D,0,1
67182,LOS ANGELES,LOS ANGELES,3,0,12,1,6,D,0,1
67183,LOS ANGELES,LOS ANGELES,1,0,12,1,6,D,0,1
67184,IMPERIAL,UNINCORPORATED,4,0,9,1,6,D,0,1
67185,LOS ANGELES,LOS ANGELES,7,1,12,1,6,D,0,1
67186,LOS ANGELES,LOS ANGELES,7,0,9,1,6,D,0,1
67187,LOS ANGELES,LOS ANGELES,5,0,9,1,6,D,0,1
67188,LOS ANGELES,LOS ANGELES,2,0,9,0,6,D,0,1
67189,SAN BERNARDINO,ONTARIO,7,0,9,1,6,D,0,1
67190,SAN BERNARDINO,HIGHLAND,2,0,12,1,6,D,0,1
67191,SAN BERNARDINO,HIGHLAND,7,0,12,1,6,D,0,1
67192,SAN DIEGO,VISTA,2,0,12,1,6,D,0,1
67193,SAN DIEGO,VISTA,1,0,12,1,6,D,0,1
67194,ORANGE,SAN JUAN CAPISTRANO,1,0,7,1,6,D,1,1
67195,SAN BERNARDINO,ONTARIO,1,0,9,1,6,D,0,1
67196,SAN MATEO,SOUTH SAN FRANCISCO,5,0,9,1,6,D,0,1
67197,MARIN,SAN RAFAEL,4,0,9,1,6,D,0,1
67198,CONTRA COSTA,CONCORD,5,0,9,1,6,D,0,1
67199,EL DORADO,UNINCORPORATED,6,0,9,1,6,D,0,0
67200,EL DORADO,UNINCORPORATED,7,0,9,1,6,D,0,1
67201,SAN BENITO,HOLLISTER,2,0,6,1,5,D,0,1
67202,STANISLAUS,MODESTO,6,0,9,1,5,D,0,1
67203,LOS ANGELES,LA PUENTE,2,0,9,1,5,D,0,1
67204,LOS ANGELES,INDUSTRY,4,0,9,1,5,D,0,0
67205,MARIN,UNINCORPORATED,7,0,6,1,5,D,1,1
67206,SAN DIEGO,NATIONAL CITY,3,0,8,1,5,D,0,0
67207,SAN DIEGO,NATIONAL CITY,3,0,12,1,5,D,0,1
67208,LOS ANGELES,SOUTH GATE,1,0,9,1,5,D,0,1
67209,STANISLAUS,MODESTO,2,1,12,1,6,D,0,1
67210,SAN BERNARDINO,RIALTO,2,0,9,1,5,D,0,1
67211,MARIN,UNINCORPORATED,1,0,9,1,6,D,0,1
67212,SAN DIEGO,ESCONDIDO,3,0,12,1,5,D,0,1
67213,STANISLAUS,MODESTO,3,0,9,1,6,D,0,1
67214,SAN DIEGO,ESCONDIDO,7,0,9,1,5,D,0,1
67215,STANISLAUS,MODESTO,3,0,9,1,6,D,0,1
67216,LOS ANGELES,LONG BEACH,3,0,1,1,6,D,0,0
67217,SAN DIEGO,ESCONDIDO,6,0,12,1,5,D,0,1
67218,STANISLAUS,MODESTO,3,0,9,1,6,D,0,1
67219,STANISLAUS,MODESTO,3,0,9,1,6,D,0,0
67220,SAN MATEO,REDWOOD CITY,2,0,9,1,6,D,0,1
67221,LOS ANGELES,LAWNDALE,1,0,9,0,5,D,0,1
67222,LOS ANGELES,LAWNDALE,3,0,9,1,5,D,0,1
67223,LOS ANGELES,MONTEBELLO,7,0,9,1,5,D,0,1
67224,LOS ANGELES,LAWNDALE,4,0,6,1,5,D,0,1
67225,LOS ANGELES,MONTEBELLO,4,0,10,1,5,D,0,1
67226,STANISLAUS,MODESTO,5,0,12,1,6,D,0,1
67227,STANISLAUS,MODESTO,5,0,9,1,6,D,0,1
67228,SAN MATEO,REDWOOD CITY,6,0,9,1,6,D,0,1
67229,LOS ANGELES,SOUTH GATE,3,0,12,1,5,D,0,1
67230,LOS ANGELES,MONTEBELLO,6,0,9,1,5,D,0,0
67231,LOS ANGELES,LONG BEACH,3,1,9,1,6,D,0,1
67232,ORANGE,COSTA MESA,1,0,12,1,6,D,0,1
67233,LOS ANGELES,LAWNDALE,4,0,9,1,3,D,0,1
67234,LOS ANGELES,LAWNDALE,5,0,9,0,3,D,0,1
67235,LOS ANGELES,LONG BEACH,2,0,12,1,6,D,0,1
67236,LOS ANGELES,BELLFLOWER,4,0,9,1,3,D,0,1
67237,RIVERSIDE,CATHEDRAL CITY,1,0,12,1,3,D,0,1
67238,SANTA CLARA,PALO ALTO,3,0,9,1,6,D,0,1
67239,RIVERSIDE,CATHEDRAL CITY,1,0,12,1,3,D,0,1
67240,ALAMEDA,FREMONT,1,0,12,1,3,D,0,0
67241,LOS ANGELES,LONG BEACH,6,0,12,0,6,D,0,1
67242,SANTA CLARA,PALO ALTO,6,0,12,1,6,D,0,1
67243,CONTRA COSTA,DANVILLE,1,0,8,1,6,D,0,1
67244,LOS ANGELES,LYNWOOD,3,0,9,1,6,D,0,1
67245,SAN JOAQUIN,UNINCORPORATED,7,0,12,1,6,D,0,1
67246,SAN DIEGO,CHULA VISTA,5,0,12,1,5,D,0,1
67247,SAN LUIS OBISPO,UNINCORPORATED,5,0,9,1,6,D,0,1
67248,SAN DIEGO,ESCONDIDO,4,0,10,1,5,D,0,1
67249,CONTRA COSTA,CONCORD,7,0,8,1,5,D,0,1
67250,ALAMEDA,OAKLAND,5,0,12,1,5,D,0,0
67251,CONTRA COSTA,RICHMOND,4,0,12,1,5,D,0,1
67252,ALAMEDA,OAKLAND,5,0,9,1,5,D,0,1
67253,CONTRA COSTA,RICHMOND,4,0,8,1,5,D,0,1
67254,ALAMEDA,OAKLAND,3,0,3,1,5,D,0,1
67255,CONTRA COSTA,RICHMOND,3,0,9,1,5,D,0,0
67256,LOS ANGELES,LOS ANGELES,1,0,9,1,5,D,0,1
67257,LOS ANGELES,LOS ANGELES,1,0,12,0,6,D,0,1
67258,ORANGE,SANTA ANA,1,0,9,1,6,D,0,1
67259,CONTRA COSTA,RICHMOND,1,0,9,1,6,D,0,1
67260,ORANGE,SANTA ANA,7,0,8,1,5,D,0,0
67261,CONTRA COSTA,RICHMOND,1,0,8,1,6,D,0,1
67262,CONTRA COSTA,RICHMOND,5,0,1,1,6,D,0,1
67263,LOS ANGELES,LOS ANGELES,2,0,9,1,5,D,0,1
67264,SAN MATEO,MENLO PARK,3,0,9,1,6,D,0,1
67265,LOS ANGELES,GLENDALE,2,0,12,0,6,D,0,0
67266,LOS ANGELES,LOS ANGELES,5,0,9,1,5,D,0,1
67267,ORANGE,SANTA ANA,5,0,8,1,5,D,0,0
67268,ORANGE,SANTA ANA,6,0,12,1,6,D,0,0
67269,ORANGE,SANTA ANA,4,0,9,1,5,D,0,1
67270,LOS ANGELES,LOS ANGELES,4,0,8,1,5,D,0,1
67271,ORANGE,SANTA ANA,6,0,12,1,6,D,0,1
67272,LOS ANGELES,LOS ANGELES,5,0,9,1,5,D,0,0
67273,LOS ANGELES,LOS ANGELES,5,0,8,1,5,D,0,1
67274,ORANGE,SANTA ANA,6,1,9,1,6,D,0,0
67275,RIVERSIDE,PERRIS,5,0,9,1,5,D,0,1
67276,LOS ANGELES,LOS ANGELES,7,0,12,1,5,D,0,1
67277,LOS ANGELES,LOS ANGELES,6,0,9,1,6,D,0,1
67278,LOS ANGELES,LOS ANGELES,5,0,9,0,5,D,0,0
67279,LOS ANGELES,GLENDALE,1,0,12,1,6,D,0,1
67280,LOS ANGELES,GLENDALE,4,0,9,1,6,D,0,1
67281,LOS ANGELES,GLENDALE,6,0,12,1,6,D,0,0
67282,ORANGE,ANAHEIM,1,0,9,1,4,D,0,1
67283,SAN MATEO,EAST PALO ALTO,1,0,11,1,4,D,0,1
67284,ORANGE,BUENA PARK,4,0,12,1,4,D,0,1
67285,LOS ANGELES,LOS ANGELES,1,0,3,1,6,D,0,0
67286,ALAMEDA,OAKLAND,6,0,9,1,4,D,0,1
67287,LOS ANGELES,GLENDALE,2,0,9,0,6,D,0,1
67288,LOS ANGELES,GLENDALE,7,0,12,1,6,D,0,1
67289,LOS ANGELES,WHITTIER,5,0,9,1,4,D,0,1
67290,SUTTER,UNINCORPORATED,4,0,9,1,5,D,0,1
67291,STANISLAUS,MODESTO,5,0,9,1,6,D,0,0
67292,ORANGE,COSTA MESA,7,0,9,0,6,D,0,1
67293,SANTA CRUZ,CAPITOLA,6,0,9,1,2,D,0,0
67294,LOS ANGELES,LOS ANGELES,4,0,9,1,5,D,0,1
67295,SAN FRANCISCO,SAN FRANCISCO,2,0,9,1,1,D,0,1
67296,SAN FRANCISCO,SAN FRANCISCO,3,0,9,0,1,D,0,0
67297,SAN FRANCISCO,SAN FRANCISCO,1,0,3,1,1,D,0,0
67298,SAN FRANCISCO,SAN FRANCISCO,3,0,9,0,1,D,0,1
67299,SAN FRANCISCO,SAN FRANCISCO,1,0,9,1,1,D,0,1
67300,SAN FRANCISCO,SAN FRANCISCO,5,0,9,1,1,D,0,0
67301,SAN FRANCISCO,SAN FRANCISCO,2,0,8,1,1,D,0,0
67302,SAN FRANCISCO,SAN FRANCISCO,2,0,8,1,1,D,0,0
67303,SAN FRANCISCO,SAN FRANCISCO,7,0,9,1,1,D,0,1
67304,LOS ANGELES,INGLEWOOD,3,0,9,0,1,D,0,1
67305,SAN FRANCISCO,SAN FRANCISCO,7,0,9,1,1,D,0,0
67306,LOS ANGELES,INGLEWOOD,4,0,9,1,1,D,0,1
67307,LOS ANGELES,INGLEWOOD,2,0,9,1,1,D,0,1
67308,SAN FRANCISCO,SAN FRANCISCO,4,0,3,0,1,D,0,1
67309,SAN FRANCISCO,SAN FRANCISCO,4,0,7,1,1,D,0,0
67310,LOS ANGELES,PARAMOUNT,6,0,12,1,1,D,0,1
67311,SAN FRANCISCO,SAN FRANCISCO,7,0,3,0,1,D,0,0
67312,SAN BERNARDINO,REDLANDS,4,0,12,1,1,D,0,0
67313,SAN FRANCISCO,SAN FRANCISCO,6,0,8,1,1,D,0,0
67314,KERN,BAKERSFIELD,7,0,9,1,6,D,0,0
67315,STANISLAUS,MODESTO,2,0,9,1,5,D,0,1
67316,SAN LUIS OBISPO,SAN LUIS OBISPO,3,0,9,1,5,D,0,1
67317,SAN DIEGO,CHULA VISTA,7,0,12,1,5,D,0,1
67318,LOS ANGELES,LOS ANGELES,3,0,9,1,5,D,0,1
67319,LOS ANGELES,LOS ANGELES,3,0,12,1,5,D,0,1
67320,SAN BERNARDINO,REDLANDS,1,0,9,1,5,D,0,1
67321,ALAMEDA,ALAMEDA,3,0,9,1,5,D,0,1
67322,LOS ANGELES,COMPTON,7,0,9,1,5,D,0,0