ID,County,City,Weekday,Severity,ViolCat,ClearWeather,Month,CrashType,Highway,Daylight
67323,SANTA CLARA,GILROY,6,0,9,1,5,D,0,1
67324,SOLANO,VALLEJO,3,0,12,1,5,D,0,1
67325,SAN LUIS OBISPO,SAN LUIS OBISPO,3,0,8,1,5,D,0,1
67326,SAN DIEGO,CHULA VISTA,1,0,3,1,5,D,0,1
67327,SOLANO,VALLEJO,2,0,12,1,5,D,0,1
67328,SAN LUIS OBISPO,SAN LUIS OBISPO,4,0,9,1,5,D,0,1
67329,SAN LUIS OBISPO,SAN LUIS OBISPO,1,0,8,1,5,D,0,1
67330,SAN BERNARDINO,REDLANDS,6,0,9,1,5,D,0,1
67331,SAN DIEGO,CHULA VISTA,1,0,9,1,5,D,0,1
67332,LOS ANGELES,WEST HOLLYWOOD,4,0,9,1,5,D,0,1
67333,SUTTER,UNINCORPORATED,5,0,9,1,5,D,0,1
67334,ORANGE,GARDEN GROVE,4,0,9,1,5,D,0,1
67335,SACRAMENTO,SACRAMENTO,4,0,9,1,5,D,0,1
67336,LOS ANGELES,LOS ANGELES,3,0,12,1,5,D,0,0
67337,LOS ANGELES,LYNWOOD,6,0,12,1,5,D,0,1
67338,LOS ANGELES,LANCASTER,4,0,12,1,5,D,0,1
67339,LOS ANGELES,LOS ANGELES,3,0,9,1,5,D,0,1
67340,LOS ANGELES,LOS ANGELES,7,0,9,1,5,D,0,1
67341,LOS ANGELES,LOS ANGELES,5,1,9,1,5,D,0,1
67342,ORANGE,GARDEN GROVE,6,0,12,1,5,D,0,1
67343,LOS ANGELES,LOS ANGELES,4,0,12,1,5,D,0,1
67344,LOS ANGELES,LANCASTER,4,0,9,1,5,D,0,1
67345,LOS ANGELES,LOS ANGELES,5,0,9,1,5,D,0,1
67346,ORANGE,GARDEN GROVE,7,0,9,1,5,D,0,1
67347,LOS ANGELES,LANCASTER,2,0,12,0,5,D,0,1
67348,SAN DIEGO,SAN DIEGO,4,0,8,1,5,D,0,1
67349,LOS ANGELES,LOS ANGELES,3,0,9,1,5,D,0,1
67350,LOS ANGELES,LOS ANGELES,4,0,8,1,5,D,0,1
67351,LOS ANGELES,LOS ANGELES,5,0,12,1,5,D,0,1
67352,SAN DIEGO,SAN DIEGO,2,0,9,1,5,D,0,1
67353,ORANGE,ANAHEIM,5,0,12,0,5,D,0,1
67354,SAN DIEGO,SAN DIEGO,4,0,12,1,5,D,0,1
67355,LOS ANGELES,LOS ANGELES,3,0,8,1,5,D,0,0
67356,LOS ANGELES,LONG BEACH,1,0,9,1,5,D,0,1
67357,SAN DIEGO,SAN DIEGO,3,0,9,1,5,D,0,1
67358,LOS ANGELES,LOS ANGELES,5,0,12,1,5,D,0,1
67359,LOS ANGELES,LOS ANGELES,4,0,8,1,5,D,0,0
67360,LOS ANGELES,LOS ANGELES,3,0,12,1,5,D,0,1
67361,LOS ANGELES,LOS ANGELES,4,0,9,1,5,D,0,1
67362,LOS ANGELES,LOS ANGELES,4,0,8,1,5,D,0,0
67363,ORANGE,ANAHEIM,5,0,9,1,5,D,0,1
67364,ORANGE,ANAHEIM,5,0,9,1,5,D,0,0
67365,STANISLAUS,MODESTO,3,0,12,1,6,D,0,1
67366,STANISLAUS,MODESTO,3,0,9,1,6,D,0,0
67367,SAN DIEGO,SAN DIEGO,3,0,12,1,5,D,0,0
67368,CONTRA COSTA,CONCORD,4,0,12,1,5,D,0,1
67369,VENTURA,OXNARD,3,0,9,1,5,D,0,1
67370,SAN BERNARDINO,COLTON,1,0,9,1,5,D,0,1
67371,CONTRA COSTA,PLEASANT HILL,2,0,12,1,5,D,0,1
67372,RIVERSIDE,LA QUINTA,1,0,12,1,6,D,0,1
67373,LOS ANGELES,LOS ANGELES,1,0,9,1,5,D,0,1
67374,CONTRA COSTA,MARTINEZ,1,0,12,1,5,D,0,1
67375,LOS ANGELES,LOS ANGELES,6,0,1,1,5,D,0,1
67376,LOS ANGELES,COMPTON,5,0,9,1,6,D,0,0
67377,STANISLAUS,MODESTO,5,0,9,1,6,D,1,1
67378,STANISLAUS,MODESTO,6,0,12,1,6,D,0,1
67379,ORANGE,ANAHEIM,5,0,8,0,5,D,0,1
67380,STANISLAUS,MODESTO,5,0,12,1,6,D,0,1
67381,LOS ANGELES,LOS ANGELES,6,0,8,1,6,D,0,1
67382,LOS ANGELES,LOS ANGELES,6,0,9,1,6,D,1,1
67383,ORANGE,NEWPORT BEACH,6,0,1,1,6,D,0,0
67384,LOS ANGELES,LOS ANGELES,7,0,9,1,6,D,0,1
67385,LOS ANGELES,LOS ANGELES,6,0,9,1,6,D,0,1
67386,SAN DIEGO,SAN DIEGO,6,0,12,1,6,D,0,1
67387,LOS ANGELES,REDONDO BEACH,4,0,12,1,6,D,0,1
67388,LOS ANGELES,LONG BEACH,7,0,9,1,6,D,0,1
67389,LOS ANGELES,LOS ANGELES,6,0,8,1,6,D,0,1
67390,LOS ANGELES,LOS ANGELES,6,0,9,1,6,D,0,0
67391,SAN BENITO,SAN JUAN BAUTISTA,6,0,3,1,6,D,0,1
67392,LOS ANGELES,LONG BEACH,3,0,12,1,6,D,0,1
67393,LOS ANGELES,LONG BEACH,4,0,9,1,6,D,0,1
67394,VENTURA,OXNARD,2,0,12,1,6,D,0,1
67395,ORANGE,NEWPORT BEACH,2,0,9,1,6,D,0,1
67396,SAN DIEGO,SAN DIEGO,7,0,3,1,6,D,0,0
67397,LOS ANGELES,LONG BEACH,7,0,12,1,6,D,0,0
67398,LOS ANGELES,LOS ANGELES,7,0,1,1,6,D,0,1
67399,KINGS,HANFORD,4,0,9,1,6,D,0,1
67400,LOS ANGELES,LOS ANGELES,7,0,9,1,6,D,0,1
67401,LOS ANGELES,LOS ANGELES,6,0,9,1,6,D,0,0
67402,ORANGE,ANAHEIM,1,0,12,1,6,D,0,1
67403,RIVERSIDE,RIVERSIDE,3,0,12,1,6,D,0,1
67404,RIVERSIDE,RIVERSIDE,4,0,12,1,6,D,0,1
67405,TULARE,UNINCORPORATED,2,1,3,1,6,D,1,1
67406,CONTRA COSTA,SAN PABLO,2,0,10,1,6,D,0,1
67407,LOS ANGELES,LOS ANGELES,6,1,1,1,6,D,0,0
67408,TULARE,UNINCORPORATED,3,0,9,1,6,D,0,1
67409,ALAMEDA,NEWARK,7,0,12,1,6,D,0,1
67410,TULARE,UNINCORPORATED,1,0,9,1,6,D,0,1
67411,KERN,BAKERSFIELD,1,0,9,1,6,D,0,1
67412,KERN,BAKERSFIELD,7,0,1,1,6,D,0,0
67413,KERN,UNINCORPORATED,1,0,9,1,6,D,0,0
67414,ORANGE,FULLERTON,7,0,12,1,6,D,0,1
67415,ORANGE,FULLERTON,2,0,9,1,6,D,0,1
67416,MERCED,MERCED,4,0,12,1,6,D,0,0
67417,MERCED,MERCED,5,0,12,1,6,D,0,1
67418,MERCED,MERCED,6,0,9,1,6,D,0,1
67419,ALAMEDA,OAKLAND,6,0,8,1,6,D,0,1
67420,SAN BERNARDINO,CHINO,2,0,12,1,4,D,0,1
67421,KERN,BAKERSFIELD,3,0,3,1,6,D,0,0
67422,ORANGE,GARDEN GROVE,3,0,9,0,6,D,0,1
67423,TUOLUMNE,UNINCORPORATED,1,0,9,1,6,D,0,1
67424,TUOLUMNE,UNINCORPORATED,3,0,3,1,6,D,0,0
67425,TUOLUMNE,UNINCORPORATED,1,0,9,1,6,D,1,1
67426,SAN LUIS OBISPO,UNINCORPORATED,4,0,3,1,6,D,0,1
67427,ORANGE,ORANGE,6,0,12,0,6,D,0,1
67428,ORANGE,ORANGE,1,0,9,1,5,D,0,1
67429,RIVERSIDE,HEMET,1,0,1,1,6,D,0,0
67430,KERN,BAKERSFIELD,4,0,9,1,6,D,0,1
67431,VENTURA,THOUSAND OAKS,1,0,12,1,6,D,0,1
67432,SAN BERNARDINO,RIALTO,4,0,9,1,6,D,0,1
67433,RIVERSIDE,RIVERSIDE,7,0,7,1,6,D,1,1
67434,SANTA CRUZ,WATSONVILLE,3,0,9,1,6,D,0,1
67435,LOS ANGELES,LOS ANGELES,7,0,9,1,6,D,0,0
67436,LOS ANGELES,LOS ANGELES,2,1,12,1,6,D,0,1
67437,ORANGE,TUSTIN,1,0,12,1,6,D,0,1
67438,ORANGE,TUSTIN,7,0,12,1,5,D,0,1
67439,LOS ANGELES,SANTA FE SPRINGS,5,0,1,1,5,D,0,0
67440,SANTA CRUZ,WATSONVILLE,4,0,9,1,6,D,0,1
67441,SAN LUIS OBISPO,ARROYO GRANDE,4,1,9,1,5,D,0,1
67442,SAN LUIS OBISPO,ARROYO GRANDE,5,1,8,1,5,D,0,1
67443,SACRAMENTO,ELK GROVE,7,0,12,1,6,D,0,1
67444,SACRAMENTO,ELK GROVE,3,0,7,1,5,D,1,0
67445,LOS ANGELES,LOS ANGELES,2,0,9,1,6,D,0,1
67446,SAN FRANCISCO,SAN FRANCISCO,1,0,9,1,1,D,0,1
67447,SAN FRANCISCO,SAN FRANCISCO,5,0,3,1,1,D,0,1
67448,SAN FRANCISCO,SAN FRANCISCO,4,0,8,1,1,D,0,1
67449,SAN FRANCISCO,SAN FRANCISCO,3,0,9,0,1,D,0,0
67450,SAN FRANCISCO,SAN FRANCISCO,5,0,3,1,1,D,0,0
67451,SAN FRANCISCO,SAN FRANCISCO,2,1,12,1,1,D,0,0
67452,SAN FRANCISCO,SAN FRANCISCO,2,0,7,1,1,D,0,0
67453,ORANGE,SANTA ANA,5,0,1,1,2,D,0,0
67454,YOLO,DAVIS,2,0,9,1,2,D,0,0
67455,STANISLAUS,RIVERBANK,3,0,12,1,2,D,0,1
67456,MERCED,LOS BANOS,3,0,9,1,3,D,0,1
67457,MERCED,LOS BANOS,4,0,12,1,2,D,0,1
67458,MERCED,LOS BANOS,4,0,12,1,2,D,0,1
67459,SOLANO,VALLEJO,5,0,9,0,4,D,0,1
67460,LOS ANGELES,LOS ANGELES,3,0,8,1,4,D,1,0
67461,RIVERSIDE,LAKE ELSINORE,4,0,9,1,4,D,0,0
67462,ALAMEDA,BERKELEY,5,0,3,1,5,D,0,1
67463,SOLANO,VALLEJO,3,0,12,1,4,D,0,1
67464,FRESNO,UNINCORPORATED,4,0,9,1,6,D,0,0
67465,MADERA,UNINCORPORATED,2,0,9,1,5,D,0,1
67466,CONTRA COSTA,UNINCORPORATED,1,0,1,1,5,D,0,0
67467,ORANGE,HUNTINGTON BEACH,4,0,9,1,6,D,0,1
67468,SAN BERNARDINO,FONTANA,1,0,12,1,6,D,0,1
67469,ORANGE,SANTA ANA,2,0,9,0,6,D,0,1
67470,SACRAMENTO,FOLSOM,4,0,8,1,6,D,0,1
67471,ORANGE,ANAHEIM,4,0,9,1,6,D,0,0
67472,LOS ANGELES,LOS ANGELES,4,0,9,1,5,D,0,1
67473,ALAMEDA,OAKLAND,2,0,8,1,4,D,0,0
67474,ALAMEDA,OAKLAND,5,1,8,1,5,D,0,1
67475,LOS ANGELES,LOS ANGELES,6,0,12,1,6,D,0,1
67476,NAPA,UNINCORPORATED,3,0,8,1,5,D,0,1
67477,SONOMA,UNINCORPORATED,2,0,9,1,6,D,0,1
67478,SAN DIEGO,SAN DIEGO,4,0,3,1,5,D,1,0
67479,ALAMEDA,FREMONT,5,0,12,1,6,D,0,1
67480,SAN JOAQUIN,TRACY,3,0,8,1,6,D,0,1
67481,ORANGE,HUNTINGTON BEACH,5,0,9,1,6,D,0,1
67482,ORANGE,HUNTINGTON BEACH,4,0,9,1,6,D,0,1
67483,LOS ANGELES,LOS ANGELES,6,0,9,0,6,D,0,1
67484,ORANGE,SANTA ANA,1,0,9,1,6,D,0,1
67485,LOS ANGELES,LOS ANGELES,6,0,12,1,6,D,0,1
67486,ORANGE,SANTA ANA,4,0,12,1,5,D,0,1
67487,ORANGE,SANTA ANA,7,0,12,1,6,D,0,1
67488,LOS ANGELES,LOS ANGELES,7,0,12,1,6,D,0,1
67489,ORANGE,ANAHEIM,4,0,9,1,6,D,0,1
67490,ORANGE,ANAHEIM,5,0,12,1,6,D,0,1
67491,ORANGE,SANTA ANA,2,1,12,1,6,D,0,1
67492,ORANGE,ANAHEIM,7,0,8,1,6,D,0,0
67493,ORANGE,SANTA ANA,2,0,9,1,6,D,0,1
67494,ORANGE,ANAHEIM,7,0,12,1,6,D,0,1
67495,ORANGE,SANTA ANA,2,0,12,0,6,D,0,1
67496,ORANGE,SANTA ANA,3,0,9,1,6,D,0,1
67497,ALAMEDA,FREMONT,3,0,8,1,6,D,0,1
67498,ALAMEDA,DUBLIN,4,0,9,1,6,D,0,1
67499,SAN DIEGO,SAN DIEGO,6,0,3,0,6,D,0,0
67500,SAN DIEGO,SAN DIEGO,1,0,12,1,6,D,0,1
67501,ORANGE,ANAHEIM,2,0,9,1,6,D,0,1
67502,ORANGE,ANAHEIM,2,0,9,1,6,D,0,1
67503,ORANGE,ANAHEIM,1,0,9,1,6,D,0,1
67504,SAN DIEGO,SAN DIEGO,6,0,8,1,6,D,0,0
67505,SAN DIEGO,SAN DIEGO,5,0,9,0,6,D,0,0
67506,SAN DIEGO,SAN DIEGO,6,0,9,0,6,D,0,0
67507,SAN DIEGO,SAN DIEGO,6,0,9,0,6,D,0,0
67508,VENTURA,PORT HUENEME,1,0,9,1,5,D,0,1
67509,LOS ANGELES,SANTA CLARITA,2,0,12,1,6,D,0,1
67510,LOS ANGELES,SANTA CLARITA,4,0,3,1,6,D,0,1
67511,SAN DIEGO,ESCONDIDO,4,0,12,1,6,D,0,0
67512,SAN DIEGO,ESCONDIDO,4,0,12,1,6,D,0,1
67513,LOS ANGELES,LYNWOOD,7,0,8,1,6,D,0,1
67514,SAN BERNARDINO,CHINO,4,1,12,1,2,D,0,1
67515,SAN BERNARDINO,CHINO,2,0,9,1,5,D,0,1
67516,LOS ANGELES,LYNWOOD,2,0,12,1,4,D,0,1
67517,ORANGE,SANTA ANA,4,0,9,0,6,D,0,1
67518,MENDOCINO,UNINCORPORATED,5,0,1,1,6,D,1,1
67519,LOS ANGELES,CULVER CITY,5,0,12,1,5,D,0,1
67520,SAN BERNARDINO,CHINO,4,0,9,1,4,D,0,1
67521,SAN BERNARDINO,CHINO,4,0,9,0,4,D,0,1
67522,KERN,UNINCORPORATED,3,0,9,1,6,D,0,1
67523,SAN BERNARDINO,CHINO,5,0,12,1,4,D,0,1
67524,TULARE,UNINCORPORATED,2,0,9,1,6,D,0,1
67525,SOLANO,VACAVILLE,1,0,9,1,6,D,0,1
67526,SAN FRANCISCO,SAN FRANCISCO,5,0,9,1,3,D,0,1
67527,SOLANO,FAIRFIELD,3,0,3,0,6,D,0,1
67528,ALAMEDA,FREMONT,1,0,12,0,5,D,0,1
67529,ALAMEDA,FREMONT,4,0,9,1,6,D,1,1
67530,SAN FRANCISCO,SAN FRANCISCO,6,0,12,0,3,D,0,0
67531,SAN FRANCISCO,SAN FRANCISCO,6,0,9,0,3,D,0,1
67532,SAN FRANCISCO,SAN FRANCISCO,3,0,9,0,3,D,0,1
67533,SAN FRANCISCO,SAN FRANCISCO,4,0,9,1,3,D,0,0
67534,SAN FRANCISCO,SAN FRANCISCO,5,0,3,1,3,D,0,1
67535,ORANGE,ORANGE,1,0,9,0,5,D,0,1
67536,LOS ANGELES,SANTA CLARITA,4,0,8,1,5,D,0,1
67537,ORANGE,ORANGE,3,0,9,1,5,D,0,0
67538,HUMBOLDT,EUREKA,3,0,12,0,5,D,0,1
67539,ALAMEDA,UNION CITY,3,0,12,0,5,D,0,1
67540,ORANGE,ORANGE,4,0,9,1,5,D,0,1
67541,ORANGE,ORANGE,4,0,9,1,5,D,0,1
67542,CONTRA COSTA,BRENTWOOD,3,0,9,1,5,D,0,1
67543,LOS ANGELES,SANTA CLARITA,5,0,9,1,5,D,0,0
67544,ORANGE,ORANGE,5,0,12,1,5,D,0,1
67545,LOS ANGELES,SANTA CLARITA,5,0,9,1,5,D,0,1
67546,SACRAMENTO,SACRAMENTO,4,0,9,1,5,D,0,1
67547,SACRAMENTO,SACRAMENTO,5,0,9,1,6,D,0,1
67548,RIVERSIDE,RIVERSIDE,4,0,9,1,6,D,0,1
67549,SAN BERNARDINO,REDLANDS,3,0,9,1,2,D,0,1
67550,SAN FRANCISCO,SAN FRANCISCO,3,0,8,1,3,D,0,0
67551,SAN FRANCISCO,SAN FRANCISCO,4,0,9,1,3,D,0,1
67552,LOS ANGELES,WEST HOLLYWOOD,2,1,12,1,3,D,0,0
67553,LOS ANGELES,PASADENA,6,0,12,1,6,D,0,1
67554,VENTURA,OXNARD,6,0,8,0,6,D,0,1
67555,LOS ANGELES,BURBANK,7,0,9,1,6,D,0,1
67556,LOS ANGELES,BURBANK,6,0,9,0,6,D,0,1
67557,LOS ANGELES,BURBANK,5,0,9,1,6,D,0,1
67558,RIVERSIDE,HEMET,6,0,12,1,6,D,0,1
67559,LOS ANGELES,LOS ANGELES,2,0,8,1,6,D,0,1
67560,LOS ANGELES,REDONDO BEACH,4,0,12,1,6,D,0,1
67561,SONOMA,UNINCORPORATED,3,0,9,1,6,D,0,1
67562,LOS ANGELES,LOS ANGELES,2,0,8,1,6,D,0,0
67563,LOS ANGELES,LOS ANGELES,2,0,1,1,6,D,0,1
67564,RIVERSIDE,INDIO,7,0,8,1,5,D,0,0
67565,LOS ANGELES,LOS ANGELES,6,0,12,1,6,D,0,0
67566,SAN MATEO,SAN BRUNO,4,0,12,1,6,D,0,0
67567,SAN MATEO,SAN BRUNO,3,0,9,1,6,D,1,0
67568,RIVERSIDE,INDIO,3,1,12,1,5,D,0,1
67569,LOS ANGELES,LOS ANGELES,1,0,9,1,6,D,0,1
67570,LOS ANGELES,MONTEBELLO,1,1,9,0,5,D,0,1
67571,LOS ANGELES,MONTEBELLO,7,0,1,1,5,D,0,1
67572,LOS ANGELES,ROSEMEAD,4,0,12,1,6,D,0,1
67573,LOS ANGELES,MONTEREY PARK,5,0,9,1,6,D,0,1
67574,PLACER,UNINCORPORATED,2,1,9,1,5,D,0,1
67575,LOS ANGELES,MONTEREY PARK,7,0,9,0,6,D,0,1
67576,BUTTE,CHICO,2,0,9,1,6,D,0,1
67577,ORANGE,RCHO SNTA MARGARITA,3,0,9,1,5,D,0,1
67578,LOS ANGELES,ROSEMEAD,5,0,9,1,6,D,0,0
67579,LOS ANGELES,TEMPLE CITY,4,0,9,1,6,D,0,1
67580,STANISLAUS,CERES,7,0,9,1,6,D,0,1
67581,LOS ANGELES,ROSEMEAD,7,0,9,1,6,D,0,0
67582,SAN BERNARDINO,REDLANDS,2,0,8,0,4,D,0,0
67583,KERN,BAKERSFIELD,3,0,12,1,5,D,0,1
67584,CONTRA COSTA,LAFAYETTE,2,0,9,1,4,D,0,0
67585,RIVERSIDE,CATHEDRAL CITY,1,0,8,1,4,D,0,1
67586,SAN BERNARDINO,HESPERIA,3,0,9,1,5,D,0,1
67587,SOLANO,VALLEJO,3,0,9,1,4,D,0,1
67588,LOS ANGELES,LAKEWOOD,4,0,12,0,5,D,0,1
67589,LOS ANGELES,LAWNDALE,1,0,9,1,4,D,0,1
67590,RIVERSIDE,HEMET,5,0,9,1,5,D,0,1
67591,LOS ANGELES,LAKEWOOD,4,0,9,1,5,D,0,1
67592,LOS ANGELES,ARTESIA,6,0,9,1,4,D,0,1
67593,SAN BERNARDINO,APPLE VALLEY,6,0,9,1,5,D,0,1
67594,LOS ANGELES,INGLEWOOD,1,0,12,1,4,D,0,1
67595,LOS ANGELES,MANHATTAN BEACH,5,0,12,1,5,D,0,0
67596,LOS ANGELES,LAWNDALE,2,0,9,1,3,D,0,1
67597,SAN DIEGO,CHULA VISTA,3,0,9,1,3,D,0,1
67598,SAN DIEGO,CHULA VISTA,5,0,12,1,3,D,0,0
67599,LOS ANGELES,LAWNDALE,2,0,9,1,2,D,0,1
67600,SAN DIEGO,CHULA VISTA,1,0,9,1,3,D,0,1
67601,ALAMEDA,EMERYVILLE,4,0,9,1,2,D,0,1
67602,LOS ANGELES,INGLEWOOD,1,1,12,1,3,D,0,1
67603,SAN FRANCISCO,SAN FRANCISCO,7,0,12,1,3,D,0,0
67604,SAN FRANCISCO,SAN FRANCISCO,1,0,12,1,3,D,0,1
67605,SAN DIEGO,SAN DIEGO,4,1,9,1,3,D,0,1
67606,ORANGE,BUENA PARK,5,0,12,1,2,D,0,0
67607,SAN DIEGO,SANTEE,3,0,9,1,3,D,0,0
67608,SAN FRANCISCO,SAN FRANCISCO,7,0,9,1,3,D,0,0
67609,ALAMEDA,OAKLAND,1,0,12,1,3,D,0,0
67610,SAN FRANCISCO,SAN FRANCISCO,6,0,8,1,3,D,0,1
67611,SAN FRANCISCO,SAN FRANCISCO,5,0,3,1,3,D,0,0
67612,SOLANO,VALLEJO,1,0,8,0,6,D,1,1
67613,SONOMA,UNINCORPORATED,5,0,9,1,6,D,0,1
67614,EL DORADO,UNINCORPORATED,6,0,3,1,6,D,1,1
67615,HUMBOLDT,UNINCORPORATED,6,1,3,1,6,D,0,1
67616,EL DORADO,UNINCORPORATED,5,0,9,1,6,D,0,1
67617,GLENN,UNINCORPORATED,3,0,9,1,6,D,0,1
67618,SAN DIEGO,LEMON GROVE,6,1,1,1,6,D,0,0
67619,ORANGE,COSTA MESA,1,0,12,0,6,D,0,1
67620,IMPERIAL,UNINCORPORATED,3,0,12,1,6,D,0,1
67621,LOS ANGELES,GLENDORA,1,0,9,0,6,D,0,1
67622,LOS ANGELES,CERRITOS,3,0,9,1,6,D,0,1
67623,LOS ANGELES,CERRITOS,3,0,9,1,5,D,0,1
67624,ORANGE,SEAL BEACH,4,0,12,1,6,D,0,1
67625,SAN LUIS OBISPO,UNINCORPORATED,5,0,1,1,6,D,0,0
67626,SOLANO,FAIRFIELD,6,0,9,1,6,D,0,1
67627,LOS ANGELES,CERRITOS,6,0,12,1,6,D,0,1
67628,SONOMA,PETALUMA,7,0,1,1,6,D,0,0
67629,SANTA CLARA,SAN JOSE,7,0,9,1,6,D,0,1
67630,ORANGE,LAKE FOREST,7,0,12,1,6,D,0,0
67631,ORANGE,LAGUNA HILLS,4,0,9,1,6,D,0,1
67632,LOS ANGELES,LOS ANGELES,4,0,12,1,6,D,0,1
67633,LOS ANGELES,LOS ANGELES,5,0,9,1,6,D,0,1
67634,LOS ANGELES,LOS ANGELES,2,0,9,1,6,D,0,1
67635,LOS ANGELES,PALMDALE,7,0,1,1,6,D,0,0
67636,LOS ANGELES,LOS ANGELES,1,0,9,1,6,D,0,1
67637,LOS ANGELES,LOS ANGELES,1,0,12,1,6,D,0,1
67638,LOS ANGELES,PALMDALE,5,0,9,1,6,D,0,1
67639,SAN BERNARDINO,ONTARIO,1,0,8,1,6,D,0,1
67640,LOS ANGELES,LOS ANGELES,3,0,3,1,6,D,0,1
67641,LOS ANGELES,AZUSA,1,0,9,1,6,D,0,1
67642,SANTA CLARA,SAN JOSE,4,0,11,1,6,D,0,0
67643,SANTA CLARA,SAN JOSE,7,0,9,1,6,D,0,1
67644,LOS ANGELES,POMONA,5,0,7,1,6,D,1,0
67645,SANTA CLARA,SAN JOSE,4,1,9,1,6,D,0,1
67646,SANTA CLARA,SAN JOSE,6,0,8,1,6,D,0,1
67647,SANTA CLARA,SAN JOSE,7,0,12,1,6,D,0,1
67648,SANTA CLARA,SAN JOSE,6,1,3,1,6,D,0,1
67649,ALAMEDA,OAKLAND,4,0,9,0,5,D,0,0
67650,LOS ANGELES,LOS ANGELES,3,1,9,1,5,D,0,0
67651,ORANGE,PLACENTIA,3,0,9,1,5,D,0,1
67652,SACRAMENTO,SACRAMENTO,4,0,8,1,5,D,0,1
67653,ORANGE,PLACENTIA,5,0,9,1,5,D,0,1
67654,LOS ANGELES,LOS ANGELES,3,0,9,1,5,D,0,1
67655,LOS ANGELES,LOS ANGELES,1,0,9,0,5,D,0,0
67656,LOS ANGELES,LOS ANGELES,4,0,9,1,5,D,0,0
67657,LOS ANGELES,LOS ANGELES,1,0,12,1,5,D,0,0
67658,ORANGE,PLACENTIA,3,0,3,1,5,D,0,1
67659,ALAMEDA,PLEASANTON,3,0,8,1,5,D,0,1
67660,ALAMEDA,PLEASANTON,6,0,12,1,5,D,0,1
67661,ORANGE,GARDEN GROVE,3,0,8,1,6,D,0,1
67662,SANTA CLARA,MILPITAS,1,0,12,1,6,D,0,1
67663,LOS ANGELES,PASADENA,3,0,9,1,5,D,0,1
67664,SAN BERNARDINO,CHINO,4,0,9,1,4,D,0,1
67665,SAN BERNARDINO,CHINO,2,0,9,1,4,D,0,1
67666,TULARE,UNINCORPORATED,5,0,9,1,6,D,0,1
67667,LOS ANGELES,PASADENA,7,0,9,1,6,D,0,1
67668,LOS ANGELES,PASADENA,6,0,12,1,6,D,0,1
67669,ORANGE,SANTA ANA,1,0,12,1,6,D,0,0
67670,ORANGE,SANTA ANA,4,0,9,1,6,D,0,1
67671,ORANGE,ORANGE,6,0,9,1,6,D,0,1
67672,LOS ANGELES,PASADENA,2,0,9,1,6,D,0,1
67673,ORANGE,SANTA ANA,5,0,12,1,6,D,0,0
67674,ORANGE,SANTA ANA,5,0,9,1,6,D,0,1
67675,ORANGE,SANTA ANA,5,0,9,1,6,D,0,1
67676,ORANGE,SANTA ANA,5,0,9,1,6,D,0,1
67677,ORANGE,SANTA ANA,5,0,9,1,6,D,0,1
67678,ORANGE,SANTA ANA,6,0,9,1,6,D,0,1
67679,VENTURA,THOUSAND OAKS,3,1,9,1,5,D,0,1
67680,LOS ANGELES,PASADENA,6,1,1,1,3,D,0,0
67681,ORANGE,ORANGE,5,0,9,1,5,D,0,1
67682,ORANGE,SANTA ANA,7,0,9,1,5,D,0,1
67683,SANTA CLARA,LOS GATOS,5,0,9,1,5,D,0,1
67684,ORANGE,FULLERTON,7,0,12,1,5,D,0,0
67685,ALAMEDA,ALAMEDA,3,0,9,1,6,D,0,1
67686,ORANGE,FULLERTON,7,0,9,1,5,D,0,1
67687,SANTA CLARA,LOS GATOS,2,0,9,1,5,D,0,1
67688,ALAMEDA,ALAMEDA,1,0,12,1,6,D,0,1
67689,ALAMEDA,ALAMEDA,1,0,12,1,6,D,0,1
67690,MERCED,UNINCORPORATED,5,0,8,1,5,D,1,0
67691,ORANGE,FULLERTON,4,0,9,1,5,D,0,0
67692,PLACER,UNINCORPORATED,4,0,9,1,6,D,1,1
67693,ORANGE,FULLERTON,3,0,9,1,5,D,0,1
67694,ORANGE,FULLERTON,2,0,9,1,5,D,0,1
67695,CONTRA COSTA,PINOLE,7,0,8,1,6,D,1,1
67696,ORANGE,FULLERTON,3,0,12,1,5,D,0,1
67697,KERN,UNINCORPORATED,2,0,9,1,6,D,0,1
67698,CONTRA COSTA,PINOLE,1,0,8,1,6,D,1,1
67699,MERCED,MERCED,2,0,12,1,6,D,0,1
67700,KERN,BAKERSFIELD,3,0,9,1,6,D,0,1
67701,KERN,BAKERSFIELD,7,0,12,1,6,D,0,1
67702,SAN DIEGO,CARLSBAD,6,0,3,1,6,D,0,1
67703,KERN,UNINCORPORATED,7,0,9,1,6,D,0,1
67704,LOS ANGELES,LOS ANGELES,3,0,12,1,6,D,0,0
67705,KERN,BAKERSFIELD,7,0,12,1,6,D,0,1
67706,LOS ANGELES,LOS ANGELES,3,0,3,0,6,D,1,1
67707,LOS ANGELES,LOS ANGELES,3,0,3,1,6,D,0,1
67708,ORANGE,ALISO VIEJO,3,0,12,1,6,D,0,0
67709,KERN,BAKERSFIELD,7,0,8,1,6,D,0,1
67710,LOS ANGELES,DIAMOND BAR,4,0,12,1,6,D,0,1
67711,KERN,BAKERSFIELD,4,0,9,1,6,D,0,1
67712,LOS ANGELES,LONG BEACH,2,0,12,1,6,D,0,0
67713,LOS ANGELES,LONG BEACH,7,0,12,1,6,D,0,1
67714,LOS ANGELES,LONG BEACH,6,0,9,1,6,D,0,1
67715,ORANGE,SANTA ANA,6,0,12,1,6,D,0,1
67716,SAN DIEGO,CARLSBAD,3,0,9,1,6,D,0,1