ID,County,City,Weekday,Severity,ViolCat,ClearWeather,Month,CrashType,Highway,Daylight
72022,SANTA CLARA,SAN JOSE,2,0,9,1,8,D,0,0
72023,LOS ANGELES,LANCASTER,5,0,9,1,8,D,0,0
72024,SISKIYOU,MOUNT SHASTA,2,0,8,1,8,D,0,1
72025,LOS ANGELES,LANCASTER,5,0,9,1,8,D,0,1
72026,TULARE,UNINCORPORATED,5,0,9,1,7,D,0,1
72027,SAN BERNARDINO,RANCHO CUCAMONGA,2,0,9,1,7,D,0,0
72028,SOLANO,VALLEJO,5,0,7,1,7,D,0,1
72029,LOS ANGELES,LOS ANGELES,1,0,9,1,7,D,0,1
72030,SANTA CRUZ,CAPITOLA,6,0,3,0,7,D,0,1
72031,SOLANO,VALLEJO,7,0,9,1,7,D,0,1
72032,TULARE,UNINCORPORATED,5,0,9,1,7,D,0,1
72033,LOS ANGELES,LOS ANGELES,4,0,12,1,7,D,0,1
72034,LOS ANGELES,LOS ANGELES,6,0,12,1,7,D,0,1
72035,LOS ANGELES,BURBANK,3,0,8,1,7,D,0,1
72036,TULARE,UNINCORPORATED,7,0,1,1,7,D,0,1
72037,LOS ANGELES,LOS ANGELES,7,0,12,1,7,D,0,1
72038,SAN BERNARDINO,RANCHO CUCAMONGA,3,0,9,1,7,D,0,1
72039,TULARE,UNINCORPORATED,2,0,12,1,7,D,0,1
72040,LOS ANGELES,CERRITOS,3,0,9,0,7,D,0,1
72041,LOS ANGELES,LANCASTER,1,0,9,1,7,D,0,1
72042,SAN BERNARDINO,FONTANA,7,0,9,1,7,D,0,0
72043,SACRAMENTO,ELK GROVE,2,0,9,1,7,D,0,0
72044,LOS ANGELES,SOUTH EL MONTE,7,0,12,1,7,D,0,1
72045,LOS ANGELES,DUARTE,6,0,9,1,7,D,0,1
72046,LOS ANGELES,BURBANK,7,0,12,1,7,D,0,1
72047,LOS ANGELES,LANCASTER,7,0,12,1,7,D,0,0
72048,LOS ANGELES,LOS ANGELES,4,0,9,1,7,D,0,1
72049,LOS ANGELES,LOS ANGELES,5,0,12,1,7,D,0,0
72050,LOS ANGELES,LOS ANGELES,7,0,3,1,7,D,0,0
72051,LOS ANGELES,LOS ANGELES,1,0,9,1,7,D,0,1
72052,LOS ANGELES,LOS ANGELES,5,0,9,1,7,D,0,1
72053,LOS ANGELES,LOS ANGELES,1,0,9,1,7,D,0,1
72054,LOS ANGELES,LOS ANGELES,3,0,8,1,7,D,0,1
72055,LOS ANGELES,LOS ANGELES,1,0,9,1,7,D,0,1
72056,MONTEREY,MONTEREY,4,0,9,0,7,D,0,1
72057,MONTEREY,MONTEREY,3,0,8,1,7,D,0,1
72058,MONTEREY,MONTEREY,2,0,9,1,7,D,0,1
72059,LOS ANGELES,LOS ANGELES,4,0,9,1,7,D,0,0
72060,LOS ANGELES,LONG BEACH,4,0,9,1,8,D,0,1
72061,SAN BERNARDINO,RANCHO CUCAMONGA,6,0,9,1,7,D,0,1
72062,LOS ANGELES,LOS ANGELES,1,0,12,1,7,D,0,1
72063,SANTA CLARA,SAN JOSE,6,0,12,1,7,D,0,1
72064,LOS ANGELES,LOS ANGELES,5,0,9,1,8,D,0,1
72065,LOS ANGELES,LOS ANGELES,7,0,9,1,7,D,0,1
72066,LOS ANGELES,LOS ANGELES,4,0,12,1,8,D,0,1
72067,LOS ANGELES,LOS ANGELES,6,0,9,1,8,D,0,0
72068,RIVERSIDE,LAKE ELSINORE,2,0,12,1,5,D,0,1
72069,ORANGE,WESTMINSTER,4,0,9,1,7,D,0,1
72070,LOS ANGELES,GARDENA,6,0,9,1,4,D,0,1
72071,LOS ANGELES,LOS ANGELES,6,0,9,1,8,D,0,0
72072,LOS ANGELES,LOS ANGELES,4,0,12,1,8,D,0,1
72073,LOS ANGELES,GARDENA,7,0,12,1,4,D,0,1
72074,LOS ANGELES,PICO RIVERA,3,0,8,1,6,D,0,1
72075,LOS ANGELES,GARDENA,4,0,9,0,4,D,0,1
72076,LOS ANGELES,LOS ANGELES,7,0,12,1,8,D,0,1
72077,SAN BERNARDINO,COLTON,7,0,9,1,6,D,0,1
72078,LOS ANGELES,GARDENA,2,0,9,1,4,D,0,1
72079,SAN BERNARDINO,COLTON,1,0,8,1,6,D,0,1
72080,SAN BERNARDINO,COLTON,2,0,12,1,7,D,0,1
72081,LOS ANGELES,MAYWOOD,1,0,9,1,6,D,0,1
72082,LOS ANGELES,POMONA,1,0,12,1,8,D,0,1
72083,MERCED,MERCED,3,0,9,1,8,D,0,1
72084,MERCED,MERCED,4,0,12,1,8,D,0,1
72085,ORANGE,COSTA MESA,5,0,12,1,8,D,0,1
72086,ORANGE,COSTA MESA,1,0,12,1,8,D,0,1
72087,LOS ANGELES,PALMDALE,2,0,9,1,8,D,0,1
72088,ORANGE,IRVINE,1,0,9,1,7,D,0,1
72089,SANTA CLARA,SAN JOSE,6,0,8,1,7,D,0,1
72090,LOS ANGELES,ALHAMBRA,6,0,9,1,7,D,0,1
72091,ORANGE,IRVINE,5,0,12,0,8,D,0,0
72092,LOS ANGELES,PALMDALE,6,0,9,1,7,D,0,1
72093,SAN JOAQUIN,LODI,1,0,12,1,8,D,0,1
72094,LOS ANGELES,LOS ANGELES,5,0,9,1,8,D,0,1
72095,SAN LUIS OBISPO,UNINCORPORATED,3,0,9,1,8,D,0,1
72096,LOS ANGELES,LOS ANGELES,2,0,9,1,7,D,0,1
72097,LOS ANGELES,POMONA,1,0,12,1,7,D,0,1
72098,VENTURA,THOUSAND OAKS,4,0,12,1,7,D,0,1
72099,SAN BERNARDINO,RANCHO CUCAMONGA,5,0,9,1,7,D,0,1
72100,SONOMA,UNINCORPORATED,6,1,1,0,8,D,0,0
72101,LOS ANGELES,LYNWOOD,6,0,9,1,8,D,0,1
72102,LOS ANGELES,CULVER CITY,3,0,12,1,6,D,0,1
72103,LOS ANGELES,CULVER CITY,5,0,3,1,6,D,0,1
72104,VENTURA,SIMI VALLEY,5,0,9,1,6,D,0,1
72105,VENTURA,SIMI VALLEY,1,0,9,1,7,D,0,1
72106,RIVERSIDE,PERRIS,4,0,12,0,8,D,0,0
72107,ORANGE,SANTA ANA,6,0,1,1,8,D,0,1
72108,ORANGE,SANTA ANA,3,0,12,1,7,D,0,1
72109,EL DORADO,UNINCORPORATED,2,0,12,1,7,D,0,0
72110,LOS ANGELES,CARSON,7,0,9,1,7,D,0,1
72111,NAPA,NAPA,1,0,9,1,7,D,0,1
72112,LOS ANGELES,LOS ANGELES,1,0,9,1,8,D,0,0
72113,LOS ANGELES,LOS ANGELES,1,0,12,1,8,D,0,1
72114,LOS ANGELES,CARSON,2,0,9,1,7,D,0,1
72115,LOS ANGELES,LOS ANGELES,5,0,9,1,8,D,0,1
72116,ALAMEDA,OAKLAND,2,0,12,0,7,D,0,1
72117,ALAMEDA,OAKLAND,6,0,12,1,7,D,0,1
72118,LOS ANGELES,LOS ANGELES,7,0,3,1,8,D,0,0
72119,STANISLAUS,PATTERSON,5,0,12,1,7,D,0,1
72120,STANISLAUS,PATTERSON,5,0,9,1,7,D,0,1
72121,LOS ANGELES,LOS ANGELES,2,0,9,1,8,D,0,1
72122,LOS ANGELES,LOS ANGELES,1,0,12,1,7,D,0,1
72123,LOS ANGELES,LOS ANGELES,2,0,9,1,7,D,0,0
72124,LOS ANGELES,LOS ANGELES,2,0,12,1,8,D,0,0
72125,LOS ANGELES,LOS ANGELES,4,0,12,1,8,D,0,1
72126,SACRAMENTO,SACRAMENTO,4,0,9,1,8,D,0,1
72127,LOS ANGELES,LOS ANGELES,1,0,8,1,8,D,1,1
72128,VENTURA,SIMI VALLEY,5,0,12,1,8,D,0,1
72129,LOS ANGELES,LOS ANGELES,2,0,9,1,8,D,0,1
72130,LOS ANGELES,LOS ANGELES,1,0,9,1,8,D,0,1
72131,LOS ANGELES,LOS ANGELES,3,0,12,1,8,D,0,1
72132,LOS ANGELES,LOS ANGELES,7,1,9,1,8,D,0,0
72133,LOS ANGELES,LOS ANGELES,2,0,9,1,8,D,0,1
72134,LOS ANGELES,LOS ANGELES,3,0,9,1,8,D,0,1
72135,LOS ANGELES,HAWTHORNE,5,0,12,1,8,D,0,1
72136,LOS ANGELES,HAWTHORNE,3,0,8,1,8,D,0,1
72137,LOS ANGELES,LOS ANGELES,3,0,9,1,8,D,0,1
72138,BUTTE,UNINCORPORATED,1,0,9,1,8,D,0,1
72139,LOS ANGELES,MONTEREY PARK,3,0,9,1,8,D,0,1
72140,MARIN,SAN RAFAEL,7,0,12,1,8,D,0,1
72141,LOS ANGELES,SANTA MONICA,1,0,9,1,8,D,0,1
72142,LOS ANGELES,LOS ANGELES,2,0,12,1,8,D,0,1
72143,LOS ANGELES,LOS ANGELES,4,0,9,1,8,D,0,1
72144,SACRAMENTO,SACRAMENTO,6,0,12,1,8,D,0,1
72145,SACRAMENTO,SACRAMENTO,5,0,9,1,8,D,0,1
72146,ALAMEDA,OAKLAND,2,0,9,0,2,D,0,1
72147,VENTURA,SIMI VALLEY,4,0,9,1,6,D,0,0
72148,SANTA CLARA,LOS ALTOS HILLS,6,0,8,1,6,D,0,1
72149,SAN BERNARDINO,VICTORVILLE,4,1,8,1,6,D,0,1
72150,LOS ANGELES,CARSON,6,0,9,1,7,D,0,1
72151,SAN BERNARDINO,MONTCLAIR,6,0,9,1,7,D,0,1
72152,ORANGE,GARDEN GROVE,2,0,9,1,7,D,0,1
72153,LOS ANGELES,LOS ANGELES,1,0,8,0,7,D,0,1
72154,YUBA,MARYSVILLE,3,0,9,1,7,D,0,1
72155,SANTA CLARA,MOUNTAIN VIEW,4,0,9,1,7,D,0,1
72156,SAN BERNARDINO,MONTCLAIR,2,0,9,1,7,D,0,1
72157,CONTRA COSTA,CONCORD,1,0,12,1,8,D,0,1
72158,LOS ANGELES,LOS ANGELES,3,0,8,1,7,D,0,1
72159,LOS ANGELES,LOS ANGELES,4,0,8,1,8,D,0,1
72160,LOS ANGELES,LOS ANGELES,3,0,9,1,7,D,0,1
72161,LOS ANGELES,CARSON,1,0,12,1,7,D,0,1
72162,LOS ANGELES,LOS ANGELES,4,1,9,1,7,D,0,1
72163,SAN JOAQUIN,LODI,4,0,9,1,7,D,0,1
72164,ORANGE,PLACENTIA,6,1,9,1,8,D,0,1
72165,SAN JOAQUIN,UNINCORPORATED,4,0,12,1,7,D,0,1
72166,LOS ANGELES,LOS ANGELES,5,0,8,1,8,D,0,1
72167,LOS ANGELES,LOS ANGELES,4,0,9,1,6,D,0,1
72168,LOS ANGELES,LOS ANGELES,3,0,9,1,7,D,0,0
72169,ORANGE,PLACENTIA,2,0,9,1,8,D,0,1
72170,MERCED,UNINCORPORATED,1,0,12,1,7,D,0,1
72171,RIVERSIDE,RIVERSIDE,7,0,9,1,8,D,0,1
72172,SAN BERNARDINO,FONTANA,1,0,12,1,7,D,0,1
72173,SAN JOAQUIN,UNINCORPORATED,7,0,9,1,7,D,0,0
72174,SAN JOAQUIN,UNINCORPORATED,1,1,9,1,7,D,0,1
72175,IMPERIAL,UNINCORPORATED,7,0,9,1,7,D,0,1
72176,LOS ANGELES,LAWNDALE,1,0,9,1,6,D,0,0
72177,LOS ANGELES,LOS ANGELES,4,0,9,1,7,D,0,1
72178,LOS ANGELES,DOWNEY,4,0,12,1,7,D,0,1
72179,LOS ANGELES,LOS ANGELES,3,0,9,0,7,D,0,0
72180,LOS ANGELES,LOS ANGELES,2,0,12,1,7,D,0,1
72181,LOS ANGELES,DOWNEY,1,0,9,1,7,D,0,1
72182,LOS ANGELES,CARSON,6,0,9,1,7,D,0,0
72183,LOS ANGELES,LOS ANGELES,7,0,1,1,7,D,0,0
72184,LOS ANGELES,LOS ANGELES,4,0,9,1,7,D,0,0
72185,LOS ANGELES,LOS ANGELES,1,0,9,1,7,D,0,1
72186,LOS ANGELES,LOS ANGELES,1,0,9,1,7,D,0,1
72187,LOS ANGELES,CARSON,5,0,12,1,7,D,0,1
72188,LOS ANGELES,COMPTON,1,0,9,1,7,D,0,1
72189,LOS ANGELES,CARSON,1,0,9,1,7,D,0,1
72190,LOS ANGELES,CARSON,7,0,12,1,7,D,0,0
72191,LOS ANGELES,LOS ANGELES,2,0,9,1,7,D,0,1
72192,LOS ANGELES,LOS ANGELES,2,0,12,1,7,D,0,1
72193,LOS ANGELES,LOS ANGELES,1,0,9,1,7,D,0,0
72194,NEVADA,NEVADA CITY,3,0,9,1,7,D,0,1
72195,LOS ANGELES,LOS ANGELES,1,0,8,1,7,D,0,0
72196,LOS ANGELES,LOS ANGELES,7,0,12,1,7,D,0,1
72197,MERCED,UNINCORPORATED,1,0,3,1,7,D,1,0
72198,LOS ANGELES,LOS ANGELES,6,0,12,1,7,D,0,0
72199,LOS ANGELES,LOS ANGELES,1,0,12,1,7,D,0,1
72200,LOS ANGELES,LOS ANGELES,1,0,9,1,7,D,0,1
72201,LOS ANGELES,LOS ANGELES,3,0,12,1,7,D,0,1
72202,LOS ANGELES,LOS ANGELES,6,0,9,1,7,D,0,1
72203,LOS ANGELES,LOS ANGELES,6,0,12,1,7,D,0,0
72204,LOS ANGELES,LONG BEACH,1,0,12,1,8,D,0,1
72205,LOS ANGELES,LOS ANGELES,2,0,9,1,7,D,0,1
72206,RIVERSIDE,RANCHO MIRAGE,7,0,1,1,7,D,0,1
72207,LOS ANGELES,LOS ANGELES,4,0,12,1,8,D,0,1
72208,LOS ANGELES,LOS ANGELES,1,0,12,1,8,D,0,1
72209,LOS ANGELES,LOS ANGELES,7,0,12,0,8,D,0,0
72210,LOS ANGELES,LOS ANGELES,5,0,9,1,8,D,0,1
72211,LOS ANGELES,LOS ANGELES,5,0,10,1,8,D,0,1
72212,ORANGE,PLACENTIA,7,0,11,1,8,D,0,1
72213,ORANGE,PLACENTIA,2,0,9,1,8,D,0,1
72214,LOS ANGELES,LOS ANGELES,4,0,8,1,8,D,0,1
72215,LOS ANGELES,LOS ANGELES,5,0,9,1,8,D,0,0
72216,LOS ANGELES,LOS ANGELES,5,0,9,1,8,D,0,1
72217,LOS ANGELES,LOS ANGELES,5,0,9,1,8,D,0,1
72218,CONTRA COSTA,CONCORD,4,0,9,1,8,D,0,1
72219,LOS ANGELES,DOWNEY,4,0,9,1,8,D,0,0
72220,BUTTE,UNINCORPORATED,6,0,1,1,8,D,0,1
72221,LOS ANGELES,ARCADIA,4,0,8,1,8,D,0,1
72222,LOS ANGELES,ARCADIA,4,0,9,1,8,D,0,1
72223,LOS ANGELES,LONG BEACH,3,0,12,1,8,D,0,1
72224,LOS ANGELES,LOS ANGELES,5,0,9,1,7,D,0,1
72225,LOS ANGELES,LOS ANGELES,2,0,9,1,7,D,0,1
72226,SAN BERNARDINO,FONTANA,1,0,12,1,7,D,0,1
72227,LOS ANGELES,LOS ANGELES,4,0,9,1,7,D,0,1
72228,SAN BERNARDINO,FONTANA,2,0,9,1,7,D,0,1
72229,SANTA CLARA,CAMPBELL,6,0,1,1,7,D,0,0
72230,LOS ANGELES,ARCADIA,2,0,9,1,7,D,0,1
72231,ORANGE,MISSION VIEJO,6,0,12,1,7,D,0,1
72232,ORANGE,MISSION VIEJO,3,0,9,1,7,D,0,1
72233,SAN DIEGO,EL CAJON,5,0,9,1,7,D,0,1
72234,ORANGE,SAN JUAN CAPISTRANO,3,0,9,1,7,D,1,1
72235,LOS ANGELES,SANTA MONICA,7,0,9,1,8,D,0,1
72236,SANTA CRUZ,UNINCORPORATED,1,0,9,1,7,D,1,1
72237,STANISLAUS,MODESTO,5,0,9,1,7,D,0,1
72238,FRESNO,UNINCORPORATED,5,0,9,1,8,D,0,0
72239,LOS ANGELES,SANTA MONICA,3,0,12,1,7,D,0,1
72240,SANTA CRUZ,UNINCORPORATED,1,0,12,1,7,D,0,1
72241,STANISLAUS,TURLOCK,3,1,9,1,7,D,0,1
72242,LOS ANGELES,SANTA MONICA,5,0,10,1,7,D,0,1
72243,VENTURA,CAMARILLO,1,0,1,1,7,D,0,1
72244,VENTURA,CAMARILLO,2,0,12,0,7,D,0,1
72245,SANTA CRUZ,UNINCORPORATED,3,0,9,1,7,D,0,1
72246,KINGS,HANFORD,7,0,3,1,7,D,0,1
72247,FRESNO,UNINCORPORATED,5,0,9,1,8,D,0,1
72248,PLACER,UNINCORPORATED,5,0,9,1,7,D,0,1
72249,RIVERSIDE,INDIO,5,0,12,1,7,D,0,1
72250,LOS ANGELES,WHITTIER,6,0,9,1,7,D,0,1
72251,SAN DIEGO,EL CAJON,2,0,12,1,7,D,0,1
72252,LOS ANGELES,LOS ANGELES,6,0,7,1,7,D,1,1
72253,SAN BERNARDINO,HESPERIA,7,0,9,1,8,D,0,1
72254,CONTRA COSTA,ANTIOCH,4,0,12,1,4,D,0,1
72255,LOS ANGELES,LOS ANGELES,2,0,8,1,3,D,0,1
72256,YOLO,UNINCORPORATED,4,0,8,1,8,D,0,1
72257,CONTRA COSTA,UNINCORPORATED,4,0,12,1,6,D,0,1
72258,SAN DIEGO,NATIONAL CITY,7,0,9,1,6,D,0,1
72259,SAN BERNARDINO,HESPERIA,7,0,12,1,7,D,0,1
72260,SAN DIEGO,EL CAJON,7,0,12,1,6,D,0,1
72261,ORANGE,LAGUNA NIGUEL,5,1,8,1,6,D,0,0
72262,SANTA CRUZ,SANTA CRUZ,6,0,8,1,6,D,1,1
72263,ORANGE,LAGUNA NIGUEL,2,0,9,1,6,D,0,1
72264,ORANGE,ANAHEIM,7,0,12,1,8,D,0,1
72265,ORANGE,SANTA ANA,2,0,12,1,8,D,0,1
72266,MONTEREY,KING CITY,6,0,1,1,6,D,0,0
72267,LOS ANGELES,HAWTHORNE,2,0,9,1,8,D,0,1
72268,LOS ANGELES,HAWTHORNE,7,0,9,1,8,D,0,1
72269,RIVERSIDE,MORENO VALLEY,2,0,9,1,8,D,0,1
72270,LOS ANGELES,GLENDALE,5,0,8,1,8,D,0,0
72271,AMADOR,AMADOR CITY,7,0,9,1,8,D,0,1
72272,RIVERSIDE,INDIO,6,0,12,1,7,D,0,1
72273,LOS ANGELES,POMONA,2,0,8,1,7,D,0,1
72274,SAN MATEO,EAST PALO ALTO,2,0,9,1,7,D,0,1
72275,SANTA CLARA,GILROY,4,0,9,1,7,D,1,1
72276,SANTA CLARA,GILROY,3,0,9,1,7,D,0,1
72277,LOS ANGELES,GLENDALE,1,0,8,1,7,D,0,1
72278,SANTA CLARA,LOS ALTOS,2,0,3,1,7,D,0,0
72279,LOS ANGELES,GLENDALE,7,0,9,1,7,D,0,1
72280,RIVERSIDE,INDIO,2,0,12,1,7,D,0,1
72281,SAN LUIS OBISPO,ARROYO GRANDE,5,0,12,1,7,D,0,1
72282,ORANGE,SANTA ANA,3,0,12,1,7,D,0,1
72283,FRESNO,UNINCORPORATED,3,0,12,1,7,D,0,1
72284,SANTA CLARA,MILPITAS,1,0,8,1,7,D,0,0
72285,FRESNO,UNINCORPORATED,1,0,12,1,7,D,0,1
72286,BUTTE,CHICO,4,0,9,1,7,D,0,1
72287,BUTTE,CHICO,3,0,9,1,7,D,0,1
72288,SANTA CLARA,LOS ALTOS,6,0,9,1,7,D,0,1
72289,LOS ANGELES,WHITTIER,7,0,12,0,7,D,0,1
72290,SANTA CLARA,LOS ALTOS,1,0,8,1,7,D,1,1
72291,LOS ANGELES,POMONA,3,0,9,1,7,D,0,0
72292,LOS ANGELES,WHITTIER,5,0,9,1,7,D,0,0
72293,SANTA CLARA,MOUNTAIN VIEW,3,0,7,1,7,D,1,1
72294,KERN,BAKERSFIELD,1,0,12,1,8,D,0,1
72295,KERN,BAKERSFIELD,2,0,12,1,7,D,0,0
72296,KERN,BAKERSFIELD,6,0,12,1,8,D,0,0
72297,LOS ANGELES,GLENDALE,2,0,9,1,7,D,0,1
72298,ORANGE,SANTA ANA,2,0,9,1,8,D,0,1
72299,MONTEREY,UNINCORPORATED,1,0,9,0,8,D,0,1
72300,BUTTE,CHICO,1,0,9,1,8,D,0,1
72301,LOS ANGELES,TEMPLE CITY,1,0,12,1,8,D,0,1
72302,TUOLUMNE,UNINCORPORATED,4,0,8,1,8,D,0,1
72303,BUTTE,PARADISE,4,0,1,1,8,D,0,1
72304,LOS ANGELES,LOS ANGELES,5,0,9,1,8,D,0,1
72305,LOS ANGELES,BELL GARDENS,7,0,12,1,8,D,0,1
72306,LOS ANGELES,BELL GARDENS,4,0,12,1,8,D,0,1
72307,RIVERSIDE,RIVERSIDE,5,0,12,1,8,D,0,1
72308,LOS ANGELES,POMONA,5,0,12,1,8,D,0,1
72309,LOS ANGELES,POMONA,7,0,8,1,8,D,0,1
72310,FRESNO,UNINCORPORATED,4,0,9,1,8,D,0,1
72311,STANISLAUS,TURLOCK,7,0,1,1,8,D,0,1
72312,FRESNO,UNINCORPORATED,6,1,9,1,8,D,0,1
72313,SACRAMENTO,ELK GROVE,4,0,12,1,8,D,0,1
72314,FRESNO,UNINCORPORATED,5,0,6,1,8,D,0,1
72315,SANTA CLARA,GILROY,2,0,8,1,8,D,0,1
72316,RIVERSIDE,RIVERSIDE,4,0,9,1,8,D,0,1
72317,FRESNO,UNINCORPORATED,5,0,9,1,8,D,0,1
72318,RIVERSIDE,RIVERSIDE,7,0,8,1,8,D,1,1
72319,LOS ANGELES,POMONA,4,0,12,1,8,D,0,1
72320,TEHAMA,RED BLUFF,4,0,8,1,8,D,0,1
72321,LOS ANGELES,BELL GARDENS,7,0,12,1,8,D,0,0
72322,SACRAMENTO,SACRAMENTO,1,0,9,1,8,D,0,1
72323,LOS ANGELES,LOS ANGELES,4,0,8,1,8,D,0,1
72324,LOS ANGELES,LOS ANGELES,1,0,9,1,8,D,0,1
72325,ORANGE,TUSTIN,2,0,12,1,7,D,0,0
72326,ORANGE,ORANGE,5,0,9,1,8,D,0,1
72327,ORANGE,TUSTIN,4,0,9,1,8,D,0,0
72328,SAN LUIS OBISPO,SAN LUIS OBISPO,6,0,1,1,8,D,0,1
72329,ORANGE,ANAHEIM,1,0,9,1,8,D,0,1
72330,ORANGE,ANAHEIM,4,0,12,1,8,D,0,0
72331,ORANGE,ANAHEIM,5,0,12,0,8,D,0,0
72332,ORANGE,ANAHEIM,5,0,9,1,8,D,0,1
72333,ORANGE,ANAHEIM,1,0,9,0,8,D,0,1
72334,SAN DIEGO,OCEANSIDE,2,0,9,1,8,D,0,1
72335,ORANGE,SANTA ANA,4,0,12,1,8,D,0,1
72336,LOS ANGELES,LOS ANGELES,2,0,9,1,8,D,1,1
72337,LOS ANGELES,LOS ANGELES,5,0,9,1,8,D,0,1
72338,ORANGE,COSTA MESA,2,0,8,1,8,D,1,1
72339,LOS ANGELES,LOS ANGELES,1,0,9,1,8,D,0,1
72340,LOS ANGELES,LOS ANGELES,2,0,9,1,8,D,0,1
72341,LOS ANGELES,LOS ANGELES,3,0,12,1,8,D,0,1
72342,LOS ANGELES,LOS ANGELES,6,1,8,1,8,D,0,1
72343,LOS ANGELES,LOS ANGELES,3,0,12,1,8,D,0,1
72344,LOS ANGELES,LOS ANGELES,7,0,9,1,8,D,0,1
72345,LOS ANGELES,LOS ANGELES,5,0,9,1,8,D,0,1
72346,LOS ANGELES,LOS ANGELES,1,0,12,1,8,D,0,1
72347,LOS ANGELES,LOS ANGELES,6,0,9,1,8,D,0,1
72348,LOS ANGELES,LOS ANGELES,3,0,9,1,8,D,0,1
72349,LOS ANGELES,LOS ANGELES,6,0,9,1,8,D,0,1
72350,LOS ANGELES,LOS ANGELES,7,0,9,1,8,D,0,0
72351,STANISLAUS,MODESTO,1,0,8,1,8,D,0,1
72352,SAN BERNARDINO,RANCHO CUCAMONGA,6,0,9,1,8,D,0,1
72353,LOS ANGELES,LYNWOOD,5,0,9,1,8,D,0,1
72354,MARIN,UNINCORPORATED,7,0,9,0,8,D,0,1
72355,LOS ANGELES,LONG BEACH,7,0,3,1,8,D,0,0
72356,SAN JOAQUIN,LODI,1,0,1,1,8,D,1,1
72357,STANISLAUS,UNINCORPORATED,1,0,9,1,8,D,0,0
72358,FRESNO,CLOVIS,7,0,9,1,8,D,0,0
72359,ORANGE,IRVINE,1,1,12,1,8,D,0,1
72360,STANISLAUS,UNINCORPORATED,7,0,12,1,8,D,0,0
72361,LOS ANGELES,LOS ANGELES,6,0,9,1,8,D,0,0
72362,ORANGE,FOUNTAIN VALLEY,1,0,12,1,8,D,0,0
72363,LOS ANGELES,LOS ANGELES,4,0,9,1,9,D,0,1
72364,LOS ANGELES,LOS ANGELES,5,0,9,0,8,D,0,0
72365,STANISLAUS,MODESTO,7,0,12,1,8,D,0,1
72366,LOS ANGELES,LOS ANGELES,5,0,8,1,8,D,0,1
72367,SONOMA,PETALUMA,5,0,9,1,8,D,0,1
72368,STANISLAUS,MODESTO,7,0,9,1,8,D,0,1
72369,ORANGE,COSTA MESA,2,0,12,1,8,D,0,1
72370,SONOMA,PETALUMA,1,0,9,1,8,D,0,1
72371,STANISLAUS,MODESTO,1,0,8,1,8,D,1,1
72372,MONTEREY,SALINAS,5,0,12,0,8,D,0,0
72373,LOS ANGELES,LOS ANGELES,4,0,10,1,8,D,0,1
72374,LOS ANGELES,LOS ANGELES,5,0,12,1,8,D,0,1
72375,RIVERSIDE,NORCO,2,0,12,1,8,D,0,1
72376,LOS ANGELES,LOS ANGELES,6,0,9,1,8,D,0,1
72377,STANISLAUS,MODESTO,4,0,9,1,8,D,1,0
72378,STANISLAUS,MODESTO,6,0,12,1,8,D,0,1
72379,STANISLAUS,MODESTO,4,0,9,1,8,D,0,1
72380,SAN BERNARDINO,COLTON,3,0,12,1,7,D,0,1
72381,LOS ANGELES,PALMDALE,2,0,9,1,7,D,0,1
72382,LOS ANGELES,PALMDALE,5,0,9,1,7,D,0,1
72383,SAN BERNARDINO,ONTARIO,3,0,12,1,7,D,0,1
72384,LOS ANGELES,LYNWOOD,3,0,12,1,7,D,0,0
72385,LOS ANGELES,PALMDALE,5,0,9,0,7,D,0,1
72386,SANTA CRUZ,SANTA CRUZ,2,0,9,1,7,D,0,1
72387,FRESNO,CLOVIS,3,0,12,1,7,D,0,1
72388,ALAMEDA,NEWARK,3,1,6,1,7,D,0,1
72389,CONTRA COSTA,BRENTWOOD,2,0,12,1,7,D,0,1
72390,LOS ANGELES,POMONA,4,0,9,1,7,D,0,1
72391,LOS ANGELES,PALMDALE,6,0,9,1,7,D,0,0
72392,LOS ANGELES,COMMERCE,7,0,12,0,7,D,0,1
72393,STANISLAUS,MODESTO,2,0,9,1,7,D,0,1
72394,CONTRA COSTA,BRENTWOOD,6,0,9,1,7,D,0,1
72395,LOS ANGELES,POMONA,1,0,9,1,7,D,0,1
72396,LOS ANGELES,PALMDALE,5,0,9,1,7,D,0,1
72397,LOS ANGELES,SANTA CLARITA,3,0,9,1,7,D,0,0
72398,SAN JOAQUIN,LODI,6,0,9,1,7,D,0,1
72399,ORANGE,FOUNTAIN VALLEY,4,0,9,1,7,D,0,1
72400,LOS ANGELES,SANTA CLARITA,6,0,12,1,7,D,0,1
72401,LOS ANGELES,ALHAMBRA,1,0,8,1,7,D,0,1
72402,SAN JOAQUIN,LODI,6,0,9,1,7,D,0,1
72403,LOS ANGELES,LOS ANGELES,2,0,9,1,7,D,0,1
72404,ORANGE,COSTA MESA,1,0,9,1,7,D,0,1
72405,SAN JOAQUIN,LODI,5,0,9,1,7,D,0,1
72406,ORANGE,IRVINE,7,0,9,0,7,D,0,0
72407,LOS ANGELES,SANTA CLARITA,2,0,9,1,7,D,0,1
72408,ORANGE,COSTA MESA,7,0,3,1,7,D,0,1
72409,LOS ANGELES,LOS ANGELES,5,0,9,1,7,D,0,1
72410,LOS ANGELES,SANTA CLARITA,5,0,12,1,7,D,0,1