ID,County,City,Weekday,Severity,ViolCat,ClearWeather,Month,CrashType,Highway,Daylight
77494,LOS ANGELES,POMONA,5,0,9,1,9,D,1,1
77495,LOS ANGELES,LOS ANGELES,6,0,12,1,10,D,0,1
77496,LOS ANGELES,POMONA,1,0,9,1,9,D,0,1
77497,LOS ANGELES,POMONA,1,0,12,1,9,D,0,1
77498,KERN,UNINCORPORATED,5,0,8,1,9,D,0,0
77499,ORANGE,SANTA ANA,1,0,9,1,9,D,0,1
77500,SACRAMENTO,SACRAMENTO,1,0,9,1,10,D,0,0
77501,MADERA,MADERA,1,0,9,1,9,D,0,1
77502,KINGS,LEMOORE,3,0,9,1,9,D,0,0
77503,MADERA,MADERA,4,0,12,1,10,D,0,1
77504,LOS ANGELES,LOS ANGELES,6,0,9,1,10,D,0,0
77505,LOS ANGELES,LA PUENTE,1,1,12,1,9,D,0,0
77506,LOS ANGELES,COMPTON,2,0,9,1,10,D,0,0
77507,LOS ANGELES,LA PUENTE,1,0,9,1,9,D,0,1
77508,LOS ANGELES,LOS ANGELES,3,0,3,0,10,D,0,0
77509,LOS ANGELES,INDUSTRY,4,0,9,0,9,D,0,1
77510,LOS ANGELES,INDUSTRY,3,0,9,1,9,D,0,1
77511,SHASTA,ANDERSON,4,0,9,1,10,D,0,1
77512,LOS ANGELES,LOS ANGELES,7,0,9,1,10,D,0,0
77513,LOS ANGELES,LA PUENTE,7,1,12,1,9,D,0,1
77514,LOS ANGELES,LOS ANGELES,5,0,8,1,10,D,0,1
77515,SAN MATEO,BURLINGAME,6,0,12,0,9,D,0,1
77516,RIVERSIDE,HEMET,5,0,9,1,9,D,0,1
77517,SACRAMENTO,SACRAMENTO,2,0,7,0,9,D,1,1
77518,LOS ANGELES,LOS ANGELES,5,0,3,1,10,D,0,0
77519,LOS ANGELES,LOS ANGELES,2,0,12,1,10,D,0,0
77520,LOS ANGELES,PASADENA,6,0,8,1,9,D,0,1
77521,LOS ANGELES,LOS ANGELES,5,0,9,1,10,D,0,1
77522,LOS ANGELES,LOS ANGELES,5,0,11,1,10,D,0,1
77523,LOS ANGELES,LOS ANGELES,6,0,8,1,10,D,0,1
77524,SAN MATEO,MENLO PARK,4,0,6,1,9,D,0,1
77525,KERN,WASCO,7,0,9,1,9,D,1,1
77526,SACRAMENTO,SACRAMENTO,5,0,12,1,10,D,0,0
77527,RIVERSIDE,RIVERSIDE,3,0,3,0,10,D,0,1
77528,SOLANO,VACAVILLE,6,0,12,1,10,D,0,1
77529,RIVERSIDE,RIVERSIDE,4,0,9,1,10,D,0,1
77530,LOS ANGELES,LOS ANGELES,3,0,12,1,10,D,0,1
77531,LOS ANGELES,LOS ANGELES,4,0,12,1,10,D,0,1
77532,FRESNO,UNINCORPORATED,2,0,9,1,10,D,0,1
77533,RIVERSIDE,PALM SPRINGS,4,0,12,1,10,D,0,1
77534,RIVERSIDE,PALM SPRINGS,2,0,1,1,10,D,0,0
77535,SAN BENITO,UNINCORPORATED,4,0,9,1,10,D,0,0
77536,LOS ANGELES,LOS ANGELES,2,0,9,1,10,D,0,1
77537,RIVERSIDE,SAN JACINTO,2,1,10,1,10,D,0,1
77538,LOS ANGELES,LOS ANGELES,1,0,1,1,10,D,0,0
77539,LOS ANGELES,LOS ANGELES,3,0,9,1,10,D,0,1
77540,LOS ANGELES,LOS ANGELES,2,0,8,1,10,D,0,0
77541,LOS ANGELES,LOS ANGELES,7,0,1,1,10,D,0,0
77542,LOS ANGELES,LOS ANGELES,2,0,8,1,10,D,0,1
77543,MONTEREY,SALINAS,6,0,1,1,10,D,0,0
77544,LOS ANGELES,LOS ANGELES,2,0,9,1,10,D,0,1
77545,LOS ANGELES,LOS ANGELES,7,0,9,1,10,D,0,1
77546,TULARE,UNINCORPORATED,4,0,9,1,10,D,0,1
77547,LOS ANGELES,LOS ANGELES,3,0,10,1,10,D,0,0
77548,TULARE,UNINCORPORATED,4,0,9,1,10,D,0,1
77549,TULARE,UNINCORPORATED,1,0,9,1,10,D,0,1
77550,SAN DIEGO,OCEANSIDE,6,0,12,1,10,D,0,1
77551,LOS ANGELES,LOS ANGELES,4,0,9,1,10,D,0,1
77552,LOS ANGELES,LOS ANGELES,4,0,12,1,10,D,0,0
77553,ALAMEDA,HAYWARD,5,0,8,1,9,D,0,1
77554,ALAMEDA,HAYWARD,2,0,9,1,9,D,0,1
77555,LOS ANGELES,LOS ANGELES,3,0,8,1,9,D,0,1
77556,LOS ANGELES,LOS ANGELES,3,0,8,1,9,D,0,1
77557,ALAMEDA,HAYWARD,6,0,3,0,9,D,0,1
77558,SISKIYOU,YREKA,5,0,9,1,9,D,0,1
77559,LOS ANGELES,LOS ANGELES,1,0,8,1,9,D,0,0
77560,LOS ANGELES,LOS ANGELES,7,0,8,1,9,D,0,0
77561,LOS ANGELES,BELLFLOWER,4,0,9,1,9,D,0,1
77562,SAN DIEGO,OCEANSIDE,7,0,12,1,9,D,0,1
77563,FRESNO,UNINCORPORATED,5,0,8,1,9,D,0,1
77564,SAN JOAQUIN,LATHROP,5,1,9,1,9,D,0,1
77565,MONTEREY,SALINAS,1,1,9,1,9,D,0,1
77566,MONTEREY,SALINAS,5,1,12,1,9,D,0,1
77567,LOS ANGELES,LOS ANGELES,1,1,9,1,9,D,0,1
77568,ALAMEDA,HAYWARD,1,0,12,1,9,D,0,1
77569,RIVERSIDE,PALM SPRINGS,6,1,9,1,9,D,0,0
77570,ORANGE,COSTA MESA,4,0,9,1,9,D,0,1
77571,SAN BERNARDINO,SAN BERNARDINO,1,0,8,1,6,D,0,0
77572,ALAMEDA,UNION CITY,3,0,9,1,8,D,0,1
77573,STANISLAUS,TURLOCK,2,0,9,1,9,D,0,1
77574,RIVERSIDE,LAKE ELSINORE,3,0,8,1,8,D,0,0
77575,SAN BERNARDINO,SAN BERNARDINO,1,0,9,1,6,D,0,1
77576,STANISLAUS,TURLOCK,3,0,12,1,9,D,0,1
77577,SAN BERNARDINO,SAN BERNARDINO,1,0,8,1,6,D,0,1
77578,ORANGE,COSTA MESA,5,0,9,1,9,D,0,1
77579,SAN BERNARDINO,SAN BERNARDINO,3,1,12,1,6,D,0,1
77580,RIVERSIDE,LAKE ELSINORE,5,0,12,1,8,D,0,1
77581,SAN BERNARDINO,SAN BERNARDINO,5,0,11,1,6,D,0,1
77582,ORANGE,COSTA MESA,6,0,9,1,9,D,0,0
77583,LOS ANGELES,PARAMOUNT,3,0,9,1,9,D,0,1
77584,SAN BERNARDINO,SAN BERNARDINO,4,0,9,1,6,D,0,1
77585,SAN BERNARDINO,SAN BERNARDINO,1,0,9,1,6,D,0,1
77586,SAN BERNARDINO,SAN BERNARDINO,6,0,9,1,6,D,0,1
77587,LOS ANGELES,BELLFLOWER,5,0,9,1,8,D,0,1
77588,SACRAMENTO,SACRAMENTO,3,0,9,1,9,D,0,1
77589,SAN BERNARDINO,SAN BERNARDINO,7,0,1,1,6,D,0,0
77590,MERCED,UNINCORPORATED,4,0,9,1,9,D,0,1
77591,LOS ANGELES,LAKEWOOD,7,0,12,1,8,D,0,1
77592,MERCED,UNINCORPORATED,5,0,9,1,9,D,0,1
77593,LOS ANGELES,LOS ANGELES,3,0,1,1,8,D,0,0
77594,LOS ANGELES,LOS ANGELES,3,0,9,1,9,D,0,1
77595,LOS ANGELES,LOS ANGELES,4,0,9,1,9,D,0,1
77596,LOS ANGELES,LOS ANGELES,5,0,9,1,9,D,0,1
77597,LOS ANGELES,LOS ANGELES,1,0,9,1,9,D,0,1
77598,LOS ANGELES,LOS ANGELES,6,0,9,0,9,D,0,1
77599,LOS ANGELES,LOS ANGELES,1,0,9,1,9,D,0,1
77600,LOS ANGELES,LOS ANGELES,7,0,9,1,9,D,0,1
77601,LOS ANGELES,LOS ANGELES,4,0,9,1,9,D,0,0
77602,LOS ANGELES,LOS ANGELES,3,0,9,1,9,D,0,1
77603,LOS ANGELES,LOS ANGELES,3,0,9,1,9,D,0,1
77604,LOS ANGELES,LOS ANGELES,1,0,9,1,9,D,0,1
77605,LOS ANGELES,LOS ANGELES,2,0,9,1,9,D,0,0
77606,STANISLAUS,MODESTO,6,0,12,1,9,D,0,0
77607,LOS ANGELES,LOS ANGELES,1,0,9,1,9,D,0,1
77608,LOS ANGELES,LOS ANGELES,3,0,9,1,9,D,0,1
77609,LOS ANGELES,LOS ANGELES,3,0,10,1,9,D,0,1
77610,LOS ANGELES,LOS ANGELES,5,0,8,1,9,D,0,0
77611,LOS ANGELES,LOS ANGELES,1,0,12,1,9,D,0,1
77612,LOS ANGELES,LOS ANGELES,3,0,9,1,9,D,0,1
77613,LOS ANGELES,LOS ANGELES,7,0,9,1,9,D,0,0
77614,LOS ANGELES,LOS ANGELES,1,0,9,1,9,D,0,1
77615,LOS ANGELES,LOS ANGELES,1,0,12,1,9,D,0,1
77616,LOS ANGELES,LOS ANGELES,4,0,12,1,9,D,0,0
77617,LOS ANGELES,LOS ANGELES,5,0,12,1,9,D,0,0
77618,LOS ANGELES,LOS ANGELES,5,0,9,1,9,D,0,1
77619,LOS ANGELES,LOS ANGELES,6,1,9,1,10,D,0,1
77620,LOS ANGELES,LOS ANGELES,3,0,9,1,10,D,0,1
77621,MERCED,MERCED,1,0,8,1,10,D,0,1
77622,YOLO,UNINCORPORATED,7,0,8,1,10,D,0,1
77623,LOS ANGELES,LOS ANGELES,5,0,9,1,10,D,0,1
77624,LOS ANGELES,LOS ANGELES,3,0,9,1,10,D,0,1
77625,VENTURA,UNINCORPORATED,2,0,9,1,10,D,0,1
77626,SACRAMENTO,SACRAMENTO,4,0,9,1,10,D,0,1
77627,LOS ANGELES,LOS ANGELES,6,1,9,1,10,D,0,0
77628,LOS ANGELES,LOS ANGELES,1,1,9,1,10,D,0,1
77629,ORANGE,COSTA MESA,5,0,9,1,10,D,0,0
77630,SACRAMENTO,SACRAMENTO,3,0,12,1,10,D,0,1
77631,SACRAMENTO,SACRAMENTO,4,0,9,1,10,D,0,1
77632,LOS ANGELES,LOS ANGELES,6,0,12,1,10,D,0,1
77633,LOS ANGELES,LOS ANGELES,2,1,10,1,10,D,0,1
77634,SACRAMENTO,SACRAMENTO,7,1,12,1,10,D,0,1
77635,ORANGE,ANAHEIM,3,0,9,1,10,D,0,1
77636,SACRAMENTO,SACRAMENTO,6,0,12,1,10,D,0,0
77637,ORANGE,ANAHEIM,4,0,9,1,10,D,0,1
77638,STANISLAUS,MODESTO,7,0,12,1,10,D,0,1
77639,SACRAMENTO,SACRAMENTO,3,0,8,1,10,D,0,0
77640,STANISLAUS,MODESTO,6,0,12,1,10,D,0,1
77641,ORANGE,ANAHEIM,2,0,9,1,10,D,0,1
77642,LOS ANGELES,LOS ANGELES,7,1,1,1,10,D,0,0
77643,ORANGE,ANAHEIM,3,0,9,1,10,D,0,0
77644,LOS ANGELES,LOS ANGELES,2,0,9,1,10,D,0,1
77645,ORANGE,MISSION VIEJO,3,0,9,0,10,D,0,0
77646,STANISLAUS,MODESTO,3,0,9,1,10,D,0,0
77647,AMADOR,UNINCORPORATED,2,1,9,1,10,D,0,1
77648,MERCED,MERCED,4,0,12,1,10,D,0,1
77649,LOS ANGELES,LOS ANGELES,2,0,12,1,10,D,0,0
77650,MERCED,MERCED,5,0,12,1,10,D,0,1
77651,STANISLAUS,MODESTO,5,0,9,1,10,D,0,1
77652,SACRAMENTO,SACRAMENTO,5,0,8,1,10,D,0,1
77653,RIVERSIDE,PERRIS,4,0,12,1,9,D,0,1
77654,ORANGE,COSTA MESA,1,0,3,1,10,D,0,1
77655,RIVERSIDE,PERRIS,1,0,12,1,9,D,0,1
77656,SAN DIEGO,SAN MARCOS,5,0,12,1,8,D,0,1
77657,SAN DIEGO,SAN MARCOS,6,0,8,1,8,D,0,1
77658,RIVERSIDE,PERRIS,4,0,12,1,8,D,0,1
77659,VENTURA,SIMI VALLEY,5,0,9,1,10,D,0,0
77660,LOS ANGELES,GARDENA,7,0,9,1,7,D,0,1
77661,LOS ANGELES,GARDENA,2,0,1,1,7,D,0,0
77662,ORANGE,DANA POINT,4,1,9,1,7,D,0,1
77663,VENTURA,SIMI VALLEY,3,0,9,0,10,D,0,0
77664,RIVERSIDE,LAKE ELSINORE,5,0,9,1,7,D,0,1
77665,SAN BERNARDINO,SAN BERNARDINO,7,0,12,1,5,D,0,1
77666,SAN BERNARDINO,SAN BERNARDINO,5,0,9,1,5,D,0,1
77667,SAN BERNARDINO,SAN BERNARDINO,5,0,9,1,5,D,0,1
77668,SAN BERNARDINO,SAN BERNARDINO,1,0,9,1,5,D,0,1
77669,SAN BERNARDINO,SAN BERNARDINO,3,0,12,1,5,D,0,0
77670,LOS ANGELES,LONG BEACH,6,0,3,1,1,D,1,1
77671,SAN BERNARDINO,SAN BERNARDINO,4,0,12,1,5,D,0,1
77672,ORANGE,SANTA ANA,3,0,9,1,10,D,0,0
77673,LOS ANGELES,WHITTIER,5,0,9,1,10,D,0,1
77674,SAN BERNARDINO,VICTORVILLE,1,0,9,1,9,D,0,0
77675,PLACER,UNINCORPORATED,5,0,1,1,10,D,0,0
77676,LOS ANGELES,SANTA MONICA,5,0,9,1,10,D,0,1
77677,LOS ANGELES,COMMERCE,5,0,12,1,10,D,0,1
77678,SOLANO,VACAVILLE,1,0,9,1,10,D,0,1
77679,LOS ANGELES,MAYWOOD,4,0,9,1,10,D,0,1
77680,LOS ANGELES,COMMERCE,4,0,9,1,10,D,0,1
77681,ORANGE,COSTA MESA,7,0,12,1,10,D,0,1
77682,ALAMEDA,OAKLAND,2,0,8,1,10,D,0,1
77683,NAPA,AMERICAN CANYON,5,0,12,0,10,D,0,0
77684,ORANGE,COSTA MESA,6,0,12,1,10,D,0,1
77685,ORANGE,COSTA MESA,2,0,12,1,10,D,0,1
77686,RIVERSIDE,BEAUMONT,1,0,9,1,10,D,0,1
77687,ORANGE,SANTA ANA,7,0,9,1,10,D,0,0
77688,ORANGE,SANTA ANA,7,0,1,1,10,D,0,0
77689,TULARE,UNINCORPORATED,4,1,12,1,10,D,0,0
77690,ORANGE,ORANGE,4,0,1,1,10,D,0,1
77691,SAN DIEGO,CORONADO,6,0,12,1,10,D,0,0
77692,LOS ANGELES,AZUSA,4,0,12,1,9,D,0,1
77693,SAN DIEGO,LEMON GROVE,5,0,9,1,9,D,0,0
77694,SAN BERNARDINO,VICTORVILLE,6,0,1,1,10,D,0,0
77695,LOS ANGELES,LANCASTER,1,0,9,1,9,D,0,1
77696,FRESNO,CLOVIS,1,0,12,1,9,D,0,0
77697,LOS ANGELES,GLENDALE,7,0,9,1,9,D,0,1
77698,SAN BERNARDINO,ONTARIO,6,0,12,1,9,D,0,0
77699,SAN BERNARDINO,ONTARIO,1,0,8,1,9,D,0,1
77700,SAN BERNARDINO,ONTARIO,2,0,9,1,9,D,0,0
77701,SAN BERNARDINO,ONTARIO,2,0,9,1,9,D,0,1
77702,LAKE,UNINCORPORATED,4,1,1,1,10,D,0,1
77703,SAN BERNARDINO,ONTARIO,1,0,12,1,9,D,0,1
77704,LOS ANGELES,LANCASTER,3,0,12,0,10,D,0,1
77705,LOS ANGELES,AZUSA,3,0,12,1,9,D,0,0
77706,LOS ANGELES,LANCASTER,4,0,9,1,10,D,0,0
77707,VENTURA,THOUSAND OAKS,1,0,9,1,10,D,0,1
77708,RIVERSIDE,TEMECULA,5,1,7,1,10,D,1,1
77709,LOS ANGELES,LANCASTER,1,0,9,1,10,D,0,1
77710,NAPA,AMERICAN CANYON,3,0,12,1,10,D,0,1
77711,TULARE,UNINCORPORATED,5,1,12,1,10,D,0,1
77712,NAPA,AMERICAN CANYON,7,0,12,1,10,D,0,0
77713,LOS ANGELES,SANTA MONICA,7,0,12,1,10,D,0,1
77714,LOS ANGELES,GLENDALE,6,0,9,1,10,D,0,0
77715,LOS ANGELES,GLENDALE,6,0,9,1,10,D,0,0
77716,LOS ANGELES,HUNTINGTON PARK,3,0,8,1,10,D,0,1
77717,LOS ANGELES,LANCASTER,3,0,9,1,10,D,0,1
77718,LOS ANGELES,LANCASTER,6,0,1,1,10,D,0,0
77719,ORANGE,TUSTIN,5,0,9,1,10,D,0,1
77720,VENTURA,THOUSAND OAKS,1,0,12,1,10,D,0,1
77721,SAN BERNARDINO,HIGHLAND,3,0,8,1,10,D,0,1
77722,LOS ANGELES,REDONDO BEACH,4,0,9,1,10,D,0,1
77723,SOLANO,FAIRFIELD,2,0,9,1,10,D,0,1
77724,LOS ANGELES,AZUSA,3,0,9,1,10,D,0,1
77725,SAN MATEO,SAN BRUNO,6,0,12,1,10,D,0,1
77726,LOS ANGELES,REDONDO BEACH,5,0,12,1,10,D,0,0
77727,SAN BERNARDINO,VICTORVILLE,5,0,9,1,10,D,0,0
77728,SAN BERNARDINO,VICTORVILLE,4,1,8,1,10,D,0,1
77729,ALAMEDA,BERKELEY,4,0,9,1,9,D,0,0
77730,SAN BERNARDINO,VICTORVILLE,5,0,6,1,9,D,0,0
77731,SAN BERNARDINO,VICTORVILLE,3,0,12,1,10,D,0,1
77732,MONTEREY,UNINCORPORATED,3,0,8,1,10,D,0,1
77733,FRESNO,UNINCORPORATED,4,0,9,1,10,D,0,0
77734,LOS ANGELES,LOS ANGELES,2,0,9,1,10,D,0,1
77735,LOS ANGELES,LOS ANGELES,4,0,1,1,10,D,0,1
77736,RIVERSIDE,RIVERSIDE,5,0,1,1,10,D,0,0
77737,SACRAMENTO,RANCHO CORDOVA,3,0,12,1,9,D,0,1
77738,SAN DIEGO,ESCONDIDO,4,0,9,1,1,D,0,1
77739,SANTA CRUZ,WATSONVILLE,1,0,9,0,10,D,0,1
77740,STANISLAUS,TURLOCK,6,0,8,1,9,D,0,1
77741,STANISLAUS,TURLOCK,5,0,9,1,9,D,0,1
77742,SAN BENITO,UNINCORPORATED,6,0,12,1,10,D,0,1
77743,LOS ANGELES,PASADENA,5,0,9,1,10,D,0,1
77744,MERCED,UNINCORPORATED,1,0,9,1,10,D,0,1
77745,ORANGE,ANAHEIM,3,0,12,0,10,D,0,1
77746,SAN BERNARDINO,ONTARIO,6,1,12,1,9,D,0,1
77747,VENTURA,CAMARILLO,5,0,9,1,9,D,0,1
77748,LOS ANGELES,PALMDALE,6,0,12,1,9,D,0,0
77749,STANISLAUS,OAKDALE,5,1,9,1,9,D,0,1
77750,SAN BERNARDINO,ONTARIO,2,0,12,1,9,D,0,1
77751,VENTURA,CAMARILLO,2,0,9,1,9,D,0,1
77752,SAN DIEGO,CARLSBAD,6,0,8,1,9,D,1,0
77753,STANISLAUS,TURLOCK,3,0,12,1,9,D,0,1
77754,SAN MATEO,EAST PALO ALTO,2,0,7,1,9,D,1,1
77755,LOS ANGELES,CULVER CITY,4,0,12,1,9,D,0,1
77756,SACRAMENTO,RANCHO CORDOVA,1,0,12,1,9,D,0,1
77757,LOS ANGELES,CULVER CITY,2,0,9,1,9,D,0,1
77758,SAN BERNARDINO,RANCHO CUCAMONGA,7,1,12,1,9,D,0,1
77759,LOS ANGELES,CULVER CITY,7,0,8,1,9,D,0,1
77760,SACRAMENTO,RANCHO CORDOVA,7,0,9,1,9,D,0,1
77761,LOS ANGELES,CULVER CITY,3,0,9,1,9,D,0,1
77762,SACRAMENTO,RANCHO CORDOVA,4,0,9,1,9,D,0,1
77763,SAN BERNARDINO,RANCHO CUCAMONGA,5,0,9,1,9,D,0,0
77764,LOS ANGELES,CULVER CITY,1,0,9,1,9,D,0,1
77765,IMPERIAL,UNINCORPORATED,7,0,9,1,9,D,0,1
77766,LOS ANGELES,CULVER CITY,7,0,12,1,9,D,0,1
77767,SACRAMENTO,RANCHO CORDOVA,3,0,12,1,9,D,0,1
77768,SAN BERNARDINO,RANCHO CUCAMONGA,2,0,12,1,9,D,0,1
77769,SAN BERNARDINO,RANCHO CUCAMONGA,6,0,12,1,9,D,0,1
77770,SAN BERNARDINO,RANCHO CUCAMONGA,5,0,12,0,9,D,0,1
77771,ORANGE,LA HABRA,1,0,12,1,9,D,0,1
77772,ORANGE,ORANGE,1,0,12,1,9,D,0,1
77773,ORANGE,ORANGE,6,0,12,1,9,D,0,1
77774,ALAMEDA,LIVERMORE,4,0,12,1,9,D,0,0
77775,ALAMEDA,OAKLAND,1,1,9,1,9,D,0,1
77776,LOS ANGELES,MONTEBELLO,7,1,9,1,9,D,0,1
77777,LOS ANGELES,MONTEBELLO,6,0,9,1,9,D,0,0
77778,LOS ANGELES,IRWINDALE,2,0,9,1,8,D,0,1
77779,CONTRA COSTA,RICHMOND,5,1,9,1,9,D,0,1
77780,LOS ANGELES,MONTEBELLO,3,0,9,1,9,D,0,1
77781,YOLO,WEST SACRAMENTO,2,0,9,1,8,D,0,1
77782,LOS ANGELES,MONTEBELLO,2,0,8,1,9,D,0,1
77783,SACRAMENTO,RANCHO CORDOVA,3,0,9,1,8,D,0,1
77784,LOS ANGELES,MONTEBELLO,5,0,9,1,9,D,0,1
77785,RIVERSIDE,LAKE ELSINORE,3,0,9,1,8,D,0,1
77786,ORANGE,WESTMINSTER,7,0,9,1,9,D,0,1
77787,ALAMEDA,OAKLAND,5,0,12,1,8,D,0,1
77788,ALAMEDA,OAKLAND,7,0,12,1,9,D,0,1
77789,LOS ANGELES,MONTEBELLO,1,0,9,1,9,D,0,1
77790,SACRAMENTO,RANCHO CORDOVA,3,0,9,1,8,D,0,1
77791,PLACER,ROCKLIN,1,0,12,1,9,D,0,1
77792,LOS ANGELES,IRWINDALE,5,0,9,1,9,D,0,1
77793,RIVERSIDE,LAKE ELSINORE,5,0,12,1,9,D,0,1
77794,RIVERSIDE,LAKE ELSINORE,2,0,9,1,9,D,0,1
77795,SONOMA,PETALUMA,3,0,9,1,9,D,0,1
77796,ORANGE,ORANGE,6,0,12,1,9,D,0,1
77797,LOS ANGELES,CULVER CITY,3,0,9,1,8,D,0,1
77798,RIVERSIDE,LAKE ELSINORE,5,0,12,1,8,D,1,1
77799,ORANGE,ORANGE,7,0,12,1,9,D,0,1
77800,KERN,UNINCORPORATED,7,0,9,1,10,D,0,0
77801,SAN DIEGO,OCEANSIDE,4,0,12,1,9,D,0,1
77802,MENDOCINO,UNINCORPORATED,5,0,9,1,10,D,0,1
77803,SAN LUIS OBISPO,UNINCORPORATED,5,0,9,1,11,D,0,0
77804,SAN BERNARDINO,MONTCLAIR,1,0,6,1,10,D,0,1
77805,CONTRA COSTA,CONCORD,1,0,12,1,10,D,0,0
77806,SAN BERNARDINO,MONTCLAIR,4,0,12,0,10,D,0,0
77807,SAN BERNARDINO,MONTCLAIR,5,0,9,1,10,D,0,1
77808,ORANGE,TUSTIN,2,0,12,1,10,D,0,1
77809,SAN DIEGO,ESCONDIDO,6,0,9,1,10,D,0,0
77810,SAN DIEGO,ESCONDIDO,2,0,9,1,10,D,0,0
77811,ORANGE,WESTMINSTER,4,0,9,1,10,D,0,1
77812,LOS ANGELES,LANCASTER,2,0,12,1,10,D,0,1
77813,SAN BERNARDINO,FONTANA,7,0,9,1,9,D,0,0
77814,SAN BERNARDINO,FONTANA,3,0,12,1,9,D,0,0
77815,SAN BERNARDINO,FONTANA,5,0,9,1,9,D,0,1
77816,ALAMEDA,OAKLAND,6,0,12,1,9,D,0,0
77817,SAN DIEGO,ESCONDIDO,7,0,12,1,9,D,0,1
77818,RIVERSIDE,TEMECULA,6,0,12,1,9,D,0,1
77819,RIVERSIDE,TEMECULA,4,0,9,1,9,D,0,0
77820,SANTA CRUZ,UNINCORPORATED,3,0,9,1,9,D,0,1
77821,ORANGE,LA HABRA,2,0,12,1,10,D,0,1
77822,SAN DIEGO,ESCONDIDO,4,0,12,1,10,D,0,1
77823,SAN DIEGO,ESCONDIDO,3,0,12,1,10,D,0,0
77824,LOS ANGELES,BURBANK,2,0,9,1,10,D,0,1
77825,MADERA,UNINCORPORATED,2,0,12,1,10,D,0,1
77826,RIVERSIDE,RIVERSIDE,2,0,12,1,10,D,0,1
77827,RIVERSIDE,RIVERSIDE,1,0,9,1,10,D,0,1
77828,ORANGE,WESTMINSTER,4,0,9,1,10,D,0,1
77829,RIVERSIDE,LA QUINTA,1,0,9,1,10,D,0,1
77830,SAN BERNARDINO,UPLAND,4,0,9,1,9,D,0,1
77831,SAN JOAQUIN,STOCKTON,4,0,8,1,10,D,1,1
77832,LOS ANGELES,LOS ANGELES,4,0,9,1,10,D,0,0
77833,LOS ANGELES,LOS ANGELES,3,0,9,1,10,D,0,1
77834,SAN JOAQUIN,UNINCORPORATED,1,0,9,1,10,D,0,1
77835,SAN BERNARDINO,UPLAND,6,0,9,1,9,D,0,1
77836,GLENN,UNINCORPORATED,1,1,12,1,10,D,0,1
77837,SAN JOAQUIN,UNINCORPORATED,7,0,12,1,10,D,0,1
77838,ORANGE,SANTA ANA,3,0,9,1,10,D,0,1
77839,SAN BERNARDINO,YUCAIPA,5,0,12,1,10,D,0,0
77840,ORANGE,SANTA ANA,6,0,9,1,11,D,0,0
77841,SAN BERNARDINO,REDLANDS,1,0,12,1,10,D,0,1
77842,LOS ANGELES,WHITTIER,7,0,1,1,10,D,1,0
77843,LOS ANGELES,WHITTIER,5,0,9,1,10,D,0,1
77844,LOS ANGELES,PALMDALE,3,1,9,1,10,D,0,1
77845,ORANGE,GARDEN GROVE,7,1,9,1,9,D,0,0
77846,SAN DIEGO,SAN MARCOS,1,0,12,1,9,D,0,1
77847,SAN DIEGO,SAN MARCOS,5,1,12,1,9,D,0,1
77848,IMPERIAL,BRAWLEY,5,0,8,1,9,D,0,1
77849,LOS ANGELES,WHITTIER,1,0,9,1,9,D,0,1
77850,ORANGE,IRVINE,3,0,12,1,9,D,0,1
77851,ORANGE,IRVINE,3,0,12,1,9,D,0,1
77852,LOS ANGELES,LOS ANGELES,2,0,9,1,10,D,0,1
77853,LOS ANGELES,LOS ANGELES,3,0,3,1,10,D,0,0
77854,SANTA CLARA,SAN JOSE,2,0,10,1,10,D,0,1
77855,SANTA CLARA,SAN JOSE,3,0,8,1,10,D,0,1
77856,SANTA CLARA,SAN JOSE,4,0,9,1,10,D,0,1
77857,SANTA CLARA,SAN JOSE,4,0,12,1,10,D,0,0
77858,SANTA CLARA,SAN JOSE,4,0,8,1,10,D,0,0
77859,SANTA CLARA,SAN JOSE,4,0,12,1,10,D,0,1
77860,SANTA CLARA,SAN JOSE,4,0,9,1,10,D,0,1
77861,SANTA CLARA,SAN JOSE,5,0,9,1,10,D,0,1
77862,SANTA CLARA,SAN JOSE,5,0,9,1,10,D,0,1
77863,SANTA CLARA,SAN JOSE,5,0,9,1,10,D,0,1
77864,SANTA CLARA,SAN JOSE,6,1,9,1,10,D,0,1
77865,SANTA CLARA,SAN JOSE,6,0,12,1,10,D,0,1
77866,SANTA CLARA,SAN JOSE,7,0,12,1,10,D,0,1
77867,SANTA CLARA,SAN JOSE,7,0,8,1,10,D,0,1
77868,SANTA CLARA,SAN JOSE,7,0,8,1,10,D,0,1
77869,SANTA CLARA,SAN JOSE,2,0,12,1,10,D,0,1
77870,SANTA CLARA,SAN JOSE,1,0,12,1,10,D,0,1
77871,SANTA CLARA,SAN JOSE,1,0,9,1,10,D,0,1
77872,SANTA CLARA,SAN JOSE,2,0,12,1,10,D,0,1
77873,SANTA CLARA,SAN JOSE,2,0,12,1,10,D,0,1
77874,SANTA CLARA,SAN JOSE,3,0,12,1,10,D,0,0
77875,SANTA CLARA,SAN JOSE,4,1,3,1,10,D,0,1