ID,County,City,Weekday,Severity,ViolCat,ClearWeather,Month,CrashType,Highway,Daylight
77876,SANTA CLARA,SAN JOSE,3,0,9,1,10,D,0,1
77877,SANTA CLARA,SAN JOSE,4,0,1,1,10,D,0,0
77878,ORANGE,SANTA ANA,7,0,8,1,10,D,1,0
77879,SAN DIEGO,LEMON GROVE,1,0,12,1,9,D,0,0
77880,LOS ANGELES,MONROVIA,4,0,8,1,8,D,0,1
77881,ORANGE,TUSTIN,5,0,8,1,10,D,0,1
77882,SANTA CLARA,SAN JOSE,4,0,9,1,10,D,0,1
77883,SAN DIEGO,LA MESA,3,0,3,0,10,D,1,0
77884,SAN BERNARDINO,ONTARIO,3,0,12,1,9,D,0,0
77885,SAN BERNARDINO,ONTARIO,3,0,9,1,9,D,0,1
77886,KERN,UNINCORPORATED,2,0,8,1,10,D,0,1
77887,STANISLAUS,UNINCORPORATED,6,1,8,1,10,D,0,1
77888,STANISLAUS,UNINCORPORATED,3,0,12,0,10,D,0,1
77889,STANISLAUS,UNINCORPORATED,1,0,8,1,10,D,0,1
77890,NAPA,UNINCORPORATED,3,0,9,1,10,D,0,1
77891,SAN LUIS OBISPO,SAN LUIS OBISPO,4,0,9,1,9,D,0,1
77892,LOS ANGELES,LANCASTER,3,0,12,0,10,D,0,1
77893,HUMBOLDT,EUREKA,5,0,8,1,10,D,0,1
77894,MADERA,UNINCORPORATED,1,0,1,1,10,D,0,1
77895,ORANGE,IRVINE,4,0,7,1,10,D,0,1
77896,SAN BERNARDINO,RIALTO,1,1,8,1,10,D,1,1
77897,LOS ANGELES,LANCASTER,1,1,9,1,10,D,0,1
77898,SAN BERNARDINO,COLTON,3,0,8,1,9,D,1,1
77899,LOS ANGELES,GLENDALE,1,0,9,1,10,D,0,1
77900,LOS ANGELES,NORWALK,5,0,12,1,10,D,0,1
77901,LOS ANGELES,NORWALK,1,0,12,1,10,D,0,1
77902,ORANGE,BUENA PARK,6,0,9,1,9,D,0,1
77903,ORANGE,BUENA PARK,3,0,8,1,9,D,0,1
77904,LOS ANGELES,EL MONTE,3,0,9,1,10,D,0,1
77905,ORANGE,ORANGE,2,0,12,1,10,D,0,1
77906,SAN BERNARDINO,CHINO,5,0,9,1,10,D,0,1
77907,ORANGE,ORANGE,4,0,9,0,10,D,0,1
77908,SOLANO,VACAVILLE,5,0,9,1,10,D,0,1
77909,LOS ANGELES,EL MONTE,1,0,9,1,10,D,0,1
77910,SACRAMENTO,SACRAMENTO,1,0,3,0,10,D,0,0
77911,LOS ANGELES,EL MONTE,1,1,12,1,10,D,0,1
77912,CONTRA COSTA,CONCORD,2,0,12,1,10,D,0,1
77913,CONTRA COSTA,CONCORD,1,0,8,1,10,D,0,1
77914,LOS ANGELES,LONG BEACH,1,0,6,0,10,D,0,1
77915,SHASTA,UNINCORPORATED,1,0,9,1,10,D,0,0
77916,LOS ANGELES,LONG BEACH,7,0,12,1,10,D,0,0
77917,CONTRA COSTA,CONCORD,7,0,12,1,10,D,0,1
77918,LOS ANGELES,LONG BEACH,6,0,12,1,10,D,0,1
77919,LOS ANGELES,DOWNEY,4,0,9,1,10,D,0,1
77920,CONTRA COSTA,CONCORD,1,0,12,1,10,D,0,1
77921,ORANGE,SANTA ANA,3,0,9,0,10,D,0,1
77922,SACRAMENTO,ELK GROVE,2,0,9,1,10,D,0,0
77923,CONTRA COSTA,CONCORD,3,0,9,1,10,D,0,1
77924,MADERA,UNINCORPORATED,5,0,9,1,10,D,0,1
77925,CONTRA COSTA,CONCORD,4,0,12,1,10,D,0,1
77926,CONTRA COSTA,CONCORD,2,0,11,1,10,D,0,1
77927,SAN DIEGO,VISTA,4,0,1,1,7,D,0,1
77928,LOS ANGELES,EL MONTE,5,0,9,1,9,D,0,1
77929,RIVERSIDE,MORENO VALLEY,3,0,12,1,9,D,0,1
77930,SAN BERNARDINO,CHINO,3,0,9,1,9,D,0,1
77931,SAN BERNARDINO,CHINO,1,0,8,1,9,D,0,1
77932,SAN BERNARDINO,CHINO,5,0,9,1,9,D,0,1
77933,SAN BERNARDINO,CHINO,6,0,9,1,9,D,0,1
77934,SAN BERNARDINO,CHINO,1,0,9,1,9,D,0,1
77935,SAN DIEGO,VISTA,1,0,12,1,9,D,0,1
77936,SAN BERNARDINO,CHINO,6,0,9,1,9,D,0,1
77937,SACRAMENTO,SACRAMENTO,6,0,1,1,10,D,0,1
77938,ORANGE,ORANGE,5,0,12,1,10,D,0,1
77939,ORANGE,ORANGE,2,0,12,1,10,D,0,1
77940,ORANGE,ORANGE,1,0,9,1,10,D,0,1
77941,ORANGE,ORANGE,1,0,12,1,10,D,0,1
77942,SACRAMENTO,SACRAMENTO,4,0,9,1,10,D,0,1
77943,ORANGE,ORANGE,7,0,12,1,10,D,0,1
77944,SACRAMENTO,SACRAMENTO,4,0,9,1,10,D,0,1
77945,BUTTE,CHICO,4,0,12,1,10,D,0,1
77946,SUTTER,UNINCORPORATED,1,0,9,1,10,D,0,1
77947,SUTTER,UNINCORPORATED,1,0,12,1,10,D,0,0
77948,LOS ANGELES,EL MONTE,7,0,8,1,10,D,0,1
77949,SAN DIEGO,VISTA,6,0,9,1,10,D,0,1
77950,LOS ANGELES,EL MONTE,2,0,9,1,10,D,0,1
77951,SAN DIEGO,VISTA,4,0,9,0,10,D,0,1
77952,RIVERSIDE,MORENO VALLEY,3,0,9,0,10,D,0,1
77953,RIVERSIDE,MORENO VALLEY,2,0,9,1,10,D,0,1
77954,SAN MATEO,BELMONT,7,0,9,1,10,D,0,1
77955,LOS ANGELES,EL MONTE,4,0,8,1,10,D,0,0
77956,RIVERSIDE,MORENO VALLEY,1,0,9,1,10,D,0,1
77957,LOS ANGELES,EL MONTE,3,0,9,1,10,D,0,1
77958,SAN BERNARDINO,CHINO,2,0,9,1,10,D,0,1
77959,LOS ANGELES,EL MONTE,5,0,11,1,10,D,0,1
77960,SAN BERNARDINO,CHINO,3,0,12,1,10,D,0,0
77961,LOS ANGELES,EL MONTE,7,0,9,1,10,D,0,1
77962,LOS ANGELES,LOS ANGELES,3,0,3,0,10,D,0,1
77963,LOS ANGELES,MONROVIA,6,0,12,1,8,D,0,1
77964,LOS ANGELES,LOS ANGELES,6,0,9,1,10,D,0,1
77965,LOS ANGELES,LOS ANGELES,2,0,12,1,10,D,0,1
77966,LOS ANGELES,WEST HOLLYWOOD,5,0,4,0,5,D,0,0
77967,LOS ANGELES,LOS ANGELES,3,0,9,1,10,D,0,0
77968,ORANGE,ANAHEIM,7,1,12,1,10,D,0,1
77969,ORANGE,ANAHEIM,3,0,12,1,10,D,0,0
77970,LOS ANGELES,LOS ANGELES,3,0,12,1,10,D,0,1
77971,LOS ANGELES,WEST HOLLYWOOD,3,0,9,1,8,D,0,0
77972,SANTA CLARA,MILPITAS,4,0,9,1,10,D,0,1
77973,SANTA CLARA,MILPITAS,1,0,8,1,10,D,0,1
77974,SANTA CLARA,MILPITAS,3,0,9,1,10,D,0,1
77975,SANTA CLARA,MILPITAS,2,0,9,1,10,D,0,1
77976,LOS ANGELES,LONG BEACH,7,0,12,1,9,D,0,1
77977,ORANGE,LOS ALAMITOS,7,0,9,1,9,D,0,1
77978,ORANGE,LOS ALAMITOS,4,0,8,1,9,D,0,1
77979,LOS ANGELES,LOS ANGELES,2,0,9,1,10,D,0,1
77980,LOS ANGELES,LOS ANGELES,3,0,9,0,10,D,0,1
77981,ORANGE,ANAHEIM,1,0,9,1,10,D,0,1
77982,LOS ANGELES,LOS ANGELES,1,0,3,1,10,D,0,1
77983,LOS ANGELES,LOS ANGELES,4,0,9,1,10,D,0,0
77984,LOS ANGELES,LOS ANGELES,6,0,9,1,10,D,0,0
77985,LOS ANGELES,LOS ANGELES,4,0,9,1,10,D,0,1
77986,LOS ANGELES,LOS ANGELES,6,0,9,1,10,D,0,1
77987,LOS ANGELES,LOS ANGELES,2,0,9,1,10,D,0,0
77988,LOS ANGELES,LOS ANGELES,1,0,10,1,10,D,0,0
77989,LOS ANGELES,LOS ANGELES,1,0,9,1,10,D,0,1
77990,LOS ANGELES,LOS ANGELES,2,0,9,1,10,D,0,1
77991,LOS ANGELES,LOS ANGELES,4,0,9,1,10,D,0,0
77992,LOS ANGELES,LOS ANGELES,1,0,12,1,10,D,0,1
77993,LOS ANGELES,LOS ANGELES,4,0,9,1,10,D,0,0
77994,LOS ANGELES,LOS ANGELES,7,0,9,1,10,D,0,1
77995,BUTTE,GRIDLEY,6,0,9,1,10,D,0,1
77996,LOS ANGELES,LOS ANGELES,2,0,8,1,10,D,0,1
77997,LOS ANGELES,LOS ANGELES,4,0,9,1,10,D,0,1
77998,KERN,SHAFTER,2,0,12,1,10,D,0,0
77999,LOS ANGELES,LOS ANGELES,2,0,9,1,10,D,0,1
78000,LOS ANGELES,HUNTINGTON PARK,7,0,8,1,10,D,0,0
78001,KERN,SHAFTER,5,0,12,1,10,D,0,1
78002,LOS ANGELES,LOS ANGELES,5,0,1,1,9,D,0,0
78003,RIVERSIDE,RIVERSIDE,5,0,12,1,10,D,0,1
78004,SAN JOAQUIN,LODI,2,0,9,1,10,D,0,1
78005,LOS ANGELES,LOS ANGELES,5,1,8,1,9,D,0,0
78006,ORANGE,SANTA ANA,3,0,9,1,9,D,0,1
78007,LOS ANGELES,LOS ANGELES,7,0,9,1,9,D,0,1
78008,MERCED,UNINCORPORATED,3,0,12,1,10,D,0,0
78009,LOS ANGELES,LOS ANGELES,2,0,9,1,9,D,0,1
78010,MERCED,UNINCORPORATED,3,0,9,1,9,D,0,1
78011,LOS ANGELES,LOS ANGELES,1,0,9,1,9,D,0,1
78012,LOS ANGELES,SOUTH GATE,6,0,9,1,10,D,0,0
78013,ORANGE,SANTA ANA,6,0,9,1,10,D,0,1
78014,SAN BERNARDINO,HIGHLAND,4,0,9,1,9,D,0,0
78015,SAN JOAQUIN,LODI,2,0,12,1,10,D,0,1
78016,SAN JOAQUIN,LODI,1,0,12,1,10,D,0,1
78017,LOS ANGELES,LOS ANGELES,4,1,12,1,9,D,0,1
78018,ORANGE,SANTA ANA,5,0,9,1,9,D,0,1
78019,LOS ANGELES,LOS ANGELES,5,0,8,1,10,D,0,1
78020,LOS ANGELES,REDONDO BEACH,6,0,12,1,10,D,0,1
78021,TUOLUMNE,UNINCORPORATED,7,0,12,1,10,D,0,0
78022,LOS ANGELES,LOS ANGELES,4,0,9,1,10,D,0,1
78023,LOS ANGELES,LOS ANGELES,3,0,12,1,10,D,0,1
78024,SACRAMENTO,SACRAMENTO,3,0,12,1,10,D,0,1
78025,SACRAMENTO,SACRAMENTO,6,0,9,1,10,D,0,0
78026,LOS ANGELES,SOUTH GATE,4,0,9,1,10,D,0,1
78027,LOS ANGELES,SOUTH GATE,6,0,9,1,10,D,0,0
78028,LOS ANGELES,LANCASTER,4,0,12,1,10,D,0,0
78029,SAN BERNARDINO,REDLANDS,5,0,8,1,9,D,0,0
78030,LOS ANGELES,DOWNEY,2,0,9,1,10,D,0,1
78031,TULARE,UNINCORPORATED,5,0,9,1,10,D,0,1
78032,LOS ANGELES,LOS ANGELES,4,0,8,1,10,D,0,1
78033,LOS ANGELES,LOS ANGELES,2,0,4,1,10,D,0,1
78034,LOS ANGELES,LOS ANGELES,5,0,9,1,10,D,0,0
78035,SHASTA,UNINCORPORATED,7,0,7,1,10,D,1,0
78036,LOS ANGELES,LOS ANGELES,3,0,9,0,10,D,0,1
78037,LOS ANGELES,LOS ANGELES,6,1,9,1,8,D,0,1
78038,ALAMEDA,OAKLAND,7,0,9,1,7,D,0,1
78039,SAN BERNARDINO,ADELANTO,5,0,8,1,9,D,0,0
78040,LOS ANGELES,HAWTHORNE,2,0,9,1,9,D,0,0
78041,SAN MATEO,DALY CITY,3,0,9,0,9,D,0,1
78042,LOS ANGELES,CERRITOS,4,0,9,1,9,D,0,1
78043,SAN BERNARDINO,MONTCLAIR,2,0,12,1,9,D,0,1
78044,SAN BERNARDINO,MONTCLAIR,4,0,9,1,9,D,0,1
78045,LOS ANGELES,PICO RIVERA,5,0,1,1,10,D,0,0
78046,LOS ANGELES,INDUSTRY,1,0,7,1,10,D,0,0
78047,IMPERIAL,UNINCORPORATED,2,0,9,1,10,D,0,1
78048,SAN DIEGO,SAN MARCOS,5,0,9,1,5,D,0,1
78049,SANTA CLARA,SAN JOSE,3,0,8,1,10,D,0,0
78050,SAN DIEGO,SAN MARCOS,1,0,12,1,5,D,0,0
78051,SAN DIEGO,SAN MARCOS,5,0,9,1,5,D,0,1
78052,RIVERSIDE,PERRIS,2,0,9,1,10,D,0,1
78053,KERN,UNINCORPORATED,2,0,9,1,10,D,0,1
78054,KERN,UNINCORPORATED,6,0,1,1,10,D,0,1
78055,KERN,UNINCORPORATED,6,0,12,1,10,D,0,1
78056,LOS ANGELES,ARCADIA,5,0,9,1,10,D,0,1
78057,ORANGE,SANTA ANA,4,1,12,1,10,D,0,0
78058,ORANGE,SANTA ANA,3,0,9,0,10,D,0,1
78059,ORANGE,SANTA ANA,3,0,12,1,10,D,0,0
78060,SAN BERNARDINO,HESPERIA,3,0,12,0,10,D,0,1
78061,SAN BERNARDINO,HESPERIA,3,0,9,0,10,D,0,0
78062,YOLO,WEST SACRAMENTO,5,0,12,1,9,D,0,1
78063,ORANGE,SANTA ANA,7,0,1,1,8,D,0,0
78064,KERN,BAKERSFIELD,7,0,1,1,10,D,0,1
78065,LOS ANGELES,PICO RIVERA,2,0,9,1,9,D,0,1
78066,KERN,BAKERSFIELD,4,0,12,1,10,D,0,1
78067,LOS ANGELES,LA PUENTE,6,0,9,1,9,D,0,0
78068,KERN,BAKERSFIELD,3,0,12,0,10,D,0,1
78069,LOS ANGELES,LOS ANGELES,1,0,9,0,10,D,0,1
78070,LOS ANGELES,LOS ANGELES,4,0,9,1,10,D,0,0
78071,LOS ANGELES,LOS ANGELES,7,0,3,1,10,D,0,1
78072,LOS ANGELES,LOS ANGELES,3,0,8,1,10,D,0,1
78073,LOS ANGELES,LOS ANGELES,7,0,12,1,10,D,0,0
78074,LOS ANGELES,LOS ANGELES,2,0,8,1,10,D,0,1
78075,LOS ANGELES,LOS ANGELES,1,0,9,1,10,D,0,1
78076,LOS ANGELES,LOS ANGELES,7,0,9,1,10,D,0,0
78077,LOS ANGELES,LOS ANGELES,2,0,12,1,10,D,0,1
78078,ORANGE,HUNTINGTON BEACH,4,0,9,0,10,D,0,1
78079,LOS ANGELES,SANTA MONICA,2,0,9,1,10,D,0,1
78080,LOS ANGELES,LOS ANGELES,5,0,9,1,10,D,0,1
78081,LOS ANGELES,LOS ANGELES,1,0,9,1,10,D,0,1
78082,LOS ANGELES,LOS ANGELES,6,0,12,1,10,D,0,1
78083,LOS ANGELES,SANTA MONICA,2,0,10,1,10,D,0,1
78084,SAN MATEO,DALY CITY,2,0,12,1,10,D,0,1
78085,SANTA CLARA,MORGAN HILL,6,0,9,1,10,D,0,1
78086,LOS ANGELES,ARCADIA,6,0,9,1,10,D,0,1
78087,SAN LUIS OBISPO,UNINCORPORATED,2,0,9,1,10,D,0,1
78088,ALAMEDA,ALAMEDA,1,0,9,1,10,D,0,1
78089,VENTURA,CAMARILLO,4,0,9,1,10,D,0,1
78090,SAN JOAQUIN,UNINCORPORATED,1,0,9,1,10,D,0,0
78091,LOS ANGELES,LOS ANGELES,7,0,9,1,10,D,0,1
78092,SAN LUIS OBISPO,SAN LUIS OBISPO,1,0,9,1,9,D,0,1
78093,LOS ANGELES,LOS ANGELES,5,0,3,1,9,D,0,0
78094,SAN LUIS OBISPO,SAN LUIS OBISPO,3,0,12,0,9,D,0,1
78095,KERN,UNINCORPORATED,4,0,9,1,9,D,0,1
78096,SAN LUIS OBISPO,SAN LUIS OBISPO,2,0,9,1,9,D,0,1
78097,HUMBOLDT,EUREKA,1,0,12,0,9,D,0,1
78098,LOS ANGELES,LOS ANGELES,6,0,9,1,9,D,0,0
78099,SANTA CLARA,SAN JOSE,1,0,7,1,7,D,1,0
78100,RIVERSIDE,PERRIS,1,0,9,1,9,D,0,1
78101,SAN DIEGO,OCEANSIDE,7,0,3,1,10,D,1,0
78102,ALAMEDA,ALAMEDA,4,0,9,1,9,D,0,1
78103,SAN BERNARDINO,HESPERIA,4,0,9,1,10,D,0,1
78104,LOS ANGELES,INDUSTRY,5,0,12,1,10,D,0,0
78105,RIVERSIDE,PERRIS,5,0,9,1,10,D,0,1
78106,LOS ANGELES,LA PUENTE,4,0,9,0,10,D,0,1
78107,LOS ANGELES,LA PUENTE,5,0,12,1,10,D,0,0
78108,SAN MATEO,UNINCORPORATED,2,0,9,1,10,D,0,1
78109,LOS ANGELES,PICO RIVERA,2,0,9,1,10,D,0,1
78110,LOS ANGELES,PICO RIVERA,1,0,9,1,10,D,0,1
78111,SAN BERNARDINO,HESPERIA,4,0,8,1,10,D,0,1
78112,LOS ANGELES,BURBANK,6,0,9,1,10,D,0,1
78113,LOS ANGELES,BELL,3,0,8,1,9,D,1,1
78114,MONTEREY,UNINCORPORATED,6,0,1,1,10,D,0,0
78115,BUTTE,GRIDLEY,5,0,9,1,9,D,0,1
78116,LOS ANGELES,LOS ANGELES,2,0,9,1,10,D,0,1
78117,MONTEREY,UNINCORPORATED,1,0,9,1,10,D,0,1
78118,LOS ANGELES,LOS ANGELES,4,0,9,1,10,D,0,1
78119,LOS ANGELES,LOS ANGELES,5,0,12,1,10,D,0,1
78120,LOS ANGELES,LOS ANGELES,2,0,12,1,10,D,0,1
78121,LOS ANGELES,ALHAMBRA,6,1,9,1,9,D,0,1
78122,LOS ANGELES,LOS ANGELES,5,1,9,1,9,D,0,1
78123,LOS ANGELES,LOS ANGELES,6,0,9,1,9,D,0,1
78124,LOS ANGELES,LOS ANGELES,4,0,12,1,9,D,0,1
78125,RIVERSIDE,INDIO,5,0,9,1,9,D,0,1
78126,LOS ANGELES,ALHAMBRA,7,0,12,1,9,D,0,1
78127,LOS ANGELES,DOWNEY,6,0,9,1,9,D,0,1
78128,SAN BERNARDINO,SAN BERNARDINO,1,0,3,1,9,D,1,0
78129,LOS ANGELES,LOS ANGELES,1,0,9,1,9,D,0,1
78130,ORANGE,GARDEN GROVE,4,0,12,1,10,D,0,1
78131,CONTRA COSTA,PITTSBURG,3,0,3,1,10,D,0,1
78132,ORANGE,ANAHEIM,4,0,9,1,10,D,0,1
78133,LOS ANGELES,LOS ANGELES,7,0,9,1,10,D,0,1
78134,ORANGE,ANAHEIM,4,0,9,1,10,D,0,1
78135,ORANGE,NEWPORT BEACH,4,0,9,1,10,D,0,1
78136,ORANGE,ANAHEIM,7,0,1,1,10,D,0,0
78137,LOS ANGELES,LOS ANGELES,4,0,9,1,10,D,0,0
78138,LOS ANGELES,LOS ANGELES,3,0,9,0,10,D,0,1
78139,SAN MATEO,BURLINGAME,2,0,9,1,10,D,0,1
78140,LOS ANGELES,LANCASTER,1,0,8,1,10,D,0,0
78141,LOS ANGELES,DOWNEY,2,0,8,1,10,D,0,1
78142,STANISLAUS,TURLOCK,4,0,12,1,10,D,0,1
78143,LOS ANGELES,LOS ANGELES,1,0,9,1,10,D,0,0
78144,LOS ANGELES,LOS ANGELES,3,0,9,1,10,D,0,1
78145,LOS ANGELES,DOWNEY,4,0,9,1,10,D,0,1
78146,LOS ANGELES,LOS ANGELES,4,0,9,1,10,D,0,1
78147,LOS ANGELES,LANCASTER,6,0,9,1,10,D,0,1
78148,LOS ANGELES,LANCASTER,5,0,9,1,10,D,0,1
78149,LOS ANGELES,LOS ANGELES,4,0,9,1,10,D,0,1
78150,LOS ANGELES,LOS ANGELES,2,0,9,1,10,D,0,1
78151,LOS ANGELES,LOS ANGELES,2,0,9,1,10,D,0,1
78152,TULARE,UNINCORPORATED,7,0,9,1,10,D,0,1
78153,LOS ANGELES,LOS ANGELES,3,0,3,0,10,D,0,1
78154,LOS ANGELES,LOS ANGELES,3,0,9,1,10,D,0,1
78155,TULARE,UNINCORPORATED,2,0,9,1,10,D,0,1
78156,LOS ANGELES,LOS ANGELES,7,0,12,1,10,D,0,1
78157,LOS ANGELES,LOS ANGELES,2,0,9,1,10,D,0,1
78158,LOS ANGELES,LOS ANGELES,1,0,9,1,10,D,0,1
78159,LOS ANGELES,LOS ANGELES,6,0,9,1,10,D,0,0
78160,SAN MATEO,UNINCORPORATED,4,0,12,1,10,D,0,1
78161,LOS ANGELES,LOS ANGELES,1,0,12,1,10,D,0,1
78162,LOS ANGELES,LOS ANGELES,3,0,12,0,10,D,0,1
78163,SOLANO,DIXON,6,0,12,1,10,D,0,1
78164,LOS ANGELES,LOS ANGELES,1,0,9,1,10,D,0,1
78165,LOS ANGELES,LOS ANGELES,5,0,9,1,10,D,0,1
78166,LOS ANGELES,ALHAMBRA,2,0,9,1,10,D,0,1
78167,LOS ANGELES,LOS ANGELES,1,0,6,1,10,D,0,1
78168,LOS ANGELES,LOS ANGELES,2,0,9,1,10,D,0,0
78169,LOS ANGELES,LOS ANGELES,7,0,9,0,10,D,0,1
78170,LOS ANGELES,LOS ANGELES,7,0,9,1,10,D,0,1
78171,LOS ANGELES,LOS ANGELES,4,0,9,1,10,D,0,1
78172,LOS ANGELES,LOS ANGELES,5,0,9,1,10,D,0,1
78173,RIVERSIDE,INDIO,1,0,1,1,10,D,0,1
78174,LOS ANGELES,LOS ANGELES,7,0,9,1,10,D,0,0
78175,LOS ANGELES,LOS ANGELES,5,0,12,1,10,D,0,1
78176,TULARE,PORTERVILLE,2,0,9,1,10,D,0,1
78177,LOS ANGELES,LOS ANGELES,5,0,9,1,10,D,0,0
78178,LOS ANGELES,LOS ANGELES,4,0,12,1,10,D,0,1
78179,LOS ANGELES,LOS ANGELES,4,0,9,1,10,D,0,1
78180,LOS ANGELES,LOS ANGELES,7,0,12,1,10,D,0,0
78181,LOS ANGELES,LOS ANGELES,6,0,9,1,10,D,0,1
78182,LOS ANGELES,LOS ANGELES,4,0,9,1,10,D,0,0
78183,LOS ANGELES,LOS ANGELES,4,0,9,1,10,D,0,1
78184,LOS ANGELES,LOS ANGELES,2,0,12,1,10,D,0,1
78185,LOS ANGELES,LOS ANGELES,3,1,9,1,10,D,0,1
78186,LOS ANGELES,LOS ANGELES,2,0,9,1,10,D,0,1
78187,LOS ANGELES,LOS ANGELES,6,0,10,1,10,D,0,1
78188,LOS ANGELES,LOS ANGELES,2,0,9,1,10,D,0,1
78189,LOS ANGELES,LOS ANGELES,1,0,9,0,10,D,0,1
78190,LOS ANGELES,LOS ANGELES,6,0,9,1,10,D,0,1
78191,LOS ANGELES,LOS ANGELES,7,0,9,1,10,D,0,1
78192,LOS ANGELES,LOS ANGELES,7,0,12,1,10,D,0,1
78193,LOS ANGELES,LOS ANGELES,6,0,12,1,10,D,0,1
78194,LOS ANGELES,LOS ANGELES,1,0,9,1,10,D,0,1
78195,LOS ANGELES,LOS ANGELES,4,0,9,1,10,D,0,1
78196,MONTEREY,UNINCORPORATED,3,0,9,1,10,D,0,1
78197,LOS ANGELES,LOS ANGELES,2,1,12,1,10,D,0,1
78198,SAN BERNARDINO,YUCAIPA,1,0,9,1,7,D,0,1
78199,LOS ANGELES,HAWTHORNE,3,0,9,1,9,D,0,0
78200,VENTURA,CAMARILLO,3,1,12,1,9,D,0,1
78201,STANISLAUS,TURLOCK,7,0,12,1,9,D,0,1
78202,CONTRA COSTA,EL CERRITO,4,0,9,1,9,D,0,1
78203,STANISLAUS,TURLOCK,4,0,12,1,9,D,0,1
78204,STANISLAUS,TURLOCK,5,0,8,1,9,D,0,0
78205,LOS ANGELES,LOS ANGELES,5,0,12,1,10,D,0,0
78206,LOS ANGELES,LOS ANGELES,4,0,9,1,10,D,0,1
78207,SAN BERNARDINO,RANCHO CUCAMONGA,4,0,8,1,10,D,0,1
78208,ORANGE,ORANGE,3,0,9,1,10,D,0,1
78209,LOS ANGELES,WHITTIER,6,0,12,1,10,D,0,1
78210,SACRAMENTO,SACRAMENTO,3,0,9,1,10,D,0,1
78211,LOS ANGELES,WHITTIER,6,0,9,1,10,D,0,1
78212,SACRAMENTO,SACRAMENTO,7,0,9,1,10,D,0,1
78213,KERN,BAKERSFIELD,5,0,1,1,10,D,0,0
78214,ORANGE,ANAHEIM,3,0,12,1,10,D,0,0
78215,KERN,BAKERSFIELD,3,0,1,1,10,D,0,0
78216,ORANGE,ANAHEIM,3,0,12,1,9,D,0,0
78217,ORANGE,ANAHEIM,6,0,9,1,10,D,0,0
78218,ORANGE,ANAHEIM,1,0,12,1,10,D,0,1
78219,ORANGE,ANAHEIM,5,0,6,1,10,D,0,1
78220,ORANGE,ANAHEIM,7,0,9,1,10,D,0,1
78221,LOS ANGELES,LOS ANGELES,4,0,9,1,10,D,0,0
78222,LOS ANGELES,LOS ANGELES,5,0,9,1,10,D,0,1
78223,SANTA CRUZ,SANTA CRUZ,2,0,12,1,10,D,0,1
78224,LOS ANGELES,LOS ANGELES,4,0,9,1,10,D,0,1
78225,LOS ANGELES,HAWTHORNE,3,0,9,0,10,D,0,1
78226,LOS ANGELES,LOS ANGELES,1,0,9,1,10,D,0,0
78227,LOS ANGELES,LANCASTER,3,0,9,1,10,D,0,1
78228,SANTA CLARA,CAMPBELL,2,0,12,1,10,D,0,1
78229,LOS ANGELES,LOS ANGELES,1,0,9,1,10,D,0,1
78230,LOS ANGELES,LANCASTER,3,0,12,1,10,D,0,1
78231,ORANGE,GARDEN GROVE,2,0,9,1,10,D,0,1
78232,LOS ANGELES,LOS ANGELES,4,0,8,1,10,D,0,0
78233,LOS ANGELES,LOS ANGELES,3,0,9,0,10,D,0,1
78234,SAN BERNARDINO,ADELANTO,5,0,1,1,10,D,0,0
78235,LOS ANGELES,LOS ANGELES,3,0,12,1,10,D,0,0
78236,LOS ANGELES,LOS ANGELES,6,0,9,1,10,D,0,1
78237,LOS ANGELES,LOS ANGELES,3,0,12,1,10,D,0,1
78238,ALAMEDA,FREMONT,6,0,6,1,10,D,0,1
78239,CONTRA COSTA,WALNUT CREEK,1,0,9,1,10,D,0,1
78240,SACRAMENTO,SACRAMENTO,5,1,9,0,10,D,0,1
78241,SACRAMENTO,FOLSOM,2,0,12,1,10,D,0,1
78242,CONTRA COSTA,WALNUT CREEK,2,0,9,1,10,D,0,0
78243,SACRAMENTO,SACRAMENTO,5,0,9,1,10,D,0,1
78244,ALAMEDA,FREMONT,6,0,12,1,10,D,0,1
78245,ALAMEDA,FREMONT,6,0,12,1,10,D,0,1
78246,SACRAMENTO,SACRAMENTO,2,0,12,1,10,D,0,1
78247,CONTRA COSTA,WALNUT CREEK,2,0,12,1,10,D,0,1
78248,LOS ANGELES,COVINA,6,0,12,1,10,D,0,1
78249,PLACER,ROCKLIN,2,0,12,1,10,D,0,1
78250,SAN MATEO,BELMONT,1,0,12,1,10,D,0,0
78251,STANISLAUS,TURLOCK,4,0,9,1,10,D,0,1
78252,ALAMEDA,FREMONT,4,0,12,1,10,D,0,1
78253,SACRAMENTO,SACRAMENTO,1,0,12,1,10,D,0,0
78254,ORANGE,NEWPORT BEACH,2,0,9,1,10,D,0,0
78255,ORANGE,NEWPORT BEACH,7,0,12,1,10,D,0,0
78256,VENTURA,PORT HUENEME,1,0,9,1,10,D,0,1