ID,County,City,Weekday,Severity,ViolCat,ClearWeather,Month,CrashType,Highway,Daylight
80183,LOS ANGELES,LOS ANGELES,2,0,9,1,11,D,0,0
80184,LOS ANGELES,LOS ANGELES,6,0,9,1,11,D,0,1
80185,VENTURA,UNINCORPORATED,6,0,7,1,11,D,1,1
80186,LOS ANGELES,LOS ANGELES,3,0,3,1,11,D,0,1
80187,LOS ANGELES,LOS ANGELES,4,0,9,0,11,D,0,0
80188,LOS ANGELES,LOS ANGELES,7,0,9,1,11,D,0,1
80189,SAN JOAQUIN,TRACY,1,0,12,1,11,D,0,0
80190,LOS ANGELES,LOS ANGELES,7,0,9,1,11,D,0,1
80191,LOS ANGELES,LOS ANGELES,5,0,9,0,11,D,0,0
80192,LOS ANGELES,LOS ANGELES,7,0,12,1,11,D,0,1
80193,LOS ANGELES,LOS ANGELES,6,0,9,1,11,D,0,0
80194,ORANGE,ANAHEIM,6,0,12,0,11,D,0,1
80195,ORANGE,ANAHEIM,3,0,9,1,11,D,0,1
80196,ORANGE,ANAHEIM,4,0,12,1,11,D,0,1
80197,LOS ANGELES,LOS ANGELES,7,0,9,1,11,D,0,0
80198,LOS ANGELES,LOS ANGELES,5,0,9,1,11,D,0,1
80199,LOS ANGELES,LOS ANGELES,5,0,9,1,11,D,0,0
80200,LOS ANGELES,LOS ANGELES,7,0,12,1,11,D,0,1
80201,ORANGE,HUNTINGTON BEACH,7,0,9,1,11,D,1,0
80202,SACRAMENTO,SACRAMENTO,3,0,12,1,10,D,0,1
80203,RIVERSIDE,PALM DESERT,1,0,12,1,11,D,0,1
80204,ORANGE,HUNTINGTON BEACH,3,0,9,0,11,D,0,0
80205,ORANGE,ANAHEIM,4,0,8,0,10,D,0,1
80206,ORANGE,ANAHEIM,4,0,9,0,10,D,0,1
80207,RIVERSIDE,TEMECULA,6,1,12,1,9,D,0,1
80208,SANTA CLARA,CUPERTINO,7,0,3,1,10,D,1,0
80209,LOS ANGELES,LOS ANGELES,1,0,9,1,10,D,0,1
80210,LOS ANGELES,LOS ANGELES,4,0,9,1,10,D,0,1
80211,ORANGE,HUNTINGTON BEACH,5,0,1,0,11,D,0,0
80212,RIVERSIDE,TEMECULA,3,0,9,1,11,D,0,1
80213,RIVERSIDE,TEMECULA,5,0,8,1,11,D,0,0
80214,LOS ANGELES,LOS ANGELES,7,0,12,1,10,D,0,1
80215,ORANGE,HUNTINGTON BEACH,4,0,8,0,11,D,0,1
80216,ORANGE,HUNTINGTON BEACH,7,0,9,1,11,D,0,1
80217,LOS ANGELES,LOS ANGELES,5,0,12,1,10,D,0,1
80218,LOS ANGELES,LOS ANGELES,4,0,1,1,10,D,0,0
80219,LOS ANGELES,LOS ANGELES,2,0,9,1,10,D,0,1
80220,LOS ANGELES,LOS ANGELES,2,0,12,1,10,D,0,1
80221,LOS ANGELES,LOS ANGELES,2,0,12,1,10,D,0,0
80222,LOS ANGELES,LOS ANGELES,5,0,9,1,10,D,0,0
80223,LOS ANGELES,LOS ANGELES,7,0,9,1,10,D,0,1
80224,LOS ANGELES,LOS ANGELES,3,0,9,1,10,D,0,0
80225,CONTRA COSTA,OAKLEY,3,0,9,1,10,D,0,1
80226,LOS ANGELES,LOS ANGELES,6,1,3,1,10,D,0,0
80227,FRESNO,UNINCORPORATED,5,0,9,1,10,D,0,1
80228,LOS ANGELES,LOS ANGELES,5,0,12,1,10,D,0,1
80229,LOS ANGELES,LOS ANGELES,3,0,9,1,10,D,0,1
80230,LOS ANGELES,LOS ANGELES,1,0,12,0,10,D,0,1
80231,LOS ANGELES,LOS ANGELES,6,0,9,1,10,D,0,1
80232,LOS ANGELES,LOS ANGELES,4,0,9,1,10,D,0,1
80233,LOS ANGELES,LOS ANGELES,4,0,9,1,10,D,0,0
80234,LOS ANGELES,LOS ANGELES,2,0,11,1,10,D,0,0
80235,SACRAMENTO,SACRAMENTO,4,0,9,1,12,D,0,1
80236,YOLO,WEST SACRAMENTO,3,0,12,0,11,D,0,1
80237,LOS ANGELES,SIGNAL HILL,4,0,12,1,11,D,0,0
80238,LOS ANGELES,GARDENA,1,0,9,1,9,D,0,0
80239,LOS ANGELES,GARDENA,6,0,9,1,10,D,0,1
80240,LOS ANGELES,GARDENA,7,0,12,1,9,D,0,1
80241,SACRAMENTO,SACRAMENTO,2,0,8,1,12,D,0,1
80242,LOS ANGELES,TORRANCE,5,0,9,0,11,D,0,0
80243,LOS ANGELES,LOS ANGELES,3,0,9,1,11,D,0,1
80244,LOS ANGELES,LOS ANGELES,1,0,9,1,11,D,0,1
80245,LOS ANGELES,LOS ANGELES,6,0,12,1,11,D,0,1
80246,SACRAMENTO,SACRAMENTO,6,1,12,1,11,D,0,1
80247,LOS ANGELES,LOS ANGELES,3,0,12,1,11,D,0,0
80248,LOS ANGELES,LOS ANGELES,4,0,8,1,11,D,0,1
80249,LOS ANGELES,LOS ANGELES,2,0,9,1,11,D,0,1
80250,LOS ANGELES,LOS ANGELES,5,0,9,1,11,D,0,1
80251,LOS ANGELES,LOS ANGELES,1,0,12,1,11,D,0,0
80252,LOS ANGELES,LOS ANGELES,7,1,3,1,11,D,0,1
80253,LOS ANGELES,LOS ANGELES,6,0,8,1,11,D,0,1
80254,LOS ANGELES,LOS ANGELES,6,0,9,1,11,D,0,1
80255,SACRAMENTO,SACRAMENTO,3,0,12,1,11,D,0,1
80256,LOS ANGELES,LONG BEACH,5,0,11,1,11,D,0,1
80257,SOLANO,VACAVILLE,2,0,12,0,11,D,0,1
80258,LOS ANGELES,LOS ANGELES,1,0,9,1,11,D,0,1
80259,SACRAMENTO,SACRAMENTO,1,0,9,1,11,D,0,0
80260,SAN LUIS OBISPO,UNINCORPORATED,3,0,9,1,11,D,0,0
80261,SUTTER,YUBA CITY,5,0,9,1,11,D,0,1
80262,LOS ANGELES,LA PUENTE,5,0,8,1,11,D,0,1
80263,LOS ANGELES,LOS ANGELES,5,1,9,1,11,D,0,0
80264,LOS ANGELES,LONG BEACH,4,0,9,1,11,D,0,0
80265,LOS ANGELES,LOS ANGELES,7,0,3,1,11,D,0,0
80266,LOS ANGELES,LOS ANGELES,3,0,3,1,11,D,0,1
80267,RIVERSIDE,MORENO VALLEY,5,0,9,1,11,D,0,0
80268,LOS ANGELES,LOS ANGELES,3,0,9,1,11,D,0,1
80269,LOS ANGELES,LOS ANGELES,7,0,12,1,11,D,0,0
80270,LOS ANGELES,TEMPLE CITY,4,0,8,1,11,D,0,1
80271,SAN DIEGO,ESCONDIDO,1,0,9,1,11,D,0,1
80272,LOS ANGELES,LOS ANGELES,5,0,8,1,11,D,0,1
80273,LOS ANGELES,LOS ANGELES,1,0,9,1,11,D,0,1
80274,SANTA CRUZ,SANTA CRUZ,5,0,12,1,11,D,0,1
80275,LOS ANGELES,LOS ANGELES,7,0,9,1,11,D,0,1
80276,LOS ANGELES,SOUTH EL MONTE,6,0,12,1,11,D,0,0
80277,LOS ANGELES,TEMPLE CITY,5,0,9,0,11,D,0,1
80278,LOS ANGELES,POMONA,6,0,7,0,11,D,1,1
80279,ORANGE,COSTA MESA,1,0,9,1,11,D,0,0
80280,ORANGE,COSTA MESA,1,0,8,1,11,D,0,1
80281,YOLO,WOODLAND,7,0,12,1,11,D,0,0
80282,LOS ANGELES,SOUTH EL MONTE,1,0,7,1,11,D,1,1
80283,RIVERSIDE,SAN JACINTO,3,0,12,1,11,D,0,0
80284,RIVERSIDE,RANCHO MIRAGE,1,0,9,1,11,D,0,1
80285,FRESNO,UNINCORPORATED,6,0,9,1,11,D,0,0
80286,FRESNO,UNINCORPORATED,5,0,12,1,11,D,0,1
80287,CONTRA COSTA,PITTSBURG,6,1,7,1,11,D,0,1
80288,ORANGE,COSTA MESA,5,0,12,1,11,D,0,1
80289,LOS ANGELES,LONG BEACH,5,0,9,1,10,D,0,1
80290,RIVERSIDE,NORCO,1,0,9,1,10,D,0,1
80291,LOS ANGELES,TEMPLE CITY,1,0,9,1,10,D,0,1
80292,SAN BERNARDINO,VICTORVILLE,4,0,9,1,10,D,0,0
80293,SAN BERNARDINO,VICTORVILLE,2,0,12,1,10,D,0,1
80294,KERN,DELANO,1,0,9,1,11,D,0,0
80295,LOS ANGELES,TORRANCE,4,0,9,0,11,D,0,0
80296,SAN BERNARDINO,VICTORVILLE,3,0,9,1,10,D,0,1
80297,LOS ANGELES,LOS ANGELES,3,0,8,1,10,D,0,1
80298,LOS ANGELES,TORRANCE,5,0,9,0,11,D,0,0
80299,SAN BERNARDINO,VICTORVILLE,3,0,9,0,10,D,0,1
80300,LOS ANGELES,MAYWOOD,7,0,9,0,10,D,0,0
80301,ALAMEDA,FREMONT,6,0,12,1,10,D,0,1
80302,SACRAMENTO,SACRAMENTO,5,0,12,1,10,D,0,0
80303,LOS ANGELES,TORRANCE,5,0,8,1,11,D,0,1
80304,MONTEREY,SALINAS,4,0,8,1,10,D,0,1
80305,BUTTE,OROVILLE,7,0,1,0,9,D,0,1
80306,LOS ANGELES,LOS ANGELES,5,0,9,1,10,D,0,0
80307,LOS ANGELES,LOS ANGELES,3,0,12,1,10,D,0,1
80308,LOS ANGELES,LOS ANGELES,3,0,9,1,10,D,0,1
80309,LOS ANGELES,LOS ANGELES,2,0,9,1,10,D,0,1
80310,LOS ANGELES,LOS ANGELES,4,0,9,1,10,D,0,0
80311,LOS ANGELES,LOS ANGELES,2,0,11,1,10,D,0,1
80312,LOS ANGELES,LOS ANGELES,2,0,8,0,10,D,0,0
80313,LOS ANGELES,LOS ANGELES,6,0,3,1,10,D,0,0
80314,LOS ANGELES,LOS ANGELES,6,0,12,1,10,D,0,0
80315,SANTA CLARA,SAN JOSE,1,0,12,1,10,D,0,0
80316,SANTA CLARA,SAN JOSE,4,0,12,1,10,D,0,1
80317,SAN BENITO,UNINCORPORATED,2,0,9,1,10,D,0,1
80318,LOS ANGELES,LOS ANGELES,2,0,8,1,10,D,0,1
80319,VENTURA,CAMARILLO,3,0,9,1,10,D,0,1
80320,SAN BERNARDINO,FONTANA,7,0,8,1,10,D,0,0
80321,SAN BERNARDINO,FONTANA,7,0,1,1,10,D,0,0
80322,SAN BERNARDINO,FONTANA,5,0,12,1,10,D,0,1
80323,LOS ANGELES,LOS ANGELES,2,0,9,1,10,D,0,1
80324,SANTA CLARA,SAN JOSE,3,0,7,1,10,D,0,0
80325,SAN LUIS OBISPO,UNINCORPORATED,7,0,9,1,10,D,1,1
80326,PLACER,UNINCORPORATED,6,0,9,1,10,D,0,0
80327,PLACER,UNINCORPORATED,2,1,11,0,10,D,0,1
80328,LOS ANGELES,DOWNEY,5,0,9,1,10,D,0,1
80329,ALAMEDA,HAYWARD,5,0,8,1,10,D,0,0
80330,SANTA CLARA,SAN JOSE,6,0,8,1,11,D,0,1
80331,SANTA CLARA,SAN JOSE,6,0,12,1,11,D,0,0
80332,VENTURA,CAMARILLO,3,0,12,1,11,D,0,1
80333,LOS ANGELES,LOS ANGELES,1,0,12,1,11,D,0,1
80334,MADERA,MADERA,4,0,12,1,11,D,0,0
80335,LOS ANGELES,SANTA MONICA,6,0,9,1,11,D,0,1
80336,LOS ANGELES,SANTA MONICA,7,0,9,0,11,D,0,1
80337,SANTA CLARA,SAN JOSE,5,0,12,1,11,D,0,0
80338,SANTA CLARA,SAN JOSE,5,0,12,0,11,D,0,0
80339,SANTA CLARA,SAN JOSE,5,0,12,1,11,D,0,1
80340,ORANGE,IRVINE,6,0,9,1,11,D,0,1
80341,ORANGE,IRVINE,6,0,9,1,11,D,0,1
80342,LOS ANGELES,PALMDALE,7,0,8,1,11,D,1,1
80343,ORANGE,COSTA MESA,1,1,9,1,11,D,0,0
80344,KINGS,HANFORD,5,0,12,1,11,D,0,1
80345,LOS ANGELES,PASADENA,5,0,12,1,11,D,0,0
80346,SANTA CLARA,SAN JOSE,4,0,12,1,11,D,0,1
80347,SANTA CLARA,SAN JOSE,4,0,12,1,11,D,0,1
80348,SANTA CLARA,SAN JOSE,2,0,9,1,11,D,0,1
80349,SANTA CLARA,SAN JOSE,3,0,8,1,11,D,0,1
80350,SANTA CLARA,SAN JOSE,3,0,8,1,11,D,0,1
80351,SANTA CLARA,SAN JOSE,2,0,9,1,11,D,0,1
80352,SANTA CLARA,SAN JOSE,1,0,9,1,11,D,0,1
80353,SANTA CLARA,SAN JOSE,1,0,8,1,11,D,0,1
80354,SANTA CLARA,SAN JOSE,7,0,9,1,11,D,0,0
80355,SANTA CLARA,SAN JOSE,6,0,9,1,11,D,0,1
80356,SANTA CLARA,SAN JOSE,6,0,9,1,11,D,0,1
80357,SANTA CLARA,SAN JOSE,7,0,9,1,11,D,0,1
80358,NAPA,SAINT HELENA,5,0,9,1,11,D,0,1
80359,MADERA,UNINCORPORATED,5,0,9,1,11,D,0,1
80360,SAN MATEO,ATHERTON,3,0,9,0,11,D,0,1
80361,SAN DIEGO,OCEANSIDE,1,0,12,1,11,D,0,0
80362,RIVERSIDE,RIVERSIDE,4,0,8,0,11,D,0,0
80363,TULARE,UNINCORPORATED,6,0,12,1,11,D,0,1
80364,ORANGE,ANAHEIM,1,0,9,1,11,D,0,1
80365,ORANGE,ANAHEIM,3,0,9,0,11,D,0,0
80366,LOS ANGELES,LA MIRADA,5,1,12,1,10,D,0,0
80367,ORANGE,ANAHEIM,7,0,9,0,11,D,0,0
80368,STANISLAUS,UNINCORPORATED,1,0,9,1,11,D,0,0
80369,TULARE,UNINCORPORATED,1,0,9,1,12,D,0,1
80370,MERCED,LOS BANOS,2,0,12,1,8,D,0,1
80371,MERCED,LOS BANOS,7,0,8,1,8,D,0,1
80372,BUTTE,PARADISE,6,0,3,1,12,D,0,0
80373,RIVERSIDE,RIVERSIDE,1,0,9,1,12,D,0,1
80374,RIVERSIDE,RIVERSIDE,7,0,12,1,12,D,0,1
80375,RIVERSIDE,RIVERSIDE,2,0,12,1,10,D,0,1
80376,RIVERSIDE,RIVERSIDE,3,0,9,1,11,D,0,0
80377,SAN JOAQUIN,LODI,4,0,9,1,12,D,0,1
80378,ALAMEDA,BERKELEY,5,0,9,1,10,D,0,1
80379,ALAMEDA,BERKELEY,5,0,9,1,10,D,0,1
80380,ALAMEDA,BERKELEY,5,0,9,1,10,D,0,1
80381,ALAMEDA,BERKELEY,1,0,9,1,10,D,0,1
80382,ALAMEDA,BERKELEY,5,0,10,1,10,D,0,1
80383,ALAMEDA,BERKELEY,6,0,9,1,10,D,0,1
80384,ALAMEDA,BERKELEY,3,0,12,1,10,D,0,0
80385,ALAMEDA,BERKELEY,3,0,9,1,10,D,0,0
80386,ALAMEDA,OAKLAND,4,0,12,1,10,D,0,1
80387,ALAMEDA,OAKLAND,6,0,9,0,10,D,0,0
80388,LOS ANGELES,NORWALK,4,0,9,0,10,D,0,1
80389,LOS ANGELES,LA MIRADA,7,0,9,1,10,D,0,1
80390,LOS ANGELES,NORWALK,3,0,9,1,10,D,0,1
80391,SANTA CLARA,SAN JOSE,6,0,9,1,11,D,0,0
80392,LOS ANGELES,LOS ANGELES,6,0,9,1,11,D,0,0
80393,LOS ANGELES,LOS ANGELES,5,0,12,1,11,D,0,1
80394,ALAMEDA,FREMONT,6,0,9,1,11,D,0,1
80395,SAN MATEO,ATHERTON,2,0,9,0,11,D,0,0
80396,SAN DIEGO,OCEANSIDE,6,0,9,1,11,D,0,0
80397,LOS ANGELES,BURBANK,1,0,9,1,11,D,0,0
80398,SOLANO,VACAVILLE,6,0,9,1,11,D,0,1
80399,SOLANO,VACAVILLE,5,0,1,1,11,D,0,0
80400,ALAMEDA,OAKLAND,7,0,9,1,11,D,0,1
80401,SANTA CLARA,SUNNYVALE,5,0,3,1,11,D,1,0
80402,LOS ANGELES,DOWNEY,4,0,9,1,11,D,0,0
80403,LOS ANGELES,LOS ANGELES,6,0,1,1,11,D,0,0
80404,LOS ANGELES,LOS ANGELES,1,0,12,1,11,D,0,0
80405,LOS ANGELES,LOS ANGELES,5,0,9,1,11,D,0,0
80406,LOS ANGELES,LOS ANGELES,2,0,9,1,11,D,0,0
80407,LOS ANGELES,LOS ANGELES,5,0,9,1,11,D,0,1
80408,MONTEREY,MONTEREY,3,0,7,0,11,D,1,0
80409,LOS ANGELES,LOS ANGELES,1,0,9,1,11,D,0,1
80410,MONTEREY,UNINCORPORATED,4,0,1,1,11,D,0,0
80411,SAN MATEO,SOUTH SAN FRANCISCO,5,0,9,1,11,D,0,0
80412,LOS ANGELES,LOS ANGELES,6,0,9,0,11,D,0,1
80413,SAN BERNARDINO,RIALTO,7,0,9,1,11,D,0,0
80414,SAN BERNARDINO,RIALTO,6,0,9,1,11,D,0,1
80415,SAN BERNARDINO,RIALTO,5,0,9,1,11,D,0,0
80416,SAN MATEO,SOUTH SAN FRANCISCO,2,0,9,0,11,D,0,1
80417,SAN BERNARDINO,RIALTO,1,0,1,1,11,D,0,1
80418,LOS ANGELES,LOS ANGELES,3,0,9,1,11,D,0,1
80419,MERCED,UNINCORPORATED,5,0,12,1,11,D,0,1
80420,SACRAMENTO,SACRAMENTO,6,0,1,1,11,D,0,0
80421,SAN JOAQUIN,UNINCORPORATED,4,0,9,1,11,D,0,1
80422,SAN DIEGO,NATIONAL CITY,4,0,9,0,11,D,0,0
80423,SAN JOAQUIN,UNINCORPORATED,3,0,9,1,11,D,0,0
80424,SAN JOAQUIN,UNINCORPORATED,2,0,12,1,11,D,0,1
80425,SAN JOAQUIN,UNINCORPORATED,1,1,8,1,11,D,0,1
80426,EL DORADO,UNINCORPORATED,2,0,9,0,11,D,0,1
80427,SAN JOAQUIN,UNINCORPORATED,5,0,8,1,11,D,0,1
80428,MERCED,UNINCORPORATED,2,0,9,0,11,D,0,1
80429,SUTTER,YUBA CITY,4,0,9,1,11,D,0,1
80430,LOS ANGELES,LOS ANGELES,1,0,12,1,11,D,0,1
80431,SACRAMENTO,RANCHO CORDOVA,7,0,9,1,11,D,0,0
80432,SACRAMENTO,RANCHO CORDOVA,4,0,9,1,11,D,0,1
80433,LOS ANGELES,LOS ANGELES,5,0,9,1,11,D,0,1
80434,LOS ANGELES,LOS ANGELES,5,0,9,1,11,D,0,1
80435,LOS ANGELES,LOS ANGELES,5,0,9,1,11,D,0,1
80436,LOS ANGELES,LOS ANGELES,5,0,12,1,11,D,0,0
80437,LOS ANGELES,LOS ANGELES,3,0,9,1,11,D,0,1
80438,LOS ANGELES,LOS ANGELES,6,0,9,1,11,D,0,0
80439,LOS ANGELES,LOS ANGELES,1,0,3,0,11,D,0,1
80440,LOS ANGELES,LOS ANGELES,6,0,9,0,11,D,0,1
80441,LOS ANGELES,LOS ANGELES,4,0,10,1,11,D,0,0
80442,LOS ANGELES,LOS ANGELES,4,0,12,1,11,D,0,1
80443,LOS ANGELES,LOS ANGELES,1,0,9,1,11,D,0,1
80444,LOS ANGELES,LOS ANGELES,6,0,9,0,11,D,0,0
80445,LOS ANGELES,LOS ANGELES,1,0,12,1,11,D,0,0
80446,LOS ANGELES,LOS ANGELES,4,0,9,1,11,D,0,0
80447,LOS ANGELES,LOS ANGELES,5,0,8,0,11,D,0,1
80448,LOS ANGELES,SAN MARINO,4,0,9,1,10,D,0,1
80449,SACRAMENTO,RANCHO CORDOVA,5,0,9,1,10,D,0,1
80450,SOLANO,FAIRFIELD,3,0,9,1,10,D,0,1
80451,SOLANO,FAIRFIELD,2,0,9,1,10,D,0,1
80452,SACRAMENTO,RANCHO CORDOVA,1,0,12,1,10,D,0,0
80453,LOS ANGELES,WALNUT,3,0,8,1,10,D,0,1
80454,LOS ANGELES,GLENDALE,1,0,9,1,10,D,0,1
80455,LOS ANGELES,EL MONTE,2,0,9,1,10,D,0,1
80456,LOS ANGELES,GLENDALE,2,0,9,1,10,D,0,1
80457,RIVERSIDE,MURRIETA,1,0,9,0,11,D,0,1
80458,LOS ANGELES,LOS ANGELES,4,0,9,1,10,D,0,1
80459,LOS ANGELES,TORRANCE,3,0,9,1,10,D,0,0
80460,SANTA CLARA,SAN JOSE,3,0,12,1,11,D,0,1
80461,SAN BERNARDINO,YUCAIPA,1,0,9,1,11,D,0,1
80462,KERN,BAKERSFIELD,1,0,8,1,11,D,0,1
80463,LOS ANGELES,SANTA MONICA,7,0,9,1,11,D,0,0
80464,SACRAMENTO,SACRAMENTO,7,0,8,1,11,D,0,1
80465,LOS ANGELES,NORWALK,2,0,12,1,7,D,0,1
80466,SAN BERNARDINO,SAN BERNARDINO,5,0,9,1,7,D,0,1
80467,YUBA,UNINCORPORATED,4,0,9,1,11,D,0,0
80468,SAN MATEO,REDWOOD CITY,7,0,12,1,11,D,0,1
80469,LOS ANGELES,CULVER CITY,3,0,12,1,11,D,0,1
80470,LOS ANGELES,LOS ANGELES,1,0,12,1,11,D,0,0
80471,SAN DIEGO,SAN MARCOS,7,0,3,1,11,D,1,0
80472,LOS ANGELES,LOS ANGELES,2,0,9,1,11,D,0,1
80473,LOS ANGELES,LOS ANGELES,2,0,9,1,10,D,0,1
80474,LOS ANGELES,SAN DIMAS,3,0,9,1,10,D,0,0
80475,ORANGE,NEWPORT BEACH,2,0,3,1,11,D,0,0
80476,SAN BERNARDINO,FONTANA,1,0,9,1,11,D,0,0
80477,SAN BERNARDINO,FONTANA,3,0,8,1,11,D,0,0
80478,SOLANO,FAIRFIELD,5,0,1,1,11,D,1,0
80479,ORANGE,ANAHEIM,2,0,9,1,11,D,0,0
80480,ORANGE,ANAHEIM,4,0,9,1,11,D,0,1
80481,ORANGE,ANAHEIM,2,0,9,1,11,D,0,1
80482,STANISLAUS,UNINCORPORATED,7,0,12,1,11,D,0,0
80483,LOS ANGELES,LOS ANGELES,7,0,12,1,11,D,0,0
80484,LOS ANGELES,LOS ANGELES,6,0,9,1,11,D,0,0
80485,LOS ANGELES,LOS ANGELES,4,1,8,1,11,D,1,1
80486,ORANGE,ANAHEIM,5,0,9,0,11,D,0,1
80487,SAN DIEGO,CHULA VISTA,2,1,8,1,11,D,1,1
80488,ORANGE,YORBA LINDA,6,0,9,1,11,D,0,0
80489,ORANGE,LAGUNA WOODS,1,0,9,1,11,D,0,1
80490,RIVERSIDE,COACHELLA,3,0,8,1,11,D,0,0
80491,LOS ANGELES,CLAREMONT,4,0,12,1,10,D,0,0
80492,LOS ANGELES,CLAREMONT,2,0,9,0,10,D,0,1
80493,LOS ANGELES,CLAREMONT,3,0,9,1,10,D,0,0
80494,LOS ANGELES,CLAREMONT,4,0,8,1,10,D,0,1
80495,LOS ANGELES,DOWNEY,6,0,12,1,10,D,0,1
80496,LOS ANGELES,DOWNEY,7,0,9,1,10,D,0,1
80497,LOS ANGELES,DOWNEY,6,1,1,1,10,D,0,0
80498,LOS ANGELES,DOWNEY,5,0,9,1,10,D,0,0
80499,LOS ANGELES,DOWNEY,6,0,9,1,10,D,0,1
80500,LOS ANGELES,DOWNEY,2,0,9,1,10,D,0,1
80501,LOS ANGELES,DOWNEY,7,0,9,1,10,D,0,0
80502,RIVERSIDE,PALM DESERT,2,1,9,1,10,D,0,1
80503,RIVERSIDE,PALM DESERT,5,0,12,1,10,D,0,0
80504,IMPERIAL,UNINCORPORATED,3,0,9,1,11,D,0,1
80505,LOS ANGELES,SANTA CLARITA,2,0,9,1,11,D,0,0
80506,LOS ANGELES,SANTA CLARITA,2,0,12,1,11,D,0,1
80507,LOS ANGELES,SANTA CLARITA,2,0,12,1,11,D,0,1
80508,LOS ANGELES,SANTA CLARITA,1,0,12,1,11,D,0,0
80509,LOS ANGELES,SANTA CLARITA,4,0,8,1,11,D,0,1
80510,LOS ANGELES,SANTA CLARITA,4,0,9,1,11,D,0,1
80511,LOS ANGELES,SANTA CLARITA,4,0,8,1,11,D,0,1
80512,LOS ANGELES,SANTA CLARITA,3,0,9,1,11,D,0,0
80513,LOS ANGELES,SANTA CLARITA,6,0,9,1,11,D,0,1
80514,LOS ANGELES,SANTA CLARITA,2,0,12,1,11,D,0,1
80515,LOS ANGELES,SANTA CLARITA,5,0,12,1,11,D,0,1
80516,LOS ANGELES,SANTA CLARITA,7,0,12,1,11,D,0,0
80517,TULARE,UNINCORPORATED,2,0,12,1,11,D,0,1
80518,LOS ANGELES,LOS ANGELES,1,0,9,1,11,D,0,1
80519,LOS ANGELES,LOS ANGELES,1,0,10,1,11,D,0,1
80520,LOS ANGELES,LOS ANGELES,1,0,9,1,11,D,0,0
80521,LOS ANGELES,LOS ANGELES,6,0,9,1,11,D,0,1
80522,LOS ANGELES,DIAMOND BAR,1,0,12,1,11,D,0,0
80523,KINGS,HANFORD,5,0,11,1,11,D,0,1
80524,LOS ANGELES,COMMERCE,6,0,12,0,11,D,0,0
80525,LOS ANGELES,LOS ANGELES,4,0,8,1,10,D,0,1
80526,LOS ANGELES,LOS ANGELES,7,0,9,1,10,D,0,1
80527,LOS ANGELES,LOS ANGELES,4,0,9,1,10,D,0,1
80528,LOS ANGELES,LOS ANGELES,5,0,9,1,10,D,0,1
80529,LOS ANGELES,LOS ANGELES,4,0,9,1,10,D,0,1
80530,LOS ANGELES,LOS ANGELES,4,0,12,1,10,D,0,0
80531,LOS ANGELES,LOS ANGELES,2,0,12,1,10,D,0,1
80532,VENTURA,SIMI VALLEY,7,0,9,1,11,D,0,1
80533,TULARE,PORTERVILLE,1,0,9,1,11,D,0,1
80534,TULARE,PORTERVILLE,3,0,1,1,11,D,0,1
80535,SACRAMENTO,FOLSOM,1,0,12,1,11,D,0,0
80536,ORANGE,SANTA ANA,1,0,9,1,11,D,0,1
80537,ORANGE,IRVINE,5,0,3,0,11,D,0,0
80538,ORANGE,IRVINE,7,0,10,1,11,D,0,1
80539,LOS ANGELES,COVINA,4,0,9,1,11,D,0,1
80540,LOS ANGELES,DOWNEY,6,0,9,1,11,D,0,0
80541,LOS ANGELES,COVINA,1,0,12,1,11,D,0,1
80542,MERCED,UNINCORPORATED,2,0,9,1,11,D,0,0
80543,LOS ANGELES,DOWNEY,3,1,9,1,11,D,0,1
80544,LOS ANGELES,DOWNEY,1,0,12,1,11,D,0,0
80545,VENTURA,SIMI VALLEY,6,0,12,1,11,D,0,1
80546,MERCED,UNINCORPORATED,3,0,8,1,11,D,0,1
80547,ORANGE,HUNTINGTON BEACH,6,0,9,1,11,D,0,1
80548,STANISLAUS,MODESTO,2,0,9,1,11,D,0,1
80549,ORANGE,HUNTINGTON BEACH,4,0,12,1,11,D,0,0
80550,ORANGE,HUNTINGTON BEACH,6,0,12,1,11,D,0,1
80551,STANISLAUS,MODESTO,5,0,11,1,11,D,0,0
80552,LOS ANGELES,MALIBU,5,1,8,1,11,D,1,1
80553,STANISLAUS,MODESTO,6,0,12,1,11,D,0,1
80554,STANISLAUS,MODESTO,2,0,9,1,11,D,0,0
80555,STANISLAUS,MODESTO,3,0,9,1,11,D,0,1
80556,STANISLAUS,MODESTO,3,0,9,1,11,D,0,1
80557,LOS ANGELES,BURBANK,2,0,9,1,11,D,0,0
80558,ORANGE,HUNTINGTON BEACH,7,0,9,1,11,D,0,0
80559,ORANGE,HUNTINGTON BEACH,1,0,12,1,11,D,0,1
80560,ORANGE,HUNTINGTON BEACH,5,0,8,1,11,D,0,0