ID,County,City,Weekday,Severity,ViolCat,ClearWeather,Month,CrashType,Highway,Daylight
85544,LOS ANGELES,SAN DIMAS,1,0,9,1,11,D,0,0
85545,SANTA CRUZ,UNINCORPORATED,3,0,8,1,11,D,0,1
85546,SANTA CRUZ,UNINCORPORATED,5,0,9,1,11,D,1,1
85547,LOS ANGELES,LOS ANGELES,2,0,9,1,11,D,0,1
85548,SAN JOAQUIN,LODI,3,0,12,1,11,D,0,1
85549,ORANGE,ANAHEIM,4,0,3,0,11,D,1,0
85550,LOS ANGELES,LOS ANGELES,7,0,9,1,11,D,0,1
85551,ALAMEDA,EMERYVILLE,7,0,3,1,11,D,1,1
85552,LOS ANGELES,LOS ANGELES,1,0,3,1,11,D,0,1
85553,LOS ANGELES,LOS ANGELES,5,0,9,1,11,D,0,1
85554,LOS ANGELES,LOS ANGELES,4,0,9,1,11,D,0,0
85555,LOS ANGELES,LOS ANGELES,4,0,9,1,11,D,0,0
85556,SAN JOAQUIN,LODI,7,0,12,1,11,D,0,0
85557,LOS ANGELES,LOS ANGELES,2,0,9,1,11,D,0,1
85558,LOS ANGELES,LOS ANGELES,2,0,12,1,11,D,0,1
85559,ORANGE,LAKE FOREST,4,0,1,1,11,D,0,0
85560,SAN BERNARDINO,SAN BERNARDINO,7,0,9,1,7,D,0,1
85561,LOS ANGELES,LOS ANGELES,5,1,9,1,11,D,0,1
85562,LOS ANGELES,LOS ANGELES,4,0,9,1,11,D,0,1
85563,LOS ANGELES,LOS ANGELES,2,0,8,1,11,D,0,0
85564,SAN BERNARDINO,SAN BERNARDINO,5,0,9,1,7,D,0,0
85565,SAN BERNARDINO,SAN BERNARDINO,5,0,12,1,7,D,0,1
85566,SAN BERNARDINO,SAN BERNARDINO,7,1,12,0,7,D,0,1
85567,SAN BERNARDINO,SAN BERNARDINO,7,0,9,0,7,D,0,0
85568,SAN BERNARDINO,SAN BERNARDINO,3,0,12,1,7,D,0,0
85569,SAN BERNARDINO,SAN BERNARDINO,2,0,12,1,7,D,0,0
85570,SAN BERNARDINO,SAN BERNARDINO,6,0,12,1,7,D,0,0
85571,LOS ANGELES,LOS ANGELES,5,0,9,1,12,D,0,1
85572,LOS ANGELES,LOS ANGELES,4,0,9,1,12,D,0,0
85573,LOS ANGELES,LOS ANGELES,2,0,12,1,12,D,0,1
85574,LOS ANGELES,LOS ANGELES,1,0,12,1,12,D,0,0
85575,LOS ANGELES,LOS ANGELES,5,0,9,1,5,D,0,0
85576,LOS ANGELES,TORRANCE,7,0,9,1,9,D,0,1
85577,KERN,BAKERSFIELD,5,0,9,1,12,D,0,0
85578,SAN BERNARDINO,ONTARIO,7,0,12,1,8,D,0,1
85579,LOS ANGELES,NORWALK,3,0,9,1,9,D,0,1
85580,LOS ANGELES,POMONA,3,0,12,1,9,D,0,1
85581,ALAMEDA,BERKELEY,7,0,9,1,9,D,0,1
85582,KERN,BAKERSFIELD,6,0,9,1,10,D,0,1
85583,SAN BERNARDINO,SAN BERNARDINO,7,0,8,1,12,D,0,1
85584,ORANGE,BREA,4,0,12,1,11,D,0,1
85585,SAN FRANCISCO,SAN FRANCISCO,6,0,12,1,5,D,0,1
85586,SAN FRANCISCO,SAN FRANCISCO,2,0,12,1,5,D,0,1
85587,SAN FRANCISCO,SAN FRANCISCO,5,0,8,1,5,D,0,1
85588,SAN FRANCISCO,SAN FRANCISCO,5,0,9,1,5,D,0,1
85589,SAN FRANCISCO,SAN FRANCISCO,1,0,8,1,5,D,0,1
85590,SAN FRANCISCO,SAN FRANCISCO,1,1,6,1,5,D,0,1
85591,SAN FRANCISCO,SAN FRANCISCO,5,0,8,1,5,D,0,0
85592,SAN FRANCISCO,SAN FRANCISCO,3,0,1,1,5,D,0,1
85593,SAN FRANCISCO,SAN FRANCISCO,5,0,12,1,5,D,0,1
85594,LOS ANGELES,NORWALK,6,0,1,1,12,D,0,0
85595,LOS ANGELES,CULVER CITY,2,0,3,1,11,D,1,0
85596,LOS ANGELES,CULVER CITY,7,0,8,1,11,D,0,0
85597,SAN FRANCISCO,SAN FRANCISCO,5,0,12,1,4,D,0,1
85598,SAN FRANCISCO,SAN FRANCISCO,4,0,9,1,6,D,0,1
85599,SAN FRANCISCO,SAN FRANCISCO,1,0,8,1,6,D,0,1
85600,SAN FRANCISCO,SAN FRANCISCO,3,0,8,1,4,D,0,1
85601,SAN FRANCISCO,SAN FRANCISCO,2,0,12,1,4,D,0,0
85602,SAN FRANCISCO,SAN FRANCISCO,6,0,9,1,4,D,0,1
85603,SAN FRANCISCO,SAN FRANCISCO,3,0,8,1,4,D,0,1
85604,SAN FRANCISCO,SAN FRANCISCO,2,0,9,1,6,D,0,1
85605,SAN FRANCISCO,SAN FRANCISCO,7,0,7,1,6,D,0,1
85606,SAN FRANCISCO,SAN FRANCISCO,5,0,12,1,4,D,0,1
85607,SAN FRANCISCO,SAN FRANCISCO,2,0,12,1,4,D,0,0
85608,SAN FRANCISCO,SAN FRANCISCO,4,0,12,1,6,D,0,1
85609,SAN FRANCISCO,SAN FRANCISCO,3,0,9,1,4,D,0,1
85610,SAN FRANCISCO,SAN FRANCISCO,4,0,9,1,6,D,0,1
85611,SAN FRANCISCO,SAN FRANCISCO,4,0,12,1,4,D,0,1
85612,SAN FRANCISCO,SAN FRANCISCO,4,0,8,1,4,D,0,1
85613,SAN FRANCISCO,SAN FRANCISCO,4,0,9,0,4,D,0,1
85614,SAN FRANCISCO,SAN FRANCISCO,5,0,12,1,4,D,0,1
85615,SAN FRANCISCO,SAN FRANCISCO,2,0,9,1,4,D,0,1
85616,SAN FRANCISCO,SAN FRANCISCO,4,0,12,1,4,D,0,1
85617,SAN FRANCISCO,SAN FRANCISCO,2,0,8,1,4,D,0,1
85618,SAN FRANCISCO,SAN FRANCISCO,4,0,8,1,4,D,0,1
85619,SAN FRANCISCO,SAN FRANCISCO,5,0,11,1,4,D,0,0
85620,SAN FRANCISCO,SAN FRANCISCO,3,0,8,1,4,D,0,1
85621,SAN FRANCISCO,SAN FRANCISCO,3,0,8,1,4,D,0,1
85622,SAN FRANCISCO,SAN FRANCISCO,1,0,8,1,4,D,0,1
85623,SAN FRANCISCO,SAN FRANCISCO,5,0,12,1,4,D,0,1
85624,SAN FRANCISCO,SAN FRANCISCO,4,0,9,1,4,D,0,0
85625,SAN FRANCISCO,SAN FRANCISCO,5,0,12,1,4,D,0,1
85626,SAN FRANCISCO,SAN FRANCISCO,6,0,12,1,4,D,0,0
85627,SAN FRANCISCO,SAN FRANCISCO,4,0,12,1,4,D,0,1
85628,SAN FRANCISCO,SAN FRANCISCO,7,0,3,1,4,D,0,1
85629,SAN FRANCISCO,SAN FRANCISCO,2,0,9,1,4,D,0,1
85630,SAN FRANCISCO,SAN FRANCISCO,3,0,12,1,4,D,0,0
85631,SAN FRANCISCO,SAN FRANCISCO,5,0,6,1,4,D,0,0
85632,SAN FRANCISCO,SAN FRANCISCO,3,0,8,1,4,D,0,1
85633,SAN FRANCISCO,SAN FRANCISCO,3,0,9,1,4,D,0,0
85634,SAN FRANCISCO,SAN FRANCISCO,5,0,8,1,4,D,0,1
85635,SAN FRANCISCO,SAN FRANCISCO,4,0,9,1,4,D,0,1
85636,SAN FRANCISCO,SAN FRANCISCO,5,0,9,0,4,D,0,1
85637,SAN FRANCISCO,SAN FRANCISCO,7,0,9,1,4,D,0,1
85638,SAN FRANCISCO,SAN FRANCISCO,1,0,9,1,4,D,0,0
85639,SAN FRANCISCO,SAN FRANCISCO,1,0,12,1,4,D,0,1
85640,SAN FRANCISCO,SAN FRANCISCO,3,0,9,1,4,D,0,1
85641,SAN FRANCISCO,SAN FRANCISCO,4,0,6,1,4,D,0,0
85642,SAN FRANCISCO,SAN FRANCISCO,4,1,3,1,4,D,0,1
85643,SAN FRANCISCO,SAN FRANCISCO,1,0,7,1,4,D,0,1
85644,SAN FRANCISCO,SAN FRANCISCO,4,0,9,1,4,D,0,0
85645,SAN FRANCISCO,SAN FRANCISCO,4,0,3,1,4,D,0,1
85646,SAN FRANCISCO,SAN FRANCISCO,2,1,12,1,4,D,0,1
85647,SAN FRANCISCO,SAN FRANCISCO,2,0,9,1,1,D,0,1
85648,SAN FRANCISCO,SAN FRANCISCO,1,0,12,1,4,D,0,1
85649,SAN FRANCISCO,SAN FRANCISCO,2,0,9,1,4,D,0,1
85650,SAN FRANCISCO,SAN FRANCISCO,6,0,9,1,1,D,0,0
85651,SAN FRANCISCO,SAN FRANCISCO,5,0,9,1,5,D,0,1
85652,SAN FRANCISCO,SAN FRANCISCO,3,0,6,1,5,D,0,1
85653,SAN FRANCISCO,SAN FRANCISCO,7,0,12,1,5,D,0,1
85654,SAN FRANCISCO,SAN FRANCISCO,3,0,9,1,5,D,0,1
85655,SAN FRANCISCO,SAN FRANCISCO,4,0,12,1,5,D,0,1
85656,SAN FRANCISCO,SAN FRANCISCO,3,0,3,1,5,D,0,1
85657,SAN FRANCISCO,SAN FRANCISCO,3,0,12,1,5,D,0,1
85658,SAN FRANCISCO,SAN FRANCISCO,1,0,9,0,5,D,0,0
85659,SAN FRANCISCO,SAN FRANCISCO,3,0,9,1,5,D,0,1
85660,SAN FRANCISCO,SAN FRANCISCO,1,0,3,0,5,D,0,0
85661,SAN FRANCISCO,SAN FRANCISCO,4,0,6,1,5,D,0,1
85662,SAN FRANCISCO,SAN FRANCISCO,5,0,12,1,5,D,0,1
85663,SAN FRANCISCO,SAN FRANCISCO,4,0,9,1,5,D,0,1
85664,SAN FRANCISCO,SAN FRANCISCO,6,0,7,1,5,D,0,1
85665,SAN FRANCISCO,SAN FRANCISCO,4,0,8,1,5,D,0,1
85666,SAN FRANCISCO,SAN FRANCISCO,1,0,12,0,5,D,0,1
85667,SAN FRANCISCO,SAN FRANCISCO,2,0,9,1,5,D,0,1
85668,SAN FRANCISCO,SAN FRANCISCO,2,0,8,1,5,D,0,1
85669,SAN FRANCISCO,SAN FRANCISCO,1,0,8,1,5,D,0,1
85670,SAN FRANCISCO,SAN FRANCISCO,5,0,8,1,5,D,0,1
85671,SAN FRANCISCO,SAN FRANCISCO,5,0,3,1,5,D,0,0
85672,SAN FRANCISCO,SAN FRANCISCO,6,0,12,1,5,D,0,1
85673,SAN FRANCISCO,SAN FRANCISCO,5,0,9,1,5,D,0,1
85674,SAN FRANCISCO,SAN FRANCISCO,6,0,8,1,5,D,0,1
85675,SAN FRANCISCO,SAN FRANCISCO,5,0,12,1,5,D,0,1
85676,SAN FRANCISCO,SAN FRANCISCO,6,0,12,1,5,D,0,1
85677,SAN FRANCISCO,SAN FRANCISCO,5,0,8,1,5,D,0,1
85678,SAN FRANCISCO,SAN FRANCISCO,7,0,12,1,5,D,0,0
85679,SAN FRANCISCO,SAN FRANCISCO,7,0,12,1,5,D,0,1
85680,SAN FRANCISCO,SAN FRANCISCO,1,0,3,1,5,D,0,1
85681,SAN FRANCISCO,SAN FRANCISCO,2,1,9,1,5,D,0,1
85682,SAN FRANCISCO,SAN FRANCISCO,1,0,9,1,5,D,0,1
85683,SAN FRANCISCO,SAN FRANCISCO,3,0,12,1,5,D,0,1
85684,SAN FRANCISCO,SAN FRANCISCO,6,0,9,1,5,D,0,0
85685,SAN FRANCISCO,SAN FRANCISCO,3,0,12,1,5,D,0,1
85686,SAN FRANCISCO,SAN FRANCISCO,3,0,9,1,5,D,0,1
85687,SAN FRANCISCO,SAN FRANCISCO,2,0,12,1,5,D,0,0
85688,SAN FRANCISCO,SAN FRANCISCO,2,0,12,1,5,D,0,1
85689,SAN FRANCISCO,SAN FRANCISCO,7,0,8,1,5,D,0,1
85690,SAN FRANCISCO,SAN FRANCISCO,2,0,8,1,5,D,0,1
85691,SAN FRANCISCO,SAN FRANCISCO,1,0,12,0,5,D,0,0
85692,SAN FRANCISCO,SAN FRANCISCO,3,0,12,1,5,D,0,1
85693,SAN FRANCISCO,SAN FRANCISCO,4,0,3,0,5,D,0,1
85694,SAN FRANCISCO,SAN FRANCISCO,5,0,9,1,5,D,0,0
85695,SAN FRANCISCO,SAN FRANCISCO,5,0,12,1,4,D,0,0
85696,SAN FRANCISCO,SAN FRANCISCO,5,0,11,1,5,D,0,1
85697,SAN FRANCISCO,SAN FRANCISCO,5,0,9,1,5,D,0,0
85698,SAN FRANCISCO,SAN FRANCISCO,3,0,12,1,5,D,0,0
85699,SAN FRANCISCO,SAN FRANCISCO,4,0,12,1,5,D,0,0
85700,SAN FRANCISCO,SAN FRANCISCO,4,0,12,1,5,D,0,1
85701,SAN FRANCISCO,SAN FRANCISCO,5,0,8,1,5,D,0,1
85702,SAN FRANCISCO,SAN FRANCISCO,5,0,6,1,5,D,0,1
85703,SAN FRANCISCO,SAN FRANCISCO,7,0,12,1,5,D,0,1
85704,SAN FRANCISCO,SAN FRANCISCO,1,0,12,0,5,D,0,1
85705,SAN FRANCISCO,SAN FRANCISCO,1,0,12,1,5,D,0,1
85706,SAN FRANCISCO,SAN FRANCISCO,6,0,12,1,5,D,0,0
85707,SAN FRANCISCO,SAN FRANCISCO,1,0,3,1,5,D,0,1
85708,SAN FRANCISCO,SAN FRANCISCO,2,0,9,1,6,D,0,0
85709,SAN FRANCISCO,SAN FRANCISCO,6,0,8,1,6,D,0,0
85710,SAN FRANCISCO,SAN FRANCISCO,3,0,9,0,6,D,0,0
85711,SAN FRANCISCO,SAN FRANCISCO,4,0,9,0,6,D,0,1
85712,SAN FRANCISCO,SAN FRANCISCO,4,0,3,1,6,D,0,0
85713,SAN FRANCISCO,SAN FRANCISCO,3,0,12,1,6,D,0,0
85714,SAN FRANCISCO,SAN FRANCISCO,2,1,11,0,6,D,0,0
85715,RIVERSIDE,DESERT HOT SPRINGS,2,0,1,1,12,D,0,0
85716,RIVERSIDE,DESERT HOT SPRINGS,5,0,3,1,10,D,0,1
85717,ALAMEDA,OAKLAND,3,0,9,1,12,D,0,1
85718,SAN FRANCISCO,SAN FRANCISCO,2,0,9,1,5,D,0,1
85719,SAN FRANCISCO,SAN FRANCISCO,7,0,12,1,4,D,0,1
85720,SAN FRANCISCO,SAN FRANCISCO,7,0,9,1,5,D,0,0
85721,SAN FRANCISCO,SAN FRANCISCO,7,0,3,1,7,D,0,1
85722,SAN FRANCISCO,SAN FRANCISCO,6,1,9,1,6,D,0,1
85723,SAN FRANCISCO,SAN FRANCISCO,1,0,9,1,4,D,0,1
85724,SAN FRANCISCO,SAN FRANCISCO,6,0,12,1,4,D,0,1
85725,SAN FRANCISCO,SAN FRANCISCO,3,0,9,1,4,D,0,1
85726,SAN FRANCISCO,SAN FRANCISCO,3,0,12,1,4,D,0,0
85727,SAN FRANCISCO,SAN FRANCISCO,1,0,12,1,4,D,0,1
85728,SAN FRANCISCO,SAN FRANCISCO,6,0,12,1,4,D,0,1
85729,SAN FRANCISCO,SAN FRANCISCO,5,0,8,1,4,D,0,1
85730,SAN FRANCISCO,SAN FRANCISCO,1,0,8,1,4,D,0,1
85731,SAN FRANCISCO,SAN FRANCISCO,4,0,3,1,4,D,0,1
85732,SAN FRANCISCO,SAN FRANCISCO,1,0,10,1,4,D,0,1
85733,SAN FRANCISCO,SAN FRANCISCO,7,0,7,1,4,D,1,1
85734,SAN FRANCISCO,SAN FRANCISCO,2,0,12,1,4,D,0,1
85735,SAN FRANCISCO,SAN FRANCISCO,7,0,12,1,4,D,0,1
85736,SAN FRANCISCO,SAN FRANCISCO,4,0,9,1,4,D,0,1
85737,SAN FRANCISCO,SAN FRANCISCO,6,0,8,1,4,D,0,1
85738,SAN FRANCISCO,SAN FRANCISCO,7,0,11,1,4,D,0,1
85739,SAN FRANCISCO,SAN FRANCISCO,3,0,12,0,7,D,0,0
85740,SAN FRANCISCO,SAN FRANCISCO,3,0,12,1,7,D,0,1
85741,SAN FRANCISCO,SAN FRANCISCO,3,0,12,1,7,D,0,1
85742,SAN FRANCISCO,SAN FRANCISCO,3,0,8,1,7,D,0,1
85743,SAN FRANCISCO,SAN FRANCISCO,2,0,12,0,6,D,0,1
85744,SAN FRANCISCO,SAN FRANCISCO,7,0,3,1,7,D,0,1
85745,SAN FRANCISCO,SAN FRANCISCO,5,0,12,1,6,D,0,1
85746,SAN FRANCISCO,SAN FRANCISCO,6,0,12,1,7,D,0,1
85747,SAN FRANCISCO,SAN FRANCISCO,6,0,9,1,6,D,0,0
85748,SAN FRANCISCO,SAN FRANCISCO,7,0,12,1,6,D,0,0
85749,SAN FRANCISCO,SAN FRANCISCO,7,1,3,1,7,D,0,1
85750,SAN FRANCISCO,SAN FRANCISCO,3,0,12,1,7,D,0,0
85751,SAN FRANCISCO,SAN FRANCISCO,4,0,12,1,2,D,0,1
85752,SAN FRANCISCO,SAN FRANCISCO,1,0,3,1,2,D,0,1
85753,SAN FRANCISCO,SAN FRANCISCO,3,0,12,1,2,D,0,0
85754,SAN FRANCISCO,SAN FRANCISCO,3,0,12,1,8,D,0,1
85755,SAN FRANCISCO,SAN FRANCISCO,3,0,8,1,2,D,0,0
85756,SAN FRANCISCO,SAN FRANCISCO,2,0,6,1,7,D,0,0
85757,SAN FRANCISCO,SAN FRANCISCO,3,0,9,1,2,D,0,1
85758,SAN FRANCISCO,SAN FRANCISCO,3,0,9,1,2,D,0,0
85759,ALAMEDA,OAKLAND,6,0,12,1,11,D,0,0
85760,SAN BERNARDINO,ONTARIO,5,0,9,1,11,D,0,1
85761,LOS ANGELES,LYNWOOD,1,0,9,1,9,D,0,0
85762,SAN FRANCISCO,SAN FRANCISCO,3,0,12,1,6,D,0,1
85763,SAN FRANCISCO,SAN FRANCISCO,6,0,9,1,6,D,0,1
85764,SAN FRANCISCO,SAN FRANCISCO,3,0,6,1,6,D,0,1
85765,SAN FRANCISCO,SAN FRANCISCO,2,0,8,1,6,D,0,1
85766,SAN FRANCISCO,SAN FRANCISCO,3,0,12,1,6,D,0,1
85767,SAN FRANCISCO,SAN FRANCISCO,6,0,9,1,6,D,0,1
85768,SAN FRANCISCO,SAN FRANCISCO,7,0,10,1,6,D,0,1
85769,SAN FRANCISCO,SAN FRANCISCO,6,0,12,1,6,D,0,0
85770,SAN BERNARDINO,SAN BERNARDINO,7,0,8,1,12,D,0,0
85771,SAN BERNARDINO,SAN BERNARDINO,7,0,9,1,12,D,0,0
85772,SAN BERNARDINO,SAN BERNARDINO,7,0,12,1,12,D,0,1
85773,SAN BERNARDINO,SAN BERNARDINO,7,1,1,1,12,D,0,0
85774,SAN BERNARDINO,SAN BERNARDINO,6,0,1,0,12,D,0,1
85775,SAN BERNARDINO,SAN BERNARDINO,1,0,9,1,12,D,0,1
85776,SAN BERNARDINO,SAN BERNARDINO,6,1,8,0,12,D,0,1
85777,SAN BERNARDINO,SAN BERNARDINO,4,0,9,1,12,D,0,1
85778,SAN BERNARDINO,SAN BERNARDINO,2,0,9,1,12,D,0,1
85779,SAN BERNARDINO,SAN BERNARDINO,2,0,8,1,12,D,0,1
85780,SAN BERNARDINO,SAN BERNARDINO,5,0,12,1,12,D,0,1
85781,SAN BERNARDINO,SAN BERNARDINO,2,0,12,0,12,D,0,0
85782,SAN BERNARDINO,SAN BERNARDINO,3,0,9,1,12,D,0,0
85783,SAN BERNARDINO,SAN BERNARDINO,5,0,9,0,12,D,0,0
85784,LOS ANGELES,LOS ANGELES,6,0,9,0,5,D,0,1
85785,LOS ANGELES,PALMDALE,2,0,12,1,4,D,0,1
85786,LOS ANGELES,LOS ANGELES,3,0,9,1,12,D,0,0
85787,MONTEREY,SALINAS,7,0,1,0,12,D,0,0
85788,SACRAMENTO,SACRAMENTO,2,1,1,1,12,D,0,0
85789,SACRAMENTO,SACRAMENTO,2,0,12,1,12,D,0,0
85790,SAN BERNARDINO,SAN BERNARDINO,1,0,9,1,12,D,0,1
85791,SAN BERNARDINO,SAN BERNARDINO,3,0,9,1,12,D,1,1
85792,SAN BERNARDINO,SAN BERNARDINO,2,0,9,1,12,D,0,0
85793,SAN BERNARDINO,SAN BERNARDINO,5,0,8,1,12,D,0,1
85794,SAN BERNARDINO,SAN BERNARDINO,6,0,12,1,12,D,0,1
85795,SAN BERNARDINO,SAN BERNARDINO,7,1,9,1,12,D,0,0
85796,SAN FRANCISCO,SAN FRANCISCO,4,0,12,1,5,D,0,1
85797,SAN FRANCISCO,SAN FRANCISCO,6,1,9,1,5,D,0,1
85798,SAN FRANCISCO,SAN FRANCISCO,1,0,12,1,5,D,0,1
85799,SAN FRANCISCO,SAN FRANCISCO,6,0,10,0,4,D,0,1
85800,SAN FRANCISCO,SAN FRANCISCO,3,0,8,1,4,D,0,0
85801,SAN FRANCISCO,SAN FRANCISCO,3,0,3,1,4,D,0,1
85802,SAN FRANCISCO,SAN FRANCISCO,2,0,8,1,4,D,0,0
85803,SAN FRANCISCO,SAN FRANCISCO,4,0,3,1,4,D,0,1
85804,SAN FRANCISCO,SAN FRANCISCO,1,0,12,1,4,D,0,0
85805,SAN FRANCISCO,SAN FRANCISCO,1,0,8,1,4,D,0,1
85806,SAN FRANCISCO,SAN FRANCISCO,7,0,9,1,4,D,0,1
85807,SAN FRANCISCO,SAN FRANCISCO,2,0,12,1,4,D,0,1
85808,SAN FRANCISCO,SAN FRANCISCO,3,0,9,1,4,D,0,1
85809,SAN FRANCISCO,SAN FRANCISCO,4,0,9,0,4,D,0,1
85810,SAN FRANCISCO,SAN FRANCISCO,3,0,12,1,4,D,0,1
85811,SAN BERNARDINO,RIALTO,7,0,12,1,11,D,0,0
85812,SAN FRANCISCO,SAN FRANCISCO,7,0,8,0,6,D,0,1
85813,SAN FRANCISCO,SAN FRANCISCO,4,0,12,1,7,D,0,0
85814,SAN FRANCISCO,SAN FRANCISCO,5,1,12,0,7,D,0,1
85815,SAN FRANCISCO,SAN FRANCISCO,5,0,9,1,7,D,0,1
85816,SAN FRANCISCO,SAN FRANCISCO,6,0,12,1,7,D,0,1
85817,SAN FRANCISCO,SAN FRANCISCO,4,0,12,1,7,D,0,1
85818,SAN FRANCISCO,SAN FRANCISCO,2,0,12,1,7,D,0,1
85819,SAN FRANCISCO,SAN FRANCISCO,4,0,8,1,7,D,0,0
85820,SAN FRANCISCO,SAN FRANCISCO,1,0,12,1,7,D,0,1
85821,SAN FRANCISCO,SAN FRANCISCO,4,0,12,0,7,D,0,1
85822,SAN FRANCISCO,SAN FRANCISCO,3,1,8,1,7,D,0,1
85823,SAN FRANCISCO,SAN FRANCISCO,6,0,9,1,7,D,0,0
85824,SAN FRANCISCO,SAN FRANCISCO,7,0,9,1,7,D,0,1
85825,SAN FRANCISCO,SAN FRANCISCO,7,0,12,1,7,D,0,1
85826,SAN FRANCISCO,SAN FRANCISCO,1,0,9,1,7,D,0,1
85827,SAN FRANCISCO,SAN FRANCISCO,3,0,9,0,7,D,0,1
85828,SAN FRANCISCO,SAN FRANCISCO,2,0,3,1,7,D,0,0
85829,SAN FRANCISCO,SAN FRANCISCO,6,0,12,1,7,D,0,1
85830,SAN FRANCISCO,SAN FRANCISCO,1,0,8,1,7,D,0,0
85831,SAN FRANCISCO,SAN FRANCISCO,4,0,12,1,7,D,0,0
85832,SAN FRANCISCO,SAN FRANCISCO,2,0,8,1,7,D,0,0
85833,SAN FRANCISCO,SAN FRANCISCO,1,0,9,1,7,D,0,1
85834,SAN FRANCISCO,SAN FRANCISCO,3,0,12,1,8,D,0,0
85835,SAN FRANCISCO,SAN FRANCISCO,1,0,9,1,8,D,0,1
85836,SAN FRANCISCO,SAN FRANCISCO,6,0,9,1,8,D,0,1
85837,SAN FRANCISCO,SAN FRANCISCO,7,0,12,1,8,D,0,1
85838,SAN FRANCISCO,SAN FRANCISCO,1,0,8,1,8,D,0,1
85839,SAN FRANCISCO,SAN FRANCISCO,3,0,6,1,8,D,0,1
85840,SAN FRANCISCO,SAN FRANCISCO,1,0,12,1,7,D,0,1
85841,SAN FRANCISCO,SAN FRANCISCO,7,0,12,0,7,D,0,1
85842,SAN FRANCISCO,SAN FRANCISCO,1,0,9,0,7,D,0,1
85843,SAN FRANCISCO,SAN FRANCISCO,4,0,12,1,7,D,0,0
85844,SAN FRANCISCO,SAN FRANCISCO,4,0,8,1,7,D,0,1
85845,SAN FRANCISCO,SAN FRANCISCO,5,0,12,0,7,D,0,0
85846,SAN FRANCISCO,SAN FRANCISCO,1,0,12,1,7,D,0,1
85847,SAN FRANCISCO,SAN FRANCISCO,1,0,9,0,7,D,0,1
85848,SAN FRANCISCO,SAN FRANCISCO,1,0,12,1,7,D,0,1
85849,SAN FRANCISCO,SAN FRANCISCO,6,1,12,0,7,D,0,0
85850,SAN FRANCISCO,SAN FRANCISCO,6,0,8,1,7,D,0,1
85851,SAN FRANCISCO,SAN FRANCISCO,6,0,8,0,7,D,0,1
85852,ALAMEDA,OAKLAND,4,1,12,1,9,D,0,1
85853,ORANGE,ANAHEIM,4,0,12,1,9,D,0,1
85854,ALAMEDA,OAKLAND,6,0,9,1,11,D,0,1
85855,SAN FRANCISCO,SAN FRANCISCO,7,0,12,0,6,D,0,1
85856,SAN FRANCISCO,SAN FRANCISCO,3,0,8,1,6,D,0,1
85857,SAN FRANCISCO,SAN FRANCISCO,7,0,7,1,6,D,0,1
85858,SAN FRANCISCO,SAN FRANCISCO,3,0,12,1,6,D,0,1
85859,SAN FRANCISCO,SAN FRANCISCO,6,0,12,1,6,D,0,1
85860,SAN FRANCISCO,SAN FRANCISCO,7,0,12,1,6,D,0,1
85861,SAN FRANCISCO,SAN FRANCISCO,2,0,9,1,6,D,0,1
85862,SAN FRANCISCO,SAN FRANCISCO,6,0,8,1,6,D,0,1
85863,SAN FRANCISCO,SAN FRANCISCO,2,0,8,0,6,D,1,1
85864,SAN FRANCISCO,SAN FRANCISCO,6,0,3,1,6,D,0,1
85865,SAN FRANCISCO,SAN FRANCISCO,6,0,9,1,6,D,0,0
85866,SAN FRANCISCO,SAN FRANCISCO,7,0,3,1,6,D,0,1
85867,SAN FRANCISCO,SAN FRANCISCO,5,0,12,1,6,D,0,1
85868,SAN FRANCISCO,SAN FRANCISCO,6,0,8,1,6,D,0,0
85869,SAN FRANCISCO,SAN FRANCISCO,2,0,8,0,6,D,0,1
85870,SAN FRANCISCO,SAN FRANCISCO,6,0,12,1,6,D,0,1
85871,SAN FRANCISCO,SAN FRANCISCO,6,0,9,1,6,D,0,1
85872,SAN FRANCISCO,SAN FRANCISCO,3,0,12,0,6,D,0,0
85873,SAN FRANCISCO,SAN FRANCISCO,5,0,9,1,6,D,0,1
85874,SAN FRANCISCO,SAN FRANCISCO,4,0,12,1,7,D,0,1
85875,SAN FRANCISCO,SAN FRANCISCO,4,0,12,1,7,D,0,1
85876,SAN FRANCISCO,SAN FRANCISCO,6,0,8,1,7,D,0,1
85877,SAN FRANCISCO,SAN FRANCISCO,3,0,9,1,7,D,0,1
85878,RIVERSIDE,INDIAN WELLS,6,0,9,1,2,D,0,1
85879,SAN FRANCISCO,SAN FRANCISCO,1,0,9,0,7,D,0,1
85880,SAN FRANCISCO,SAN FRANCISCO,3,0,9,1,7,D,0,1
85881,SAN FRANCISCO,SAN FRANCISCO,3,0,9,1,7,D,0,1
85882,SAN FRANCISCO,SAN FRANCISCO,3,0,12,0,7,D,0,0
85883,SAN FRANCISCO,SAN FRANCISCO,2,0,12,1,7,D,0,1
85884,SAN FRANCISCO,SAN FRANCISCO,3,0,8,1,7,D,0,1
85885,SAN FRANCISCO,SAN FRANCISCO,4,0,9,1,7,D,0,0
85886,SAN FRANCISCO,SAN FRANCISCO,3,0,8,0,7,D,0,1