ID,County,City,Weekday,Severity,ViolCat,ClearWeather,Month,CrashType,Highway,Daylight
89823,SAN BERNARDINO,RIALTO,4,0,3,1,2,E,0,1
89824,ORANGE,MISSION VIEJO,7,1,1,1,4,E,0,0
89825,RIVERSIDE,MORENO VALLEY,1,0,1,1,4,E,0,0
89826,NEVADA,UNINCORPORATED,7,0,3,0,3,E,1,0
89827,NEVADA,UNINCORPORATED,6,1,1,1,3,E,0,0
89828,ORANGE,IRVINE,2,0,8,1,4,E,1,1
89829,NAPA,UNINCORPORATED,2,0,1,1,4,E,0,0
89830,NAPA,UNINCORPORATED,5,0,8,1,4,E,1,0
89831,SAN DIEGO,SAN DIEGO,7,1,8,0,4,E,0,0
89832,SAN DIEGO,SAN DIEGO,6,0,1,1,4,E,0,1
89833,ALPINE,UNINCORPORATED,4,0,3,0,4,E,1,0
89834,PLACER,UNINCORPORATED,5,1,8,1,4,E,1,1
89835,ALPINE,UNINCORPORATED,7,0,3,1,4,E,1,1
89836,HUMBOLDT,UNINCORPORATED,3,0,1,1,4,E,1,1
89837,SAN DIEGO,SAN DIEGO,6,0,8,1,4,E,1,0
89838,SOLANO,FAIRFIELD,1,0,8,1,4,E,0,1
89839,MONTEREY,SEASIDE,2,0,8,0,4,E,1,0
89840,SANTA CLARA,SAN JOSE,1,0,8,0,3,E,1,1
89841,VENTURA,THOUSAND OAKS,5,0,1,1,4,E,0,1
89842,SANTA CLARA,SAN JOSE,6,1,1,1,4,E,0,0
89843,SANTA CLARA,SAN JOSE,2,0,8,1,4,E,1,1
89844,SANTA CLARA,SAN JOSE,5,0,1,1,4,E,1,0
89845,MONTEREY,UNINCORPORATED,5,0,8,1,4,E,1,1
89846,TEHAMA,UNINCORPORATED,4,0,8,1,4,E,0,1
89847,MONTEREY,UNINCORPORATED,1,0,8,0,4,E,1,0
89848,MADERA,UNINCORPORATED,6,0,3,1,4,E,1,1
89849,SANTA CRUZ,UNINCORPORATED,2,0,8,1,3,E,1,1
89850,SANTA CRUZ,UNINCORPORATED,6,0,8,1,4,E,1,0
89851,MADERA,UNINCORPORATED,7,0,8,1,4,E,0,0
89852,MONTEREY,UNINCORPORATED,2,0,3,0,4,E,0,0
89853,VENTURA,THOUSAND OAKS,7,0,8,1,4,E,0,0
89854,MONTEREY,UNINCORPORATED,4,0,8,1,4,E,1,1
89855,RIVERSIDE,MURRIETA,3,0,8,0,4,E,1,1
89856,KERN,UNINCORPORATED,3,0,8,1,4,E,1,1
89857,VENTURA,OXNARD,1,1,9,1,4,E,0,1
89858,ORANGE,BREA,6,0,8,0,4,E,1,1
89859,ORANGE,HUNTINGTON BEACH,5,0,3,0,3,E,0,1
89860,FRESNO,SANGER,6,0,3,1,2,E,0,0
89861,MARIN,FAIRFAX,5,0,1,1,4,E,0,1
89862,SANTA CLARA,MILPITAS,7,0,7,1,4,E,1,1
89863,CONTRA COSTA,UNINCORPORATED,7,0,8,1,4,E,0,1
89864,SANTA CLARA,SAN JOSE,6,0,1,1,4,E,1,0
89865,HUMBOLDT,TRINIDAD,5,0,8,1,4,E,0,1
89866,HUMBOLDT,UNINCORPORATED,6,0,8,1,4,E,1,1
89867,LOS ANGELES,SANTA CLARITA,6,0,3,1,4,E,0,0
89868,SAN DIEGO,ESCONDIDO,1,0,8,1,4,E,0,1
89869,SANTA CLARA,PALO ALTO,3,1,8,1,4,E,1,1
89870,INYO,UNINCORPORATED,5,0,1,1,4,E,0,1
89871,CONTRA COSTA,UNINCORPORATED,4,0,8,1,4,E,1,0
89872,SOLANO,FAIRFIELD,3,0,8,1,4,E,0,0
89873,SONOMA,UNINCORPORATED,1,0,1,1,4,E,1,1
89874,SONOMA,UNINCORPORATED,6,0,8,1,4,E,0,0
89875,NAPA,UNINCORPORATED,1,1,3,1,4,E,0,1
89876,SAN JOAQUIN,TRACY,4,0,3,0,4,E,0,0
89877,RIVERSIDE,RIVERSIDE,6,1,8,1,4,E,1,1
89878,MARIN,UNINCORPORATED,7,0,1,1,4,E,0,0
89879,LAKE,UNINCORPORATED,4,0,8,1,5,E,1,1
89880,LAKE,UNINCORPORATED,6,0,1,1,4,E,1,1
89881,SACRAMENTO,SACRAMENTO,5,0,7,1,4,E,1,1
89882,KERN,UNINCORPORATED,2,0,3,0,5,E,0,1
89883,LOS ANGELES,BALDWIN PARK,1,0,3,0,5,E,0,0
89884,LOS ANGELES,DUARTE,3,1,8,1,4,E,1,0
89885,LOS ANGELES,PASADENA,6,0,8,1,4,E,1,0
89886,LOS ANGELES,BELL,7,0,8,1,3,E,0,1
89887,LOS ANGELES,EL MONTE,4,0,3,1,3,E,1,1
89888,LAKE,UNINCORPORATED,3,0,1,0,3,E,1,1
89889,LOS ANGELES,GLENDALE,7,0,7,0,3,E,1,1
89890,LOS ANGELES,LOS ANGELES,7,0,7,1,3,E,1,1
89891,LOS ANGELES,GLENDALE,7,0,8,1,3,E,1,1
89892,NEVADA,GRASS VALLEY,3,0,8,0,3,E,0,1
89893,NAPA,UNINCORPORATED,7,0,8,1,3,E,0,1
89894,LOS ANGELES,GLENDALE,7,0,8,1,3,E,1,1
89895,TUOLUMNE,UNINCORPORATED,6,1,8,1,4,E,1,0
89896,TEHAMA,UNINCORPORATED,7,0,1,1,4,E,0,1
89897,TEHAMA,UNINCORPORATED,2,1,1,1,4,E,1,1
89898,TEHAMA,UNINCORPORATED,3,0,1,1,4,E,1,0
89899,ORANGE,ANAHEIM,6,0,8,1,4,E,0,0
89900,LOS ANGELES,LOS ANGELES,4,0,3,1,4,E,0,1
89901,SAN DIEGO,SAN DIEGO,3,0,8,1,4,E,0,1
89902,LOS ANGELES,LOS ANGELES,6,0,3,1,4,E,0,1
89903,LAKE,UNINCORPORATED,1,0,8,1,4,E,0,1
89904,SAN FRANCISCO,SAN FRANCISCO,6,0,1,1,4,E,1,0
89905,LAKE,UNINCORPORATED,6,0,1,1,4,E,0,1
89906,SAN FRANCISCO,SAN FRANCISCO,7,0,8,1,4,E,1,0
89907,ORANGE,SANTA ANA,7,0,8,0,4,E,0,1
89908,TULARE,UNINCORPORATED,5,0,8,1,4,E,0,1
89909,TULARE,UNINCORPORATED,4,0,3,1,4,E,0,1
89910,TULARE,UNINCORPORATED,1,0,8,1,4,E,0,1
89911,LOS ANGELES,LOS ANGELES,2,0,8,1,4,E,0,0
89912,SAN DIEGO,SAN DIEGO,5,1,8,1,4,E,0,0
89913,LOS ANGELES,LOS ANGELES,6,0,3,0,4,E,0,1
89914,SACRAMENTO,SACRAMENTO,4,0,3,1,3,E,0,1
89915,ORANGE,COSTA MESA,5,0,8,1,3,E,1,1
89916,ORANGE,BREA,3,0,8,0,3,E,1,1
89917,RIVERSIDE,PERRIS,7,0,8,1,4,E,1,1
89918,LOS ANGELES,LOS ANGELES,2,0,3,1,4,E,0,0
89919,HUMBOLDT,UNINCORPORATED,4,0,8,1,5,E,0,1
89920,SAN BERNARDINO,UPLAND,6,0,1,1,2,E,0,0
89921,SAN BERNARDINO,FONTANA,7,0,1,0,4,E,0,0
89922,LOS ANGELES,COVINA,6,0,8,1,4,E,0,1
89923,KERN,UNINCORPORATED,1,0,3,1,4,E,0,0
89924,KERN,UNINCORPORATED,1,0,8,1,4,E,0,1
89925,KERN,UNINCORPORATED,2,1,8,1,4,E,1,1
89926,SAN DIEGO,ESCONDIDO,1,0,3,0,4,E,0,1
89927,SANTA CLARA,SAN JOSE,1,0,8,1,4,E,1,1
89928,KERN,UNINCORPORATED,3,1,8,1,4,E,0,1
89929,SANTA CLARA,SAN JOSE,5,0,8,1,4,E,1,0
89930,SANTA CLARA,SAN JOSE,6,0,1,1,4,E,1,0
89931,ORANGE,SANTA ANA,4,0,8,0,3,E,1,1
89932,LOS ANGELES,AZUSA,5,0,3,1,2,E,0,0
89933,PLACER,UNINCORPORATED,2,1,1,1,4,E,1,0
89934,SAN LUIS OBISPO,ATASCADERO,1,0,3,0,4,E,1,0
89935,LOS ANGELES,POMONA,7,0,8,1,3,E,1,1
89936,NEVADA,UNINCORPORATED,6,0,8,1,4,E,1,1
89937,ORANGE,NEWPORT BEACH,6,1,1,1,4,E,1,0
89938,SAN LUIS OBISPO,UNINCORPORATED,1,0,8,1,4,E,1,0
89939,ORANGE,ORANGE,5,1,8,1,4,E,1,1
89940,SACRAMENTO,ELK GROVE,3,0,8,1,4,E,0,1
89941,LOS ANGELES,BALDWIN PARK,2,0,8,0,4,E,1,0
89942,ORANGE,ANAHEIM,4,0,8,1,5,E,1,0
89943,KERN,UNINCORPORATED,3,0,3,1,4,E,1,1
89944,LOS ANGELES,LOS ANGELES,3,0,7,1,3,E,0,1
89945,LOS ANGELES,WHITTIER,6,0,3,1,4,E,0,0
89946,LOS ANGELES,PALMDALE,1,0,8,1,4,E,0,1
89947,SANTA CLARA,LOS GATOS,5,0,8,1,4,E,1,1
89948,SONOMA,UNINCORPORATED,5,0,8,1,4,E,0,1
89949,SANTA CLARA,SUNNYVALE,4,0,3,1,4,E,1,1
89950,SANTA CLARA,SAN JOSE,2,1,1,1,4,E,0,0
89951,SANTA CLARA,MORGAN HILL,3,0,8,1,4,E,1,0
89952,HUMBOLDT,UNINCORPORATED,6,0,1,0,4,E,0,0
89953,LOS ANGELES,AGOURA HILLS,6,0,3,1,4,E,0,0
89954,MARIN,UNINCORPORATED,5,0,1,1,4,E,0,0
89955,LOS ANGELES,PALMDALE,5,0,3,1,4,E,0,1
89956,LOS ANGELES,LOS ANGELES,3,0,7,0,4,E,1,0
89957,SACRAMENTO,ELK GROVE,2,0,8,1,4,E,0,0
89958,NEVADA,UNINCORPORATED,7,0,8,0,3,E,0,1
89959,LOS ANGELES,DIAMOND BAR,4,0,3,1,4,E,0,1
89960,HUMBOLDT,UNINCORPORATED,2,0,8,1,4,E,1,0
89961,NEVADA,UNINCORPORATED,4,0,3,0,4,E,0,1
89962,AMADOR,UNINCORPORATED,7,0,3,1,4,E,0,1
89963,LOS ANGELES,WHITTIER,5,0,8,1,4,E,0,0
89964,LOS ANGELES,WHITTIER,4,0,8,1,4,E,0,1
89965,LOS ANGELES,WALNUT,5,0,8,1,4,E,0,1
89966,NEVADA,UNINCORPORATED,7,0,3,0,3,E,1,0
89967,LOS ANGELES,GLENDALE,4,0,1,0,3,E,0,0
89968,NEVADA,UNINCORPORATED,4,0,8,0,3,E,0,1
89969,RIVERSIDE,CORONA,7,0,1,1,3,E,1,0
89970,LOS ANGELES,LOS ANGELES,6,0,8,1,3,E,1,0
89971,SAN LUIS OBISPO,ARROYO GRANDE,5,0,3,0,3,E,0,0
89972,LOS ANGELES,BURBANK,5,0,8,1,3,E,1,0
89973,SAN JOAQUIN,UNINCORPORATED,2,0,8,1,4,E,1,1
89974,SAN JOAQUIN,UNINCORPORATED,7,0,8,0,4,E,0,0
89975,LAKE,UNINCORPORATED,7,0,1,1,3,E,1,1
89976,SAN JOAQUIN,STOCKTON,3,0,8,1,4,E,1,1
89977,SAN BERNARDINO,ONTARIO,5,0,7,1,4,E,1,1
89978,SAN BERNARDINO,UPLAND,2,0,3,1,2,E,0,1
89979,CONTRA COSTA,UNINCORPORATED,7,0,1,1,4,E,0,0
89980,SAN JOAQUIN,UNINCORPORATED,1,0,3,1,4,E,1,0
89981,ORANGE,SANTA ANA,6,0,1,1,4,E,0,0
89982,SAN JOAQUIN,STOCKTON,3,0,1,1,4,E,0,0
89983,LOS ANGELES,LONG BEACH,1,0,24,1,4,E,0,1
89984,MADERA,UNINCORPORATED,2,0,1,1,4,E,1,1
89985,SAN BERNARDINO,YUCAIPA,3,0,3,0,4,E,0,0
89986,SAN BERNARDINO,RIALTO,1,0,3,1,4,E,0,0
89987,SAN JOAQUIN,UNINCORPORATED,2,0,8,1,4,E,1,0
89988,SAN JOAQUIN,UNINCORPORATED,1,0,8,0,4,E,0,1
89989,SAN BERNARDINO,ONTARIO,5,1,1,1,4,E,0,1
89990,SAN JOAQUIN,UNINCORPORATED,7,0,3,1,4,E,0,1
89991,SAN BERNARDINO,FONTANA,3,0,8,1,4,E,1,1
89992,LOS ANGELES,LONG BEACH,2,0,3,0,4,E,0,1
89993,SAN JOAQUIN,STOCKTON,7,0,7,1,4,E,1,1
89994,SAN JOAQUIN,UNINCORPORATED,4,0,8,1,4,E,0,1
89995,SAN JOAQUIN,STOCKTON,1,0,8,1,4,E,1,0
89996,SAN JOAQUIN,STOCKTON,5,0,8,1,4,E,1,1
89997,SAN JOAQUIN,MANTECA,6,1,3,1,4,E,0,0
89998,CALAVERAS,UNINCORPORATED,1,0,1,1,4,E,1,0
89999,RIVERSIDE,CALIMESA,7,0,8,1,4,E,1,0
90000,SAN JOAQUIN,STOCKTON,6,0,1,1,4,E,0,0
90001,SAN JOAQUIN,LODI,4,0,3,0,4,E,1,1
90002,SAN JOAQUIN,STOCKTON,6,0,8,0,4,E,0,1
90003,SAN JOAQUIN,UNINCORPORATED,1,0,8,0,4,E,0,1
90004,SAN JOAQUIN,RIPON,5,0,8,1,4,E,1,1
90005,LOS ANGELES,SOUTH GATE,4,1,8,1,2,E,0,0
90006,MADERA,UNINCORPORATED,4,0,12,1,2,E,0,0
90007,SHASTA,REDDING,6,0,1,1,4,E,0,0
90008,MARIN,UNINCORPORATED,7,0,7,0,5,E,1,1
90009,LOS ANGELES,PASADENA,3,1,3,0,4,E,0,1
90010,FRESNO,FRESNO,1,1,7,1,4,E,1,1
90011,SAN LUIS OBISPO,UNINCORPORATED,2,0,8,0,4,E,1,1
90012,YOLO,WEST SACRAMENTO,1,0,8,1,4,E,0,0
90013,SISKIYOU,UNINCORPORATED,2,0,8,0,5,E,0,1
90014,SANTA CLARA,CUPERTINO,3,0,7,1,5,E,1,1
90015,ALAMEDA,LIVERMORE,7,0,1,1,4,E,0,0
90016,VENTURA,VENTURA,4,0,8,1,4,E,0,0
90017,ORANGE,WESTMINSTER,5,0,1,1,5,E,0,0
90018,TULARE,UNINCORPORATED,4,0,8,1,5,E,0,1
90019,LOS ANGELES,LOS ANGELES,5,0,7,1,4,E,1,1
90020,EL DORADO,UNINCORPORATED,1,0,8,0,5,E,1,1
90021,SHASTA,UNINCORPORATED,1,0,3,0,5,E,0,1
90022,KERN,UNINCORPORATED,6,1,8,1,5,E,1,0
90023,KERN,UNINCORPORATED,7,0,8,1,5,E,1,1
90024,LOS ANGELES,LOS ANGELES,2,0,8,1,4,E,1,1
90025,ALAMEDA,LIVERMORE,3,0,1,1,4,E,0,0
90026,KERN,UNINCORPORATED,1,0,8,1,5,E,1,1
90027,ALAMEDA,LIVERMORE,6,0,3,1,4,E,0,1
90028,TULARE,UNINCORPORATED,6,0,7,1,4,E,1,1
90029,FRESNO,FRESNO,3,0,1,1,4,E,1,0
90030,LOS ANGELES,WEST COVINA,2,0,3,1,4,E,0,1
90031,SAN DIEGO,EL CAJON,3,0,3,1,4,E,0,0
90032,FRESNO,UNINCORPORATED,7,0,1,1,4,E,0,0
90033,FRESNO,UNINCORPORATED,1,0,8,1,4,E,0,0
90034,LOS ANGELES,PASADENA,4,0,8,1,4,E,0,1
90035,FRESNO,UNINCORPORATED,6,0,1,1,4,E,1,0
90036,MENDOCINO,UNINCORPORATED,7,0,8,1,4,E,1,0
90037,FRESNO,FRESNO,6,1,1,1,4,E,1,0
90038,SAN MATEO,UNINCORPORATED,1,0,3,1,4,E,0,1
90039,FRESNO,UNINCORPORATED,7,0,8,1,4,E,1,0
90040,KERN,UNINCORPORATED,5,0,8,1,4,E,0,0
90041,KERN,UNINCORPORATED,6,0,8,1,4,E,1,1
90042,FRESNO,UNINCORPORATED,4,0,8,1,4,E,0,1
90043,FRESNO,UNINCORPORATED,4,0,8,1,4,E,0,1
90044,SAN MATEO,BRISBANE,2,0,1,1,4,E,0,1
90045,MENDOCINO,UNINCORPORATED,6,0,8,1,4,E,1,1
90046,HUMBOLDT,UNINCORPORATED,5,0,8,1,4,E,0,0
90047,RIVERSIDE,NORCO,2,0,8,1,4,E,1,1
90048,RIVERSIDE,RIVERSIDE,3,0,8,1,4,E,1,1
90049,LOS ANGELES,BURBANK,6,0,3,1,4,E,0,1
90050,CONTRA COSTA,PLEASANT HILL,2,1,8,1,4,E,0,0
90051,MENDOCINO,UNINCORPORATED,6,0,3,1,4,E,0,0
90052,ORANGE,ORANGE,6,0,1,1,4,E,0,0
90053,SAN BERNARDINO,MONTCLAIR,6,0,8,0,4,E,1,0
90054,LOS ANGELES,LOS ANGELES,5,1,3,1,4,E,0,0
90055,SAN BERNARDINO,ONTARIO,4,0,8,1,4,E,1,1
90056,SAN BERNARDINO,FONTANA,5,0,8,1,4,E,1,1
90057,SANTA CLARA,LOS ALTOS,6,0,3,1,4,E,0,0
90058,VENTURA,UNINCORPORATED,6,0,1,1,4,E,1,0
90059,ALAMEDA,OAKLAND,5,0,1,1,4,E,1,0
90060,RIVERSIDE,PALM SPRINGS,3,0,1,1,4,E,1,0
90061,KERN,SHAFTER,6,0,1,1,4,E,0,0
90062,SAN FRANCISCO,SAN FRANCISCO,5,0,8,1,4,E,1,0
90063,SANTA CLARA,PALO ALTO,2,0,3,1,4,E,0,1
90064,ORANGE,TUSTIN,4,0,8,1,4,E,0,1
90065,SANTA CLARA,PALO ALTO,3,0,8,1,4,E,0,1
90066,LOS ANGELES,LOS ANGELES,3,0,3,1,4,E,0,1
90067,LOS ANGELES,LOS ANGELES,7,0,1,1,7,E,1,0
90068,RIVERSIDE,RIVERSIDE,7,0,1,0,4,E,0,0
90069,SAN DIEGO,CARLSBAD,6,0,3,1,4,E,0,1
90070,EL DORADO,UNINCORPORATED,2,0,3,1,4,E,1,1
90071,YOLO,UNINCORPORATED,2,0,1,1,4,E,1,0
90072,SACRAMENTO,ELK GROVE,7,0,8,1,4,E,1,1
90073,SAN DIEGO,SAN DIEGO,2,0,1,0,4,E,0,0
90074,KERN,UNINCORPORATED,7,0,8,1,4,E,1,0
90075,YOLO,UNINCORPORATED,7,0,8,1,4,E,1,1
90076,LOS ANGELES,LOS ANGELES,6,0,1,1,4,E,1,0
90077,LOS ANGELES,LOS ANGELES,6,0,8,1,4,E,0,1
90078,ALAMEDA,OAKLAND,1,0,8,1,4,E,0,1
90079,KERN,UNINCORPORATED,2,0,8,1,4,E,0,1
90080,MADERA,MADERA,7,1,8,1,4,E,0,1
90081,ORANGE,SANTA ANA,4,0,8,1,5,E,0,1
90082,VENTURA,SIMI VALLEY,4,0,1,1,5,E,0,0
90083,SAN JOAQUIN,UNINCORPORATED,2,0,8,1,4,E,1,1
90084,CALAVERAS,UNINCORPORATED,6,0,1,1,5,E,0,1
90085,SAN DIEGO,SAN MARCOS,3,0,8,1,3,E,0,1
90086,KERN,CALIFORNIA CITY,5,0,1,1,3,E,0,0
90087,SAN DIEGO,SAN MARCOS,6,0,8,1,3,E,0,1
90088,KINGS,UNINCORPORATED,1,0,8,1,4,E,1,1
90089,KINGS,UNINCORPORATED,1,0,3,1,4,E,0,0
90090,KINGS,UNINCORPORATED,5,0,8,1,4,E,0,1
90091,SAN BERNARDINO,BARSTOW,4,0,1,1,3,E,0,0
90092,HUMBOLDT,UNINCORPORATED,3,0,1,1,4,E,0,0
90093,VENTURA,PORT HUENEME,4,0,1,1,4,E,0,0
90094,ORANGE,LAGUNA NIGUEL,1,0,8,1,4,E,1,1
90095,SAN DIEGO,OCEANSIDE,2,0,8,1,4,E,1,1
90096,ORANGE,SAN CLEMENTE,6,0,8,1,4,E,1,1
90097,ORANGE,ALISO VIEJO,6,0,1,0,4,E,1,0
90098,KINGS,UNINCORPORATED,1,0,8,1,4,E,0,1
90099,DEL NORTE,UNINCORPORATED,6,0,8,1,5,E,1,1
90100,ORANGE,SANTA ANA,6,0,8,1,5,E,0,1
90101,LOS ANGELES,CARSON,1,0,1,0,3,E,0,0
90102,ORANGE,ORANGE,6,0,1,0,4,E,0,0
90103,KERN,UNINCORPORATED,7,1,8,1,4,E,0,0
90104,LOS ANGELES,LANCASTER,3,0,8,1,4,E,0,1
90105,LOS ANGELES,LYNWOOD,5,0,3,1,4,E,0,0
90106,MADERA,UNINCORPORATED,5,0,1,1,5,E,1,0
90107,SONOMA,UNINCORPORATED,1,0,1,1,4,E,0,0
90108,LOS ANGELES,BALDWIN PARK,5,0,8,1,4,E,1,0
90109,RIVERSIDE,INDIAN WELLS,2,0,8,1,4,E,0,1
90110,SAN DIEGO,NATIONAL CITY,2,0,1,1,4,E,0,1
90111,MERCED,UNINCORPORATED,7,0,8,1,4,E,0,0
90112,SAN BERNARDINO,FONTANA,3,0,8,1,4,E,0,1
90113,SONOMA,UNINCORPORATED,3,0,1,1,4,E,0,1
90114,SONOMA,UNINCORPORATED,6,0,8,1,4,E,0,0
90115,MERCED,UNINCORPORATED,6,0,1,1,4,E,1,1
90116,MERCED,UNINCORPORATED,6,0,8,1,4,E,0,1
90117,SANTA CLARA,SAN JOSE,6,0,8,1,4,E,0,0
90118,SANTA CLARA,SAN JOSE,3,0,8,1,4,E,0,0
90119,LOS ANGELES,LOS ANGELES,2,0,1,1,4,E,0,1
90120,SANTA CLARA,SAN JOSE,6,1,3,1,4,E,0,0
90121,LOS ANGELES,SAN DIMAS,5,1,3,1,3,E,0,1
90122,ALAMEDA,BERKELEY,1,0,3,1,3,E,0,1
90123,ALAMEDA,SAN LEANDRO,5,0,8,1,4,E,1,1
90124,LOS ANGELES,AZUSA,5,0,1,1,5,E,0,0
90125,HUMBOLDT,UNINCORPORATED,6,0,8,1,5,E,1,1
90126,ORANGE,NEWPORT BEACH,1,0,3,0,5,E,0,1
90127,CALAVERAS,UNINCORPORATED,6,1,1,1,5,E,1,0
90128,SANTA CLARA,SAN JOSE,7,0,8,1,4,E,1,1
90129,SAN BERNARDINO,FONTANA,6,1,1,1,4,E,1,0
90130,MERCED,MERCED,1,0,8,1,4,E,0,0
90131,NAPA,UNINCORPORATED,4,0,8,1,4,E,0,1
90132,STANISLAUS,CERES,7,1,1,1,4,E,0,1
90133,NAPA,UNINCORPORATED,1,0,8,1,4,E,0,1
90134,ORANGE,IRVINE,2,0,3,0,4,E,0,1
90135,SAN MATEO,BURLINGAME,1,0,7,1,4,E,0,1
90136,SISKIYOU,YREKA,6,0,8,1,4,E,0,1
90137,KERN,BAKERSFIELD,3,0,8,1,4,E,0,0
90138,KERN,BAKERSFIELD,3,0,3,1,4,E,0,1
90139,NAPA,UNINCORPORATED,6,1,3,1,4,E,1,1
90140,EL DORADO,UNINCORPORATED,7,0,3,1,4,E,0,0
90141,SONOMA,UNINCORPORATED,6,1,8,1,4,E,1,0
90142,SONOMA,UNINCORPORATED,1,0,1,1,4,E,0,0
90143,ORANGE,GARDEN GROVE,4,0,8,1,4,E,0,1
90144,ORANGE,NEWPORT BEACH,3,0,1,1,4,E,1,0
90145,RIVERSIDE,RIVERSIDE,1,0,8,1,4,E,0,0
90146,SAN DIEGO,SANTEE,1,0,3,1,4,E,1,1
90147,SAN DIEGO,EL CAJON,1,0,8,1,4,E,1,1
90148,LOS ANGELES,TORRANCE,2,0,8,1,4,E,0,1
90149,SANTA CRUZ,UNINCORPORATED,1,0,8,1,4,E,0,1
90150,LOS ANGELES,LOS ANGELES,2,0,1,1,4,E,0,0
90151,SANTA CRUZ,UNINCORPORATED,3,0,1,1,4,E,0,1
90152,LOS ANGELES,LOS ANGELES,7,0,1,1,4,E,1,0
90153,SAN BERNARDINO,ONTARIO,4,0,8,1,4,E,0,1
90154,LOS ANGELES,LOS ANGELES,1,1,1,1,3,E,0,0
90155,LOS ANGELES,LOS ANGELES,1,0,1,1,3,E,0,0
90156,LOS ANGELES,LOS ANGELES,7,1,8,0,3,E,1,0
90157,LOS ANGELES,DOWNEY,2,0,8,0,4,E,0,0
90158,LOS ANGELES,LOS ANGELES,4,0,1,1,4,E,1,0
90159,LOS ANGELES,LOS ANGELES,2,0,8,0,4,E,0,0
90160,LOS ANGELES,LOS ANGELES,5,0,8,1,4,E,1,1
90161,LOS ANGELES,LOS ANGELES,6,0,8,1,4,E,1,0
90162,KERN,UNINCORPORATED,4,0,8,1,4,E,1,1
90163,LOS ANGELES,LOS ANGELES,7,0,4,0,3,E,0,1
90164,LOS ANGELES,LOS ANGELES,1,0,8,0,4,E,0,1
90165,TULARE,VISALIA,4,0,3,0,4,E,0,1
90166,SAN MATEO,MENLO PARK,2,0,8,1,4,E,1,1
90167,LOS ANGELES,PALMDALE,6,0,1,1,4,E,1,0
90168,SAN MATEO,UNINCORPORATED,3,0,8,1,4,E,1,0
90169,ORANGE,COSTA MESA,7,0,3,1,4,E,0,1
90170,ORANGE,FOUNTAIN VALLEY,2,0,3,0,4,E,0,1
90171,TULARE,VISALIA,2,0,1,1,4,E,0,0
90172,LOS ANGELES,AZUSA,5,0,3,1,4,E,0,0
90173,SAN LUIS OBISPO,UNINCORPORATED,1,0,8,1,4,E,1,0
90174,LOS ANGELES,SANTA MONICA,6,0,1,1,4,E,0,0
90175,LOS ANGELES,SOUTH GATE,7,0,8,1,4,E,1,0
90176,LOS ANGELES,COMPTON,3,0,8,1,4,E,1,1
90177,LOS ANGELES,MANHATTAN BEACH,5,0,3,1,4,E,0,1
90178,SAN BERNARDINO,RANCHO CUCAMONGA,5,0,8,0,4,E,1,1
90179,SAN BERNARDINO,RANCHO CUCAMONGA,2,0,8,1,4,E,1,1
90180,KERN,UNINCORPORATED,2,1,8,1,4,E,0,0
90181,LOS ANGELES,LOS ANGELES,7,0,3,1,4,E,0,0
90182,ORANGE,GARDEN GROVE,5,0,9,1,4,E,0,1
90183,RIVERSIDE,RIVERSIDE,5,0,8,1,4,E,0,1
90184,MONO,UNINCORPORATED,1,0,8,0,4,E,1,1
90185,MONO,UNINCORPORATED,1,0,8,0,4,E,1,1
90186,RIVERSIDE,CORONA,1,0,8,0,4,E,1,1
90187,LOS ANGELES,POMONA,6,0,8,1,4,E,0,0
90188,LOS ANGELES,POMONA,3,0,8,1,4,E,0,1
90189,DEL NORTE,UNINCORPORATED,3,0,3,1,4,E,0,1
90190,SAN DIEGO,VISTA,2,0,1,0,4,E,0,0
90191,STANISLAUS,UNINCORPORATED,2,0,1,1,4,E,1,1
90192,STANISLAUS,UNINCORPORATED,1,0,8,1,4,E,0,1
90193,STANISLAUS,UNINCORPORATED,7,0,1,1,4,E,0,0
90194,SANTA CLARA,SAN JOSE,3,0,3,1,4,E,0,0
90195,SANTA CLARA,SAN JOSE,2,0,8,1,4,E,0,0
90196,STANISLAUS,MODESTO,7,1,1,1,4,E,0,0
90197,SANTA CLARA,SAN JOSE,2,0,8,1,4,E,0,1
90198,STANISLAUS,MODESTO,2,0,8,1,4,E,0,0
90199,RIVERSIDE,INDIO,3,0,8,1,4,E,0,1
90200,SANTA CLARA,SAN JOSE,1,0,3,0,4,E,0,0
90201,ORANGE,COSTA MESA,7,0,8,0,5,E,0,0
90202,TULARE,UNINCORPORATED,3,0,8,1,5,E,0,1
90203,SAN FRANCISCO,SAN FRANCISCO,7,0,8,0,5,E,1,1
90204,TULARE,UNINCORPORATED,1,0,8,1,5,E,1,1
90205,KERN,UNINCORPORATED,2,1,8,1,4,E,1,0
90206,SANTA CLARA,SAN JOSE,5,0,3,1,4,E,0,1
90207,KERN,UNINCORPORATED,6,0,1,1,4,E,0,1
90208,KERN,UNINCORPORATED,4,0,8,1,4,E,0,1
90209,SAN DIEGO,ENCINITAS,7,1,1,1,4,E,1,0
90210,SAN MATEO,WOODSIDE,4,0,3,0,4,E,1,0
90211,TULARE,UNINCORPORATED,6,0,7,1,4,E,1,1
90212,MERCED,UNINCORPORATED,2,0,8,1,4,E,0,1
90213,SAN BERNARDINO,FONTANA,5,1,3,1,3,E,0,0
90214,LOS ANGELES,WESTLAKE VILLAGE,5,0,3,1,3,E,0,1