ID,County,City,Weekday,Severity,ViolCat,ClearWeather,Month,CrashType,Highway,Daylight
91384,SHASTA,UNINCORPORATED,7,0,1,1,5,E,1,0
91385,SHASTA,UNINCORPORATED,2,0,8,1,5,E,1,1
91386,SHASTA,UNINCORPORATED,4,0,8,0,5,E,0,1
91387,SHASTA,UNINCORPORATED,3,0,1,1,5,E,0,0
91388,SONOMA,UNINCORPORATED,6,0,8,1,5,E,1,1
91389,SHASTA,UNINCORPORATED,3,0,8,1,5,E,0,1
91390,LOS ANGELES,LOS ANGELES,1,0,8,1,5,E,0,1
91391,ORANGE,ANAHEIM,4,0,3,0,6,E,1,1
91392,MENDOCINO,UNINCORPORATED,3,0,8,1,6,E,1,1
91393,KERN,UNINCORPORATED,7,0,8,1,6,E,1,1
91394,KERN,UNINCORPORATED,6,0,8,1,6,E,0,1
91395,TULARE,PORTERVILLE,6,0,1,1,6,E,0,0
91396,LOS ANGELES,SANTA MONICA,4,0,8,1,6,E,0,1
91397,EL DORADO,UNINCORPORATED,3,0,8,1,6,E,1,0
91398,ALAMEDA,ALAMEDA,7,0,1,1,4,E,0,0
91399,KERN,UNINCORPORATED,7,0,8,1,6,E,1,1
91400,ORANGE,FULLERTON,7,0,1,0,4,E,0,0
91401,MADERA,UNINCORPORATED,1,1,8,1,5,E,0,1
91402,SHASTA,UNINCORPORATED,2,0,8,1,5,E,1,1
91403,LOS ANGELES,PALMDALE,2,0,1,1,4,E,0,0
91404,LOS ANGELES,PALMDALE,2,1,1,1,4,E,0,0
91405,ORANGE,MISSION VIEJO,3,0,3,1,5,E,0,0
91406,SAN BERNARDINO,FONTANA,6,0,8,0,5,E,1,1
91407,SAN MATEO,MILLBRAE,7,0,8,1,5,E,0,1
91408,TEHAMA,UNINCORPORATED,4,1,8,1,5,E,1,1
91409,TEHAMA,UNINCORPORATED,4,0,8,0,5,E,1,1
91410,CONTRA COSTA,CONCORD,6,0,1,1,5,E,0,1
91411,LOS ANGELES,SOUTH GATE,4,1,8,1,5,E,0,1
91412,CONTRA COSTA,CONCORD,3,1,1,1,5,E,0,1
91413,SANTA CRUZ,UNINCORPORATED,3,0,3,1,5,E,0,0
91414,LOS ANGELES,PASADENA,6,0,8,1,5,E,0,0
91415,FRESNO,UNINCORPORATED,4,1,8,1,5,E,0,1
91416,KERN,BAKERSFIELD,7,0,8,1,5,E,0,0
91417,MERCED,UNINCORPORATED,7,0,8,1,5,E,1,0
91418,SAN DIEGO,ESCONDIDO,7,0,1,1,5,E,0,0
91419,BUTTE,UNINCORPORATED,5,0,3,1,5,E,0,1
91420,HUMBOLDT,UNINCORPORATED,6,0,8,1,5,E,1,0
91421,SAN JOAQUIN,TRACY,4,1,1,1,5,E,0,0
91422,SAN MATEO,REDWOOD CITY,3,0,8,1,5,E,1,1
91423,VENTURA,OXNARD,7,0,8,1,5,E,0,1
91424,COLUSA,UNINCORPORATED,2,0,8,1,5,E,0,1
91425,SANTA CRUZ,UNINCORPORATED,6,0,1,1,5,E,1,1
91426,SANTA CRUZ,UNINCORPORATED,2,0,1,1,5,E,0,1
91427,SANTA CRUZ,UNINCORPORATED,7,0,1,1,5,E,0,1
91428,SANTA CRUZ,UNINCORPORATED,2,0,8,1,5,E,0,1
91429,SANTA CRUZ,UNINCORPORATED,2,0,8,1,5,E,0,1
91430,SAN BERNARDINO,MONTCLAIR,4,1,1,1,4,E,0,0
91431,SAN BERNARDINO,MONTCLAIR,1,0,8,1,4,E,0,0
91432,SHASTA,UNINCORPORATED,3,1,1,1,4,E,0,0
91433,LASSEN,UNINCORPORATED,1,0,3,0,4,E,1,1
91434,SAN LUIS OBISPO,UNINCORPORATED,1,0,8,1,4,E,0,1
91435,KERN,UNINCORPORATED,5,0,8,1,5,E,1,1
91436,KERN,UNINCORPORATED,3,0,8,1,5,E,1,1
91437,KERN,UNINCORPORATED,2,0,3,1,5,E,0,1
91438,ORANGE,DANA POINT,2,0,1,1,5,E,0,0
91439,ORANGE,LAGUNA NIGUEL,3,1,8,0,5,E,0,0
91440,LOS ANGELES,LOS ANGELES,2,0,1,1,5,E,0,0
91441,KERN,UNINCORPORATED,7,0,8,0,5,E,0,1
91442,KERN,UNINCORPORATED,1,0,8,1,5,E,0,1
91443,LOS ANGELES,COMMERCE,7,0,8,1,5,E,0,1
91444,LOS ANGELES,MAYWOOD,3,0,8,1,5,E,0,0
91445,SAN DIEGO,ESCONDIDO,7,0,3,0,5,E,0,1
91446,RIVERSIDE,MORENO VALLEY,3,0,8,1,5,E,0,1
91447,CONTRA COSTA,UNINCORPORATED,5,0,8,1,5,E,1,1
91448,SACRAMENTO,ELK GROVE,2,0,1,1,5,E,0,0
91449,NAPA,UNINCORPORATED,5,0,8,1,5,E,0,1
91450,SONOMA,UNINCORPORATED,4,0,8,1,5,E,0,1
91451,SONOMA,UNINCORPORATED,6,0,8,1,5,E,0,1
91452,NAPA,UNINCORPORATED,7,1,1,1,5,E,0,1
91453,NAPA,UNINCORPORATED,1,0,3,0,5,E,0,0
91454,RIVERSIDE,TEMECULA,3,0,12,1,5,E,0,1
91455,PLACER,ROSEVILLE,1,0,8,0,5,E,1,1
91456,PLACER,UNINCORPORATED,2,0,3,1,5,E,0,0
91457,PLACER,ROSEVILLE,3,0,7,1,5,E,1,1
91458,SAN LUIS OBISPO,UNINCORPORATED,3,1,8,1,5,E,0,1
91459,LOS ANGELES,LOS ANGELES,2,0,7,0,5,E,1,1
91460,CONTRA COSTA,PITTSBURG,1,0,8,0,5,E,0,1
91461,CONTRA COSTA,UNINCORPORATED,6,0,8,1,5,E,0,0
91462,CONTRA COSTA,UNINCORPORATED,7,0,8,1,5,E,0,1
91463,BUTTE,CHICO,3,0,1,0,5,E,1,0
91464,LOS ANGELES,LOS ANGELES,4,0,8,1,5,E,0,0
91465,ORANGE,MISSION VIEJO,5,0,8,1,5,E,0,1
91466,PLACER,UNINCORPORATED,4,0,1,1,4,E,0,0
91467,LOS ANGELES,LONG BEACH,6,0,8,1,5,E,0,1
91468,MENDOCINO,UNINCORPORATED,1,0,3,0,5,E,1,1
91469,ORANGE,SAN JUAN CAPISTRANO,2,0,8,1,5,E,0,0
91470,ORANGE,ORANGE,1,0,1,1,5,E,0,0
91471,HUMBOLDT,UNINCORPORATED,2,0,8,1,5,E,1,1
91472,SANTA CLARA,SAN JOSE,5,0,8,1,5,E,1,1
91473,SANTA CLARA,SAN JOSE,4,0,8,1,5,E,1,0
91474,SISKIYOU,UNINCORPORATED,5,0,8,1,5,E,0,1
91475,RIVERSIDE,RIVERSIDE,3,0,8,1,5,E,1,0
91476,RIVERSIDE,RIVERSIDE,2,0,7,1,5,E,1,1
91477,SONOMA,SANTA ROSA,6,0,1,1,5,E,0,0
91478,SONOMA,UNINCORPORATED,5,0,8,1,5,E,1,1
91479,SONOMA,UNINCORPORATED,5,0,1,0,5,E,1,1
91480,SAN DIEGO,SAN DIEGO,5,1,8,0,5,E,1,0
91481,ORANGE,IRVINE,4,0,1,1,5,E,0,0
91482,LOS ANGELES,COMPTON,5,0,8,1,4,E,0,1
91483,LOS ANGELES,LOS ANGELES,2,0,1,1,5,E,0,0
91484,TULARE,UNINCORPORATED,5,1,1,1,5,E,1,1
91485,TULARE,UNINCORPORATED,7,1,8,1,5,E,1,1
91486,SOLANO,VACAVILLE,1,0,1,1,5,E,1,0
91487,TULARE,UNINCORPORATED,6,0,8,1,5,E,1,1
91488,LOS ANGELES,LOS ANGELES,4,0,3,1,5,E,0,0
91489,TRINITY,UNINCORPORATED,1,0,8,0,5,E,1,1
91490,SOLANO,UNINCORPORATED,6,0,8,1,5,E,1,1
91491,LOS ANGELES,LOS ANGELES,6,0,1,1,5,E,0,0
91492,LOS ANGELES,LOS ANGELES,4,0,9,1,5,E,0,1
91493,VENTURA,THOUSAND OAKS,4,0,8,1,5,E,0,1
91494,YOLO,DAVIS,7,1,8,1,5,E,1,1
91495,LOS ANGELES,LOS ANGELES,2,0,3,1,5,E,0,0
91496,IMPERIAL,UNINCORPORATED,6,0,1,1,5,E,0,1
91497,IMPERIAL,UNINCORPORATED,5,0,8,1,5,E,1,0
91498,LOS ANGELES,LOS ANGELES,5,0,1,1,5,E,0,1
91499,MONTEREY,UNINCORPORATED,3,0,8,1,5,E,1,1
91500,MONTEREY,UNINCORPORATED,3,1,3,0,5,E,1,1
91501,SAN BERNARDINO,SAN BERNARDINO,4,0,3,1,3,E,0,1
91502,MONTEREY,UNINCORPORATED,1,0,8,1,5,E,0,1
91503,SAN BERNARDINO,SAN BERNARDINO,1,0,8,1,3,E,0,0
91504,SAN DIEGO,SAN DIEGO,4,1,3,1,5,E,0,1
91505,LOS ANGELES,LOS ANGELES,1,0,3,1,5,E,0,1
91506,ORANGE,IRVINE,2,0,3,1,5,E,0,1
91507,SANTA CLARA,SANTA CLARA,7,0,1,1,5,E,0,0
91508,ORANGE,IRVINE,1,0,3,1,5,E,0,1
91509,ORANGE,COSTA MESA,1,0,1,1,5,E,0,0
91510,SANTA CRUZ,UNINCORPORATED,5,0,1,1,5,E,0,0
91511,MONTEREY,UNINCORPORATED,7,0,1,1,6,E,1,0
91512,MONTEREY,UNINCORPORATED,7,0,3,0,6,E,1,0
91513,SAN DIEGO,SAN DIEGO,2,0,8,1,6,E,0,0
91514,LOS ANGELES,SANTA MONICA,5,0,8,0,6,E,0,1
91515,LOS ANGELES,LOS ANGELES,2,0,3,0,6,E,0,1
91516,ORANGE,COSTA MESA,6,0,1,0,6,E,0,1
91517,SAN DIEGO,SAN DIEGO,4,0,3,0,6,E,0,1
91518,SANTA CRUZ,UNINCORPORATED,7,0,1,1,6,E,0,0
91519,SAN BERNARDINO,REDLANDS,4,0,8,1,2,E,0,0
91520,RIVERSIDE,MORENO VALLEY,6,0,1,1,5,E,1,1
91521,NAPA,UNINCORPORATED,2,0,8,1,3,E,0,1
91522,KERN,RIDGECREST,6,1,3,1,3,E,0,1
91523,SAN BERNARDINO,REDLANDS,5,0,8,0,3,E,0,1
91524,ALAMEDA,SAN LEANDRO,7,0,8,0,6,E,1,0
91525,SAN DIEGO,LEMON GROVE,1,0,1,1,6,E,1,0
91526,LOS ANGELES,NORWALK,7,0,8,1,6,E,0,0
91527,RIVERSIDE,PERRIS,7,0,8,1,6,E,1,1
91528,KERN,UNINCORPORATED,7,1,8,1,6,E,1,1
91529,LOS ANGELES,LOS ANGELES,4,1,3,1,6,E,0,1
91530,LOS ANGELES,COMPTON,6,1,8,1,6,E,0,0
91531,IMPERIAL,UNINCORPORATED,1,0,8,1,6,E,1,1
91532,ORANGE,SAN JUAN CAPISTRANO,2,1,1,1,6,E,1,0
91533,LOS ANGELES,DOWNEY,4,0,3,1,6,E,0,1
91534,SHASTA,UNINCORPORATED,2,0,8,1,6,E,1,1
91535,SISKIYOU,UNINCORPORATED,5,0,8,1,6,E,1,0
91536,MARIN,SAN RAFAEL,2,0,1,0,6,E,0,0
91537,CONTRA COSTA,CONCORD,6,0,8,1,6,E,0,0
91538,VENTURA,CAMARILLO,5,1,1,1,5,E,0,0
91539,VENTURA,THOUSAND OAKS,1,0,8,1,5,E,1,0
91540,STANISLAUS,MODESTO,4,0,1,1,5,E,0,0
91541,LOS ANGELES,INDUSTRY,5,0,3,1,5,E,0,0
91542,VENTURA,MOORPARK,7,0,1,1,5,E,1,0
91543,SAN LUIS OBISPO,UNINCORPORATED,1,0,1,0,5,E,0,0
91544,IMPERIAL,UNINCORPORATED,1,0,1,1,5,E,1,1
91545,MENDOCINO,UNINCORPORATED,2,0,3,0,5,E,0,1
91546,SOLANO,VACAVILLE,2,0,8,1,6,E,1,1
91547,SAN MATEO,REDWOOD CITY,7,0,3,1,6,E,0,1
91548,TULARE,UNINCORPORATED,1,0,8,1,6,E,1,1
91549,SAN DIEGO,LA MESA,2,0,7,1,6,E,1,1
91550,LOS ANGELES,PASADENA,1,0,8,1,3,E,1,1
91551,LOS ANGELES,LOS ANGELES,7,0,1,0,6,E,1,0
91552,LOS ANGELES,PARAMOUNT,7,0,8,1,3,E,0,0
91553,RIVERSIDE,CATHEDRAL CITY,2,0,1,1,3,E,0,0
91554,LOS ANGELES,LOS ANGELES,3,0,1,1,6,E,1,0
91555,RIVERSIDE,RIVERSIDE,7,0,8,1,6,E,1,1
91556,RIVERSIDE,CORONA,2,0,3,1,6,E,0,1
91557,LAKE,UNINCORPORATED,1,0,8,1,6,E,1,1
91558,NAPA,UNINCORPORATED,3,0,1,1,6,E,1,1
91559,SONOMA,UNINCORPORATED,5,0,3,1,5,E,0,0
91560,INYO,UNINCORPORATED,7,1,8,1,5,E,1,1
91561,ORANGE,MISSION VIEJO,5,0,8,1,5,E,1,0
91562,SONOMA,UNINCORPORATED,5,0,3,1,5,E,0,1
91563,SOLANO,UNINCORPORATED,3,0,7,1,5,E,1,1
91564,SAN FRANCISCO,SAN FRANCISCO,1,0,1,1,6,E,0,1
91565,SAN MATEO,MENLO PARK,2,0,1,1,6,E,0,1
91566,CONTRA COSTA,PITTSBURG,4,0,8,1,6,E,0,1
91567,CONTRA COSTA,CONCORD,1,1,1,0,6,E,0,0
91568,SAN FRANCISCO,SAN FRANCISCO,5,0,8,1,6,E,1,1
91569,CONTRA COSTA,CONCORD,3,0,8,1,6,E,0,1
91570,CONTRA COSTA,UNINCORPORATED,5,0,8,1,6,E,1,0
91571,SAN MATEO,SAN BRUNO,7,1,3,0,6,E,0,1
91572,SAN DIEGO,ESCONDIDO,2,0,8,1,6,E,0,1
91573,SACRAMENTO,SACRAMENTO,4,0,8,0,5,E,1,1
91574,SAN FRANCISCO,SAN FRANCISCO,2,1,1,0,1,E,0,1
91575,LOS ANGELES,LOS ANGELES,6,0,3,1,6,E,0,1
91576,SAN FRANCISCO,SAN FRANCISCO,7,0,12,1,1,E,0,1
91577,SAN FRANCISCO,SAN FRANCISCO,5,0,3,1,1,E,0,0
91578,LOS ANGELES,INGLEWOOD,4,0,3,1,1,E,0,0
91579,SAN FRANCISCO,SAN FRANCISCO,6,1,8,1,1,E,0,1
91580,LOS ANGELES,LOS ANGELES,4,0,3,1,5,E,0,1
91581,SUTTER,UNINCORPORATED,3,0,1,1,5,E,0,1
91582,SAN LUIS OBISPO,SAN LUIS OBISPO,3,0,8,1,5,E,0,1
91583,PLACER,UNINCORPORATED,6,0,1,1,5,E,0,1
91584,ORANGE,DANA POINT,5,0,8,1,5,E,1,1
91585,SUTTER,UNINCORPORATED,6,1,1,1,5,E,0,1
91586,YUBA,UNINCORPORATED,2,0,8,1,5,E,1,1
91587,CONTRA COSTA,UNINCORPORATED,7,0,1,1,5,E,1,0
91588,LOS ANGELES,LOS ANGELES,2,0,1,1,5,E,1,0
91589,LOS ANGELES,LOS ANGELES,7,0,8,1,5,E,1,1
91590,LOS ANGELES,LOS ANGELES,5,1,8,1,5,E,1,1
91591,LOS ANGELES,LANCASTER,4,0,3,1,5,E,0,1
91592,LOS ANGELES,LOS ANGELES,6,0,7,1,5,E,0,1
91593,LOS ANGELES,LOS ANGELES,5,0,3,0,5,E,0,0
91594,ALAMEDA,OAKLAND,2,0,8,0,5,E,1,1
91595,ALAMEDA,OAKLAND,6,0,8,1,5,E,1,1
91596,LOS ANGELES,LOS ANGELES,4,0,3,1,5,E,0,1
91597,LOS ANGELES,LOS ANGELES,5,0,12,1,5,E,0,1
91598,LOS ANGELES,ARCADIA,3,0,8,1,6,E,0,1
91599,IMPERIAL,BRAWLEY,3,0,3,1,5,E,1,0
91600,SAN DIEGO,CHULA VISTA,6,0,8,1,6,E,0,1
91601,ORANGE,ANAHEIM,5,0,1,1,5,E,0,0
91602,SONOMA,UNINCORPORATED,7,0,8,1,6,E,0,1
91603,FRESNO,REEDLEY,7,0,8,1,6,E,0,0
91604,SAN JOAQUIN,UNINCORPORATED,7,0,8,1,6,E,0,1
91605,SAN JOAQUIN,UNINCORPORATED,2,0,8,1,6,E,1,0
91606,SAN JOAQUIN,UNINCORPORATED,7,0,1,1,6,E,1,0
91607,NAPA,UNINCORPORATED,2,1,3,1,6,E,1,1
91608,CONTRA COSTA,MARTINEZ,2,0,8,1,5,E,0,1
91609,ORANGE,ANAHEIM,5,0,8,1,5,E,0,1
91610,SONOMA,UNINCORPORATED,3,0,1,1,6,E,0,1
91611,SAN LUIS OBISPO,PASO ROBLES,6,0,8,1,6,E,1,1
91612,ORANGE,NEWPORT BEACH,4,0,1,1,6,E,0,0
91613,LAKE,UNINCORPORATED,7,1,8,1,6,E,1,0
91614,LOS ANGELES,LOS ANGELES,6,1,1,1,6,E,0,1
91615,MONTEREY,UNINCORPORATED,6,0,8,1,6,E,1,1
91616,ORANGE,NEWPORT BEACH,1,0,3,1,6,E,0,0
91617,SAN BENITO,UNINCORPORATED,7,0,8,1,6,E,1,1
91618,SAN DIEGO,SAN DIEGO,6,0,8,1,6,E,0,1
91619,KINGS,HANFORD,7,0,1,1,6,E,0,0
91620,TULARE,UNINCORPORATED,7,0,1,1,6,E,0,1
91621,ORANGE,ANAHEIM,7,0,8,1,6,E,1,1
91622,RIVERSIDE,TEMECULA,2,0,3,0,6,E,1,1
91623,HUMBOLDT,UNINCORPORATED,7,0,8,0,6,E,1,1
91624,YUBA,UNINCORPORATED,2,1,8,1,6,E,1,1
91625,KERN,BAKERSFIELD,4,0,8,1,6,E,0,0
91626,KERN,UNINCORPORATED,1,0,8,1,6,E,0,1
91627,KERN,UNINCORPORATED,7,1,1,1,6,E,1,0
91628,ORANGE,COSTA MESA,5,0,1,1,6,E,0,1
91629,SAN BERNARDINO,CHINO,5,0,1,0,4,E,1,0
91630,TUOLUMNE,UNINCORPORATED,4,0,8,1,6,E,1,1
91631,DEL NORTE,UNINCORPORATED,3,0,3,0,5,E,0,0
91632,ORANGE,FULLERTON,5,0,1,0,1,E,0,0
91633,ALAMEDA,HAYWARD,4,1,1,1,2,E,0,0
91634,SAN BERNARDINO,ONTARIO,2,0,1,1,4,E,1,0
91635,MARIN,NOVATO,5,0,8,0,4,E,0,0
91636,SONOMA,UNINCORPORATED,4,0,8,1,6,E,1,1
91637,LOS ANGELES,LA MIRADA,5,0,1,1,5,E,0,0
91638,SONOMA,SANTA ROSA,1,0,8,1,6,E,1,0
91639,ORANGE,ANAHEIM,5,0,1,1,6,E,0,0
91640,ORANGE,IRVINE,6,1,3,1,5,E,0,0
91641,SAN DIEGO,NATIONAL CITY,5,0,8,1,5,E,1,0
91642,NAPA,UNINCORPORATED,7,0,8,1,6,E,0,0
91643,KERN,BAKERSFIELD,2,0,1,1,6,E,0,1
91644,SAN DIEGO,NATIONAL CITY,3,0,3,1,6,E,0,1
91645,MARIN,BELVEDERE,6,0,1,1,6,E,0,0
91646,SONOMA,UNINCORPORATED,5,0,8,1,6,E,0,1
91647,SONOMA,UNINCORPORATED,6,0,8,1,6,E,1,1
91648,SONOMA,UNINCORPORATED,1,1,8,0,6,E,1,1
91649,ALAMEDA,OAKLAND,7,0,1,1,6,E,1,0
91650,SAN MATEO,UNINCORPORATED,1,0,8,1,6,E,1,1
91651,ORANGE,HUNTINGTON BEACH,7,1,1,1,6,E,0,1
91652,KERN,UNINCORPORATED,3,0,8,1,6,E,1,0
91653,ORANGE,ANAHEIM,6,0,8,1,6,E,0,0
91654,TEHAMA,UNINCORPORATED,7,0,8,1,6,E,1,1
91655,TEHAMA,UNINCORPORATED,7,0,1,1,6,E,0,0
91656,SAN DIEGO,SAN DIEGO,6,0,8,1,6,E,0,0
91657,SAN DIEGO,SAN DIEGO,4,0,8,1,6,E,0,1
91658,SANTA CRUZ,UNINCORPORATED,7,0,1,1,6,E,0,1
91659,LOS ANGELES,LOS ANGELES,1,1,7,0,4,E,1,0
91660,LOS ANGELES,LOS ANGELES,6,0,8,1,4,E,1,0
91661,LOS ANGELES,SANTA FE SPRINGS,7,0,1,1,6,E,0,0
91662,FRESNO,UNINCORPORATED,1,0,8,1,6,E,0,1
91663,SAN DIEGO,SAN MARCOS,4,1,1,1,6,E,1,0
91664,GLENN,UNINCORPORATED,1,0,8,1,6,E,1,1
91665,TRINITY,UNINCORPORATED,1,0,8,1,6,E,1,1
91666,SAN DIEGO,VISTA,4,0,3,0,6,E,1,1
91667,KERN,UNINCORPORATED,4,0,8,1,6,E,1,1
91668,TULARE,UNINCORPORATED,3,0,8,1,6,E,0,0
91669,SAN MATEO,UNINCORPORATED,5,0,8,1,5,E,1,1
91670,SAN FRANCISCO,SAN FRANCISCO,3,0,3,0,3,E,0,1
91671,SAN MATEO,UNINCORPORATED,2,0,8,1,5,E,0,1
91672,ALAMEDA,UNION CITY,1,0,3,1,4,E,0,0
91673,SACRAMENTO,SACRAMENTO,7,0,8,1,5,E,1,1
91674,LOS ANGELES,GLENDORA,4,0,3,1,5,E,1,1
91675,SANTA CLARA,SAN JOSE,7,0,8,1,5,E,1,1
91676,SANTA CLARA,SAN JOSE,1,0,8,1,5,E,1,1
91677,SANTA CLARA,SAN JOSE,5,1,8,1,5,E,1,1
91678,SANTA CLARA,SAN JOSE,6,0,8,1,5,E,1,0
91679,TRINITY,UNINCORPORATED,1,0,8,0,5,E,1,1
91680,SACRAMENTO,SACRAMENTO,2,1,8,1,5,E,1,1
91681,LOS ANGELES,SANTA CLARITA,4,0,3,1,5,E,0,1
91682,TRINITY,UNINCORPORATED,2,0,8,0,5,E,1,0
91683,KERN,UNINCORPORATED,2,0,8,1,6,E,1,0
91684,LOS ANGELES,LAKEWOOD,7,0,1,1,4,E,0,1
91685,SAN BERNARDINO,REDLANDS,2,0,8,0,2,E,0,1
91686,SAN LUIS OBISPO,PISMO BEACH,1,0,8,1,6,E,1,1
91687,KINGS,UNINCORPORATED,3,0,8,1,6,E,0,0
91688,SONOMA,WINDSOR,2,0,3,1,6,E,1,0
91689,SONOMA,UNINCORPORATED,7,0,8,1,6,E,0,1
91690,SAN LUIS OBISPO,UNINCORPORATED,6,0,8,1,6,E,0,1
91691,LOS ANGELES,LANCASTER,6,0,8,1,6,E,0,1
91692,SACRAMENTO,SACRAMENTO,1,0,1,1,6,E,0,0
91693,HUMBOLDT,UNINCORPORATED,7,1,8,1,6,E,1,1
91694,SAN LUIS OBISPO,SAN LUIS OBISPO,4,0,8,1,6,E,0,1
91695,HUMBOLDT,UNINCORPORATED,3,0,8,1,6,E,1,0
91696,LOS ANGELES,LANCASTER,7,0,1,1,6,E,0,0
91697,LOS ANGELES,LOS ANGELES,1,0,1,1,6,E,0,1
91698,SONOMA,PETALUMA,7,0,1,1,6,E,1,0
91699,ORANGE,MISSION VIEJO,6,1,1,1,5,E,0,0
91700,ORANGE,DANA POINT,4,0,8,1,5,E,0,1
91701,LOS ANGELES,LOS ANGELES,5,0,8,1,5,E,0,1
91702,TEHAMA,UNINCORPORATED,5,0,8,1,6,E,1,1
91703,KERN,BAKERSFIELD,5,0,8,1,5,E,0,0
91704,TEHAMA,UNINCORPORATED,6,0,1,1,6,E,0,0
91705,YUBA,UNINCORPORATED,7,0,1,1,4,E,0,0
91706,SANTA CLARA,SAN JOSE,5,0,8,1,5,E,1,1
91707,SAN DIEGO,SAN DIEGO,7,1,8,0,4,E,1,0
91708,KINGS,UNINCORPORATED,6,0,1,1,5,E,0,0
91709,SAN BERNARDINO,APPLE VALLEY,1,1,1,1,5,E,1,1
91710,SAN DIEGO,CHULA VISTA,6,1,1,1,3,E,0,0
91711,KERN,RIDGECREST,5,0,1,1,3,E,0,0
91712,RIVERSIDE,LAKE ELSINORE,5,0,3,1,2,E,0,1
91713,SOLANO,VALLEJO,1,0,8,0,6,E,1,1
91714,SOLANO,BENICIA,1,0,3,0,6,E,1,1
91715,SAN LUIS OBISPO,SAN LUIS OBISPO,4,0,1,1,7,E,0,1
91716,SONOMA,UNINCORPORATED,3,0,1,1,6,E,0,1
91717,SAN DIEGO,ENCINITAS,6,0,8,1,6,E,1,1
91718,SONOMA,PETALUMA,5,0,1,1,6,E,0,1
91719,ORANGE,SAN CLEMENTE,3,1,7,1,6,E,1,1
91720,IMPERIAL,UNINCORPORATED,5,1,3,1,6,E,1,1
91721,ORANGE,COSTA MESA,2,0,1,1,6,E,0,1
91722,IMPERIAL,UNINCORPORATED,3,0,8,1,6,E,1,1
91723,ORANGE,MISSION VIEJO,5,1,3,1,6,E,0,1
91724,MADERA,UNINCORPORATED,6,0,8,1,6,E,1,0
91725,MADERA,MADERA,6,0,7,1,6,E,1,1
91726,LOS ANGELES,PALMDALE,6,0,8,1,6,E,0,1
91727,LAKE,UNINCORPORATED,4,0,1,1,6,E,1,0
91728,LOS ANGELES,WEST COVINA,3,0,8,1,6,E,1,1
91729,SAN LUIS OBISPO,ATASCADERO,3,0,1,1,6,E,0,0
91730,LOS ANGELES,DIAMOND BAR,2,0,1,1,6,E,1,0
91731,LOS ANGELES,POMONA,3,0,8,1,6,E,1,0
91732,SANTA CLARA,SAN JOSE,5,0,3,1,6,E,0,0
91733,LOS ANGELES,DIAMOND BAR,7,0,1,1,6,E,1,1
91734,LOS ANGELES,DUARTE,6,1,8,1,6,E,1,1
91735,SANTA CLARA,SAN JOSE,5,0,8,1,6,E,0,0
91736,SACRAMENTO,SACRAMENTO,1,0,7,0,5,E,1,0
91737,CONTRA COSTA,DANVILLE,1,0,8,1,5,E,1,1
91738,LOS ANGELES,LOS ANGELES,4,1,3,1,5,E,0,1
91739,RIVERSIDE,RIVERSIDE,6,0,1,1,6,E,1,1
91740,RIVERSIDE,MURRIETA,5,0,8,0,6,E,1,1
91741,ALAMEDA,PLEASANTON,5,0,8,1,5,E,0,0
91742,ORANGE,TUSTIN,2,0,7,1,5,E,1,1
91743,ORANGE,ANAHEIM,6,0,8,1,5,E,1,0
91744,ORANGE,COSTA MESA,5,0,8,1,5,E,1,0
91745,SAN DIEGO,LA MESA,4,0,8,1,5,E,1,0
91746,VENTURA,THOUSAND OAKS,3,0,3,1,5,E,1,1
91747,LOS ANGELES,COVINA,3,0,3,1,5,E,0,1
91748,COLUSA,UNINCORPORATED,5,0,8,1,6,E,1,1
91749,TULARE,UNINCORPORATED,3,0,8,1,6,E,1,0
91750,SUTTER,UNINCORPORATED,5,0,8,1,6,E,0,1
91751,ORANGE,ORANGE,7,0,1,1,6,E,0,0
91752,VENTURA,THOUSAND OAKS,2,1,8,1,6,E,0,0
91753,SAN BERNARDINO,FONTANA,2,0,3,1,6,E,0,1
91754,SACRAMENTO,SACRAMENTO,4,0,8,1,4,E,1,1
91755,VENTURA,THOUSAND OAKS,3,0,8,1,6,E,0,0
91756,TUOLUMNE,UNINCORPORATED,3,0,1,1,5,E,0,1
91757,LOS ANGELES,SOUTH PASADENA,5,0,8,1,5,E,1,1
91758,SANTA CLARA,LOS GATOS,6,0,8,1,5,E,0,1
91759,CONTRA COSTA,SAN PABLO,7,0,8,1,6,E,1,0
91760,PLACER,UNINCORPORATED,1,1,8,1,6,E,1,1
91761,PLUMAS,UNINCORPORATED,4,0,8,1,6,E,1,0
91762,PLUMAS,UNINCORPORATED,3,0,1,1,6,E,0,0
91763,ORANGE,FULLERTON,2,0,8,1,5,E,0,1
91764,KERN,UNINCORPORATED,1,0,8,1,6,E,1,1
91765,KERN,BAKERSFIELD,5,0,8,1,5,E,0,1
91766,KERN,UNINCORPORATED,3,1,8,1,6,E,0,1
91767,LOS ANGELES,LOS ANGELES,3,1,8,1,6,E,0,0
91768,ORANGE,DANA POINT,1,0,1,1,6,E,0,1
91769,KERN,BAKERSFIELD,4,0,1,1,6,E,0,0
91770,CONTRA COSTA,UNINCORPORATED,7,0,8,0,6,E,0,1
91771,MERCED,UNINCORPORATED,6,0,8,1,6,E,1,1
91772,MERCED,UNINCORPORATED,7,0,8,1,6,E,1,1
91773,MERCED,UNINCORPORATED,7,0,3,0,6,E,1,1