ID,County,City,Weekday,Severity,ViolCat,ClearWeather,Month,CrashType,Highway,Daylight
94117,LOS ANGELES,LOS ANGELES,2,0,8,1,7,E,1,1
94118,SACRAMENTO,SACRAMENTO,1,0,8,0,7,E,1,1
94119,SAN MATEO,UNINCORPORATED,1,0,1,0,7,E,0,0
94120,LOS ANGELES,POMONA,3,0,8,1,7,E,0,0
94121,VENTURA,OXNARD,7,0,1,1,7,E,1,0
94122,STANISLAUS,TURLOCK,7,0,8,1,7,E,0,1
94123,LOS ANGELES,SAN DIMAS,3,0,8,1,7,E,1,0
94124,VENTURA,UNINCORPORATED,3,0,8,1,7,E,1,0
94125,SANTA CLARA,MOUNTAIN VIEW,3,0,8,1,7,E,1,0
94126,LOS ANGELES,WEST COVINA,3,0,1,1,7,E,0,0
94127,SAN MATEO,MENLO PARK,7,0,8,1,7,E,1,0
94128,SAN BERNARDINO,SAN BERNARDINO,3,0,8,1,6,E,1,0
94129,SAN BERNARDINO,SAN BERNARDINO,5,1,8,1,6,E,1,1
94130,SAN BERNARDINO,COLTON,2,0,1,1,6,E,1,1
94131,ORANGE,HUNTINGTON BEACH,2,0,9,1,7,E,0,1
94132,STANISLAUS,TURLOCK,3,0,8,1,8,E,0,0
94133,VENTURA,OXNARD,7,0,3,1,8,E,0,1
94134,MENDOCINO,UNINCORPORATED,4,0,8,1,8,E,0,1
94135,MENDOCINO,UNINCORPORATED,4,0,1,1,8,E,1,0
94136,SAN JOAQUIN,UNINCORPORATED,4,0,8,1,8,E,0,1
94137,MONTEREY,UNINCORPORATED,7,0,8,0,8,E,0,1
94138,SAN JOAQUIN,LODI,3,0,8,1,8,E,0,1
94139,SAN JOAQUIN,TRACY,1,0,8,1,8,E,0,0
94140,IMPERIAL,UNINCORPORATED,1,0,8,1,8,E,0,1
94141,CONTRA COSTA,RICHMOND,5,0,8,1,8,E,1,1
94142,MONTEREY,UNINCORPORATED,5,0,1,0,8,E,0,0
94143,MONTEREY,UNINCORPORATED,1,0,1,1,8,E,0,0
94144,MONTEREY,UNINCORPORATED,6,0,8,1,8,E,1,1
94145,MONTEREY,UNINCORPORATED,7,0,3,0,8,E,0,1
94146,MONTEREY,UNINCORPORATED,1,0,1,0,8,E,0,0
94147,ORANGE,SANTA ANA,1,0,8,0,8,E,0,1
94148,VENTURA,VENTURA,7,0,8,1,8,E,0,1
94149,SONOMA,SONOMA,6,1,1,1,8,E,0,0
94150,MENDOCINO,UNINCORPORATED,6,0,8,0,8,E,1,1
94151,LOS ANGELES,CALABASAS,3,0,3,1,8,E,0,1
94152,SAN MATEO,BELMONT,7,0,8,1,8,E,0,1
94153,LOS ANGELES,LOS ANGELES,7,1,3,1,8,E,0,1
94154,LOS ANGELES,LOS ANGELES,1,0,8,1,8,E,1,1
94155,SANTA CLARA,SAN JOSE,5,0,8,0,8,E,1,1
94156,LOS ANGELES,HERMOSA BEACH,1,0,3,1,8,E,0,0
94157,SAN FRANCISCO,SAN FRANCISCO,6,1,1,1,8,E,1,0
94158,SAN FRANCISCO,SAN FRANCISCO,4,0,8,0,8,E,1,1
94159,ORANGE,MISSION VIEJO,6,0,1,1,8,E,0,1
94160,RIVERSIDE,RIVERSIDE,6,0,1,1,8,E,0,0
94161,RIVERSIDE,RIVERSIDE,5,0,1,1,8,E,0,1
94162,SANTA CLARA,MOUNTAIN VIEW,6,0,8,1,8,E,1,1
94163,SAN MATEO,MENLO PARK,4,0,8,1,8,E,1,1
94164,LOS ANGELES,CARSON,4,0,3,1,6,E,0,1
94165,TULARE,UNINCORPORATED,5,0,8,1,8,E,0,0
94166,TULARE,UNINCORPORATED,4,0,1,1,8,E,0,0
94167,TULARE,UNINCORPORATED,7,0,1,1,8,E,0,1
94168,TULARE,UNINCORPORATED,5,0,9,1,8,E,0,1
94169,SAN JOAQUIN,STOCKTON,1,1,3,1,7,E,0,0
94170,RIVERSIDE,RANCHO MIRAGE,3,0,1,1,4,E,0,0
94171,SAN JOAQUIN,STOCKTON,3,0,8,1,7,E,1,1
94172,CONTRA COSTA,UNINCORPORATED,3,0,8,0,8,E,0,1
94173,NEVADA,GRASS VALLEY,5,0,1,1,8,E,0,1
94174,NEVADA,UNINCORPORATED,3,0,8,1,7,E,1,1
94175,SAN JOAQUIN,UNINCORPORATED,7,0,1,1,7,E,1,0
94176,SAN JOAQUIN,UNINCORPORATED,6,0,1,1,7,E,0,1
94177,LOS ANGELES,SOUTH GATE,4,0,8,1,7,E,1,1
94178,LOS ANGELES,ALHAMBRA,1,0,8,1,7,E,1,0
94179,AMADOR,UNINCORPORATED,2,0,8,1,8,E,1,0
94180,MONTEREY,MONTEREY,3,0,3,1,8,E,0,1
94181,NEVADA,UNINCORPORATED,5,0,8,1,8,E,1,0
94182,CONTRA COSTA,UNINCORPORATED,4,0,3,1,8,E,0,0
94183,SACRAMENTO,SACRAMENTO,4,0,8,1,8,E,1,1
94184,SAN FRANCISCO,SAN FRANCISCO,1,0,8,1,8,E,1,1
94185,ORANGE,ANAHEIM,6,0,1,1,8,E,0,0
94186,LOS ANGELES,LOS ANGELES,4,0,8,1,8,E,0,0
94187,YOLO,UNINCORPORATED,2,0,8,1,7,E,0,0
94188,YOLO,UNINCORPORATED,6,0,3,1,7,E,0,0
94189,LOS ANGELES,TORRANCE,1,0,1,1,2,E,0,0
94190,LOS ANGELES,GARDENA,4,0,8,1,5,E,0,0
94191,SAN BERNARDINO,ONTARIO,7,0,3,1,6,E,0,1
94192,SAN BENITO,UNINCORPORATED,1,0,1,0,6,E,0,1
94193,LOS ANGELES,LOS ANGELES,3,0,3,1,5,E,0,0
94194,SAN BENITO,UNINCORPORATED,6,0,3,1,8,E,0,1
94195,TRINITY,UNINCORPORATED,1,0,8,1,8,E,1,1
94196,ORANGE,ANAHEIM,7,0,8,0,7,E,1,1
94197,LAKE,UNINCORPORATED,1,0,1,1,7,E,1,1
94198,LOS ANGELES,DIAMOND BAR,7,0,1,0,7,E,0,0
94199,FRESNO,UNINCORPORATED,7,1,1,1,7,E,0,0
94200,SAN BENITO,UNINCORPORATED,3,0,1,1,7,E,0,1
94201,LOS ANGELES,HUNTINGTON PARK,1,0,3,1,8,E,0,1
94202,ALAMEDA,ALAMEDA,3,0,1,0,8,E,0,0
94203,SAN LUIS OBISPO,ATASCADERO,1,0,8,1,8,E,1,1
94204,SAN LUIS OBISPO,UNINCORPORATED,6,0,8,1,8,E,0,0
94205,BUTTE,UNINCORPORATED,6,0,3,1,8,E,0,0
94206,BUTTE,UNINCORPORATED,6,1,1,1,8,E,1,0
94207,BUTTE,UNINCORPORATED,6,0,8,1,8,E,0,1
94208,LOS ANGELES,PASADENA,7,0,3,1,8,E,0,0
94209,ORANGE,PLACENTIA,4,0,8,1,8,E,1,1
94210,ORANGE,COSTA MESA,7,0,8,1,8,E,0,0
94211,ORANGE,TUSTIN,1,0,8,0,8,E,0,1
94212,LOS ANGELES,LOS ANGELES,6,1,8,0,8,E,0,1
94213,LOS ANGELES,LOS ANGELES,4,0,1,1,8,E,1,1
94214,YOLO,UNINCORPORATED,6,1,1,1,8,E,0,1
94215,FRESNO,SELMA,2,0,3,1,8,E,0,0
94216,MARIN,SAN RAFAEL,1,0,3,1,8,E,0,1
94217,LOS ANGELES,LOS ANGELES,1,0,3,1,8,E,0,0
94218,YOLO,UNINCORPORATED,1,0,8,1,8,E,1,1
94219,LOS ANGELES,COMPTON,5,0,1,0,7,E,0,1
94220,LOS ANGELES,SANTA FE SPRINGS,6,0,1,1,7,E,0,0
94221,LOS ANGELES,SANTA FE SPRINGS,4,0,8,1,7,E,0,1
94222,ORANGE,IRVINE,2,1,8,1,7,E,0,0
94223,LOS ANGELES,BALDWIN PARK,6,1,8,1,8,E,1,0
94224,LOS ANGELES,SANTA FE SPRINGS,2,0,1,0,8,E,0,0
94225,LOS ANGELES,LOS ANGELES,5,0,3,1,8,E,0,1
94226,SOLANO,FAIRFIELD,5,0,8,1,8,E,1,1
94227,SOLANO,VACAVILLE,2,0,8,1,8,E,1,1
94228,LOS ANGELES,LOS ANGELES,7,1,3,0,8,E,0,1
94229,LOS ANGELES,COMPTON,6,0,1,0,8,E,0,0
94230,LOS ANGELES,LOS ANGELES,7,0,3,1,8,E,0,1
94231,MARIN,UNINCORPORATED,6,0,1,1,8,E,0,1
94232,LOS ANGELES,LOS ANGELES,7,0,3,1,8,E,0,0
94233,LOS ANGELES,SANTA FE SPRINGS,7,0,8,1,6,E,0,0
94234,SACRAMENTO,SACRAMENTO,7,0,1,0,8,E,0,0
94235,BUTTE,UNINCORPORATED,7,0,12,1,8,E,0,0
94236,LOS ANGELES,COMMERCE,7,0,8,1,7,E,0,1
94237,SACRAMENTO,SACRAMENTO,7,0,8,1,7,E,0,1
94238,SACRAMENTO,SACRAMENTO,4,0,8,1,7,E,1,1
94239,TUOLUMNE,UNINCORPORATED,4,0,1,1,8,E,0,1
94240,TEHAMA,UNINCORPORATED,1,0,8,1,8,E,0,0
94241,SAN DIEGO,OCEANSIDE,1,1,8,1,7,E,0,1
94242,SAN BENITO,UNINCORPORATED,7,0,8,1,7,E,0,0
94243,LOS ANGELES,NORWALK,3,0,3,1,7,E,0,1
94244,LOS ANGELES,WALNUT,2,0,3,1,8,E,0,1
94245,CONTRA COSTA,UNINCORPORATED,7,0,8,1,8,E,1,1
94246,SAN DIEGO,ESCONDIDO,4,0,3,1,8,E,0,0
94247,SAN DIEGO,ENCINITAS,3,0,8,0,8,E,1,1
94248,SAN DIEGO,SAN MARCOS,4,0,8,1,8,E,1,1
94249,LOS ANGELES,LOS ANGELES,5,0,1,1,8,E,1,0
94250,FRESNO,UNINCORPORATED,7,1,1,1,8,E,0,0
94251,FRESNO,UNINCORPORATED,2,0,1,1,8,E,0,1
94252,FRESNO,UNINCORPORATED,5,0,3,1,8,E,0,1
94253,FRESNO,UNINCORPORATED,3,0,1,1,8,E,1,1
94254,FRESNO,UNINCORPORATED,3,0,8,1,8,E,0,1
94255,FRESNO,UNINCORPORATED,3,0,8,1,8,E,0,1
94256,FRESNO,UNINCORPORATED,2,0,3,1,8,E,0,1
94257,FRESNO,UNINCORPORATED,2,0,8,1,8,E,1,1
94258,LOS ANGELES,LOS ANGELES,2,0,8,1,8,E,1,1
94259,MERCED,UNINCORPORATED,3,0,8,1,8,E,0,1
94260,LOS ANGELES,SOUTH GATE,6,0,8,1,8,E,0,0
94261,EL DORADO,UNINCORPORATED,7,0,8,1,8,E,0,0
94262,LOS ANGELES,SANTA MONICA,7,0,3,1,8,E,0,1
94263,LOS ANGELES,SANTA MONICA,7,0,8,1,8,E,0,1
94264,LOS ANGELES,ARCADIA,1,0,7,1,8,E,0,1
94265,SACRAMENTO,SACRAMENTO,2,0,8,0,8,E,0,1
94266,KERN,UNINCORPORATED,7,0,8,1,8,E,0,1
94267,ORANGE,LOS ALAMITOS,6,0,1,1,8,E,1,0
94268,ORANGE,GARDEN GROVE,6,0,8,1,8,E,1,1
94269,MENDOCINO,UNINCORPORATED,3,0,3,1,8,E,1,0
94270,ORANGE,BUENA PARK,7,1,3,1,8,E,1,0
94271,ORANGE,BUENA PARK,5,0,1,1,8,E,1,0
94272,PLUMAS,UNINCORPORATED,7,0,8,1,8,E,1,1
94273,EL DORADO,UNINCORPORATED,4,0,8,1,8,E,1,0
94274,LOS ANGELES,LOS ANGELES,4,0,1,1,8,E,1,0
94275,SAN DIEGO,EL CAJON,2,0,8,1,8,E,0,1
94276,RIVERSIDE,MORENO VALLEY,2,0,8,1,7,E,0,1
94277,MARIN,SAN RAFAEL,7,0,8,0,7,E,0,1
94278,ORANGE,ANAHEIM,7,0,3,1,7,E,0,0
94279,ORANGE,LOS ALAMITOS,6,0,3,1,8,E,0,1
94280,ORANGE,ANAHEIM,6,0,1,1,7,E,1,1
94281,DEL NORTE,UNINCORPORATED,4,0,3,0,8,E,0,1
94282,MERCED,UNINCORPORATED,2,1,8,1,8,E,0,1
94283,SAN MATEO,REDWOOD CITY,7,0,3,1,8,E,0,1
94284,SAN MATEO,UNINCORPORATED,5,0,1,1,8,E,1,0
94285,LOS ANGELES,LOS ANGELES,7,0,3,1,8,E,0,1
94286,ORANGE,COSTA MESA,3,0,3,0,8,E,0,1
94287,VENTURA,UNINCORPORATED,6,0,8,1,8,E,0,1
94288,CALAVERAS,UNINCORPORATED,2,0,8,1,8,E,0,1
94289,VENTURA,UNINCORPORATED,1,0,3,1,8,E,0,1
94290,LOS ANGELES,LOS ANGELES,2,0,1,1,8,E,0,0
94291,HUMBOLDT,UNINCORPORATED,5,0,8,1,8,E,0,0
94292,VENTURA,UNINCORPORATED,3,0,3,1,8,E,0,0
94293,VENTURA,UNINCORPORATED,5,0,8,1,8,E,0,1
94294,LOS ANGELES,LOS ANGELES,1,1,8,0,8,E,0,1
94295,LOS ANGELES,LOS ANGELES,1,0,1,1,8,E,0,0
94296,VENTURA,THOUSAND OAKS,5,0,8,1,8,E,0,1
94297,SAN MATEO,UNINCORPORATED,3,0,1,1,8,E,1,1
94298,MERCED,UNINCORPORATED,3,0,8,1,8,E,1,1
94299,RIVERSIDE,CORONA,7,0,8,1,8,E,1,1
94300,ALAMEDA,PLEASANTON,6,0,8,1,5,E,1,1
94301,SAN BERNARDINO,UPLAND,3,0,8,1,5,E,0,1
94302,SAN BERNARDINO,UPLAND,6,1,3,1,5,E,0,0
94303,SAN BERNARDINO,UPLAND,4,0,1,1,5,E,0,0
94304,MADERA,MADERA,1,0,8,1,7,E,1,1
94305,RIVERSIDE,CORONA,4,0,8,1,7,E,1,0
94306,SAN BERNARDINO,UPLAND,2,0,3,1,5,E,0,1
94307,SAN BERNARDINO,SAN BERNARDINO,2,0,3,0,4,E,0,1
94308,SANTA CLARA,SAN JOSE,1,0,1,0,8,E,1,0
94309,LOS ANGELES,SANTA FE SPRINGS,6,0,1,1,8,E,0,1
94310,SAN LUIS OBISPO,UNINCORPORATED,1,0,8,1,8,E,1,1
94311,LOS ANGELES,SANTA FE SPRINGS,3,0,8,1,8,E,0,1
94312,SANTA CRUZ,UNINCORPORATED,6,1,1,1,8,E,1,0
94313,SANTA CRUZ,UNINCORPORATED,4,0,8,1,8,E,1,0
94314,SANTA CRUZ,UNINCORPORATED,3,0,8,1,8,E,0,1
94315,HUMBOLDT,UNINCORPORATED,6,0,8,1,8,E,1,1
94316,SAN JOAQUIN,STOCKTON,5,0,8,1,8,E,0,1
94317,SAN DIEGO,OCEANSIDE,4,0,3,1,8,E,1,1
94318,VENTURA,CAMARILLO,5,0,1,1,8,E,0,0
94319,SANTA CLARA,SANTA CLARA,5,0,1,0,8,E,1,0
94320,SAN MATEO,BURLINGAME,1,1,7,1,8,E,1,1
94321,PLACER,UNINCORPORATED,6,0,1,1,8,E,0,0
94322,SAN DIEGO,OCEANSIDE,7,0,3,1,8,E,1,1
94323,MADERA,UNINCORPORATED,4,0,8,1,8,E,0,0
94324,SANTA CLARA,PALO ALTO,3,1,1,1,8,E,1,0
94325,PLACER,UNINCORPORATED,6,0,8,1,8,E,1,1
94326,ORANGE,GARDEN GROVE,6,0,1,1,8,E,1,0
94327,LOS ANGELES,LOS ANGELES,5,0,1,1,8,E,0,0
94328,ORANGE,LAKE FOREST,1,0,8,1,8,E,0,1
94329,SAN DIEGO,OCEANSIDE,2,0,8,1,8,E,0,0
94330,SANTA CLARA,SAN JOSE,4,0,8,1,8,E,1,1
94331,LOS ANGELES,CERRITOS,7,0,3,0,8,E,0,0
94332,SANTA CLARA,MILPITAS,6,0,7,1,8,E,1,1
94333,SANTA CLARA,SAN JOSE,6,0,1,1,8,E,0,0
94334,KERN,TAFT,3,0,1,1,8,E,0,0
94335,SANTA CLARA,SANTA CLARA,5,0,8,1,8,E,0,1
94336,NEVADA,TRUCKEE,1,0,8,1,8,E,0,0
94337,SANTA CLARA,SAN JOSE,1,0,1,1,8,E,0,0
94338,SANTA CLARA,SAN JOSE,2,0,8,1,8,E,1,1
94339,SANTA CRUZ,UNINCORPORATED,7,0,8,1,8,E,1,1
94340,SANTA CLARA,SAN JOSE,1,0,8,1,8,E,1,1
94341,SAN DIEGO,SAN MARCOS,4,1,1,1,8,E,1,0
94342,LOS ANGELES,LOS ANGELES,3,0,3,1,8,E,0,0
94343,SANTA CLARA,SAN JOSE,5,0,8,1,8,E,1,1
94344,SANTA CRUZ,UNINCORPORATED,2,1,1,1,8,E,0,1
94345,SANTA CRUZ,UNINCORPORATED,7,0,1,1,8,E,0,0
94346,SANTA CLARA,SAN JOSE,6,0,7,1,8,E,0,1
94347,PLACER,AUBURN,1,0,8,1,8,E,1,1
94348,BUTTE,UNINCORPORATED,6,0,8,1,8,E,0,1
94349,LOS ANGELES,SANTA MONICA,4,0,1,1,9,E,0,0
94350,SANTA CLARA,SANTA CLARA,7,0,1,1,9,E,0,0
94351,SAN JOAQUIN,UNINCORPORATED,6,1,1,1,8,E,0,0
94352,KINGS,HANFORD,5,0,3,1,9,E,0,0
94353,VENTURA,CAMARILLO,6,0,1,1,7,E,0,0
94354,SAN DIEGO,LA MESA,7,0,3,1,9,E,0,1
94355,BUTTE,UNINCORPORATED,5,0,1,1,9,E,0,1
94356,ORANGE,GARDEN GROVE,1,0,8,1,9,E,1,1
94357,BUTTE,UNINCORPORATED,4,0,8,1,9,E,1,1
94358,SONOMA,HEALDSBURG,7,1,3,1,8,E,0,1
94359,SAN LUIS OBISPO,UNINCORPORATED,4,0,3,1,8,E,1,1
94360,SOLANO,BENICIA,5,0,8,1,8,E,1,1
94361,FRESNO,UNINCORPORATED,1,0,3,1,8,E,0,0
94362,KERN,BAKERSFIELD,7,0,3,1,8,E,0,0
94363,SHASTA,UNINCORPORATED,4,0,8,1,8,E,1,1
94364,SHASTA,REDDING,4,0,8,1,8,E,0,1
94365,LOS ANGELES,LOS ANGELES,4,0,1,1,8,E,0,0
94366,BUTTE,UNINCORPORATED,7,0,8,1,7,E,1,1
94367,SOLANO,VACAVILLE,2,0,8,1,5,E,0,0
94368,TULARE,PORTERVILLE,6,0,8,1,7,E,0,1
94369,CONTRA COSTA,PINOLE,7,0,3,1,7,E,0,1
94370,LOS ANGELES,LOS ANGELES,3,0,3,1,7,E,0,0
94371,SACRAMENTO,ELK GROVE,6,0,7,1,7,E,1,1
94372,SOLANO,UNINCORPORATED,7,0,3,1,7,E,0,1
94373,SOLANO,UNINCORPORATED,6,0,8,1,7,E,0,1
94374,SAN DIEGO,OCEANSIDE,7,0,3,1,7,E,0,1
94375,KERN,BAKERSFIELD,5,0,1,1,7,E,0,0
94376,LOS ANGELES,LOS ANGELES,5,0,8,1,7,E,0,0
94377,LOS ANGELES,AGOURA HILLS,2,0,8,1,7,E,1,1
94378,RIVERSIDE,RIVERSIDE,5,0,1,1,8,E,1,0
94379,LOS ANGELES,DIAMOND BAR,7,1,8,1,8,E,1,1
94380,RIVERSIDE,CORONA,3,0,8,1,8,E,1,1
94381,RIVERSIDE,RIVERSIDE,5,1,1,1,8,E,0,0
94382,LOS ANGELES,POMONA,4,0,7,1,8,E,1,1
94383,LOS ANGELES,LOS ANGELES,4,0,8,1,8,E,1,1
94384,LOS ANGELES,SAN DIMAS,7,0,1,1,8,E,1,1
94385,MARIPOSA,UNINCORPORATED,5,0,1,1,8,E,0,0
94386,LAKE,UNINCORPORATED,6,1,8,1,8,E,0,1
94387,CONTRA COSTA,UNINCORPORATED,3,0,8,1,8,E,0,1
94388,LOS ANGELES,LOS ANGELES,7,0,1,1,8,E,0,0
94389,RIVERSIDE,RIVERSIDE,7,0,1,1,8,E,0,0
94390,YUBA,UNINCORPORATED,6,1,1,1,8,E,0,0
94391,YUBA,UNINCORPORATED,3,1,1,1,8,E,0,0
94392,SOLANO,FAIRFIELD,6,0,1,1,8,E,0,0
94393,KERN,BAKERSFIELD,6,0,1,1,8,E,0,0
94394,VENTURA,THOUSAND OAKS,3,0,8,1,8,E,0,0
94395,ORANGE,MISSION VIEJO,5,0,8,1,8,E,1,1
94396,LAKE,UNINCORPORATED,2,0,8,1,7,E,1,1
94397,LOS ANGELES,LOS ANGELES,5,0,8,1,8,E,0,1
94398,AMADOR,UNINCORPORATED,3,0,8,1,8,E,1,0
94399,STANISLAUS,UNINCORPORATED,1,0,8,1,8,E,1,0
94400,SONOMA,UNINCORPORATED,5,0,3,1,8,E,0,1
94401,LOS ANGELES,LOS ANGELES,6,0,3,1,8,E,0,0
94402,RIVERSIDE,CALIMESA,6,0,8,1,8,E,1,0
94403,LOS ANGELES,LANCASTER,1,0,8,1,8,E,0,1
94404,ORANGE,LAGUNA NIGUEL,7,0,8,1,8,E,0,0
94405,ORANGE,DANA POINT,7,0,1,1,7,E,0,0
94406,TULARE,UNINCORPORATED,1,0,8,1,8,E,0,1
94407,SANTA CLARA,SAN JOSE,3,0,8,1,7,E,1,0
94408,SAN MATEO,PACIFICA,6,0,1,1,7,E,0,1
94409,SANTA CLARA,SANTA CLARA,1,0,7,1,7,E,0,1
94410,YOLO,UNINCORPORATED,7,0,3,0,8,E,1,0
94411,STANISLAUS,TURLOCK,7,1,1,1,8,E,0,0
94412,SAN DIEGO,ESCONDIDO,6,0,3,1,8,E,0,0
94413,ORANGE,HUNTINGTON BEACH,5,0,1,1,8,E,0,0
94414,TULARE,UNINCORPORATED,4,0,3,1,8,E,1,0
94415,SAN MATEO,PACIFICA,5,0,8,0,8,E,1,1
94416,SAN JOAQUIN,UNINCORPORATED,5,0,8,1,8,E,0,1
94417,SANTA CLARA,SAN JOSE,4,0,1,1,8,E,0,0
94418,SAN JOAQUIN,UNINCORPORATED,6,1,1,1,8,E,0,0
94419,SANTA CLARA,SAN JOSE,1,1,1,1,8,E,1,0
94420,YOLO,UNINCORPORATED,5,0,1,1,8,E,0,1
94421,YOLO,UNINCORPORATED,7,0,3,1,8,E,0,0
94422,SAN JOAQUIN,UNINCORPORATED,7,0,1,1,8,E,1,0
94423,SAN JOAQUIN,STOCKTON,1,0,8,1,8,E,1,0
94424,SAN JOAQUIN,UNINCORPORATED,1,0,8,1,8,E,1,0
94425,SAN JOAQUIN,UNINCORPORATED,3,0,8,1,8,E,1,1
94426,ORANGE,ORANGE,4,0,8,1,8,E,0,1
94427,SAN JOAQUIN,UNINCORPORATED,1,0,8,1,8,E,1,1
94428,SANTA CLARA,SAN JOSE,4,0,8,1,8,E,0,0
94429,SAN BERNARDINO,SAN BERNARDINO,7,0,3,1,5,E,0,1
94430,SANTA CLARA,MILPITAS,3,0,3,1,8,E,0,0
94431,SANTA CLARA,SANTA CLARA,1,0,8,1,7,E,1,0
94432,IMPERIAL,UNINCORPORATED,5,0,8,0,7,E,1,1
94433,RIVERSIDE,MORENO VALLEY,7,0,1,1,6,E,0,0
94434,TULARE,UNINCORPORATED,1,0,3,0,8,E,1,0
94435,SANTA CLARA,SAN JOSE,5,0,8,1,7,E,1,0
94436,TULARE,UNINCORPORATED,1,0,8,1,8,E,1,1
94437,SAN BERNARDINO,SAN BERNARDINO,6,0,3,1,4,E,0,0
94438,SAN BERNARDINO,COLTON,6,0,8,1,8,E,1,1
94439,SAN BERNARDINO,RIALTO,5,0,8,1,7,E,1,0
94440,SAN BERNARDINO,FONTANA,7,0,8,1,8,E,1,1
94441,SAN BERNARDINO,SAN BERNARDINO,7,0,1,1,8,E,0,0
94442,SAN BERNARDINO,COLTON,1,1,1,1,7,E,1,0
94443,SAN BERNARDINO,SAN BERNARDINO,6,0,1,1,7,E,0,1
94444,TULARE,UNINCORPORATED,3,0,8,1,8,E,1,1
94445,PLACER,UNINCORPORATED,5,0,8,1,8,E,1,1
94446,KERN,UNINCORPORATED,2,1,8,1,8,E,0,0
94447,RIVERSIDE,PALM DESERT,7,0,3,1,8,E,0,0
94448,RIVERSIDE,PALM DESERT,4,0,3,1,8,E,0,0
94449,PLACER,UNINCORPORATED,6,0,3,1,8,E,0,1
94450,SAN JOAQUIN,LODI,7,0,1,1,8,E,0,0
94451,DEL NORTE,UNINCORPORATED,6,0,8,1,8,E,1,1
94452,RIVERSIDE,TEMECULA,2,0,8,1,8,E,0,1
94453,ORANGE,FULLERTON,2,0,1,0,8,E,0,1
94454,SAN JOAQUIN,UNINCORPORATED,7,1,1,0,8,E,1,1
94455,SAN JOAQUIN,UNINCORPORATED,2,0,8,1,8,E,1,0
94456,LOS ANGELES,LOS ANGELES,6,0,8,1,8,E,1,0
94457,SAN JOAQUIN,UNINCORPORATED,1,0,8,1,8,E,1,1
94458,SAN JOAQUIN,UNINCORPORATED,1,0,1,1,8,E,1,0
94459,SAN JOAQUIN,UNINCORPORATED,7,0,8,1,8,E,0,0
94460,SAN JOAQUIN,STOCKTON,6,0,8,1,8,E,1,0
94461,ORANGE,TUSTIN,1,0,8,1,8,E,0,0
94462,SAN JOAQUIN,MANTECA,7,0,7,1,8,E,1,0
94463,ORANGE,TUSTIN,6,0,1,1,8,E,0,0
94464,SAN JOAQUIN,UNINCORPORATED,6,0,8,1,8,E,1,1
94465,AMADOR,UNINCORPORATED,6,0,8,1,8,E,1,1
94466,SAN JOAQUIN,UNINCORPORATED,4,0,1,1,8,E,0,1
94467,LOS ANGELES,WHITTIER,7,0,1,1,8,E,0,0
94468,EL DORADO,UNINCORPORATED,5,1,8,1,8,E,1,1
94469,EL DORADO,UNINCORPORATED,1,0,3,1,8,E,1,0
94470,YOLO,UNINCORPORATED,2,0,8,1,8,E,0,1
94471,RIVERSIDE,PALM SPRINGS,6,0,1,1,8,E,0,0
94472,EL DORADO,UNINCORPORATED,7,0,8,1,8,E,1,1
94473,MERCED,UNINCORPORATED,5,1,8,1,7,E,1,1
94474,SAN BENITO,UNINCORPORATED,5,0,1,1,7,E,0,1
94475,MERCED,UNINCORPORATED,5,0,8,1,8,E,1,1
94476,KERN,UNINCORPORATED,5,0,8,1,8,E,1,1
94477,KERN,UNINCORPORATED,6,0,8,1,8,E,1,1
94478,SISKIYOU,UNINCORPORATED,5,0,8,1,8,E,1,1
94479,MONTEREY,MONTEREY,1,0,11,1,8,E,0,1
94480,YOLO,UNINCORPORATED,1,0,8,1,8,E,0,1
94481,ALAMEDA,NEWARK,3,0,3,1,8,E,0,1
94482,CONTRA COSTA,UNINCORPORATED,1,1,8,1,8,E,0,0
94483,SANTA CLARA,SAN JOSE,2,0,8,1,8,E,0,0
94484,SANTA CLARA,SAN JOSE,7,0,1,1,8,E,0,0
94485,ALAMEDA,NEWARK,2,0,8,1,8,E,0,1
94486,BUTTE,UNINCORPORATED,7,0,8,1,7,E,0,0
94487,SAN BERNARDINO,RANCHO CUCAMONGA,1,0,8,1,7,E,1,1
94488,SAN BERNARDINO,FONTANA,1,0,8,1,8,E,1,1
94489,SAN BERNARDINO,ONTARIO,7,1,1,1,8,E,1,0
94490,SAN BERNARDINO,FONTANA,6,0,8,1,8,E,1,0
94491,SAN BERNARDINO,ONTARIO,6,0,8,1,8,E,1,0
94492,SAN BERNARDINO,MONTCLAIR,6,1,8,1,8,E,1,1
94493,VENTURA,OXNARD,6,0,3,1,8,E,0,1
94494,LOS ANGELES,LOS ANGELES,1,1,8,1,8,E,1,1
94495,LOS ANGELES,LOS ANGELES,1,0,8,1,8,E,1,1
94496,SONOMA,UNINCORPORATED,4,0,1,1,8,E,1,1
94497,LOS ANGELES,LOS ANGELES,5,0,8,1,8,E,1,0
94498,ORANGE,ORANGE,7,0,1,1,8,E,0,0
94499,SAN DIEGO,OCEANSIDE,3,0,8,1,8,E,1,1
94500,SAN DIEGO,LA MESA,4,0,8,1,8,E,1,1
94501,RIVERSIDE,RIVERSIDE,1,0,8,1,8,E,1,1
94502,LOS ANGELES,MALIBU,7,0,1,1,8,E,0,0
94503,ALAMEDA,OAKLAND,7,0,8,1,7,E,0,1