ID,County,City,Weekday,Severity,ViolCat,ClearWeather,Month,CrashType,Highway,Daylight
97221,MENDOCINO,UNINCORPORATED,1,0,1,1,10,E,1,0
97222,NEVADA,TRUCKEE,6,0,1,1,10,E,0,0
97223,SIERRA,UNINCORPORATED,4,0,8,1,11,E,1,0
97224,PLUMAS,UNINCORPORATED,3,1,1,1,10,E,1,0
97225,PLUMAS,UNINCORPORATED,3,1,1,1,10,E,0,0
97226,PLUMAS,UNINCORPORATED,3,1,1,1,10,E,0,0
97227,PLUMAS,UNINCORPORATED,3,1,1,1,10,E,0,0
97228,PLACER,UNINCORPORATED,5,1,8,1,11,E,0,1
97229,TUOLUMNE,UNINCORPORATED,3,0,1,1,11,E,1,0
97230,YOLO,UNINCORPORATED,2,0,8,0,11,E,0,1
97231,MENDOCINO,UNINCORPORATED,5,0,8,1,11,E,0,1
97232,RIVERSIDE,MURRIETA,5,0,8,1,11,E,1,1
97233,RIVERSIDE,BANNING,2,0,8,1,11,E,1,0
97234,LOS ANGELES,LOS ANGELES,7,0,1,1,11,E,1,0
97235,LOS ANGELES,LOS ANGELES,6,0,8,1,11,E,1,0
97236,LOS ANGELES,LOS ANGELES,4,0,8,1,11,E,1,0
97237,HUMBOLDT,UNINCORPORATED,1,0,3,1,11,E,1,0
97238,ORANGE,WESTMINSTER,6,0,8,1,11,E,0,1
97239,ALAMEDA,HAYWARD,4,0,8,0,11,E,1,1
97240,LOS ANGELES,WEST COVINA,2,0,3,1,10,E,0,0
97241,ORANGE,COSTA MESA,5,0,8,1,10,E,0,1
97242,SANTA CRUZ,SANTA CRUZ,6,0,8,1,10,E,1,0
97243,SANTA CRUZ,SCOTTS VALLEY,6,0,8,1,10,E,1,1
97244,ORANGE,LAGUNA NIGUEL,1,0,8,1,10,E,0,0
97245,SAN LUIS OBISPO,UNINCORPORATED,2,0,8,1,10,E,1,1
97246,SAN DIEGO,ESCONDIDO,6,0,8,1,10,E,0,1
97247,ORANGE,MISSION VIEJO,7,0,8,1,10,E,0,1
97248,SOLANO,BENICIA,2,0,8,1,10,E,1,1
97249,ALAMEDA,SAN LEANDRO,6,0,8,1,10,E,0,1
97250,SANTA CRUZ,UNINCORPORATED,1,0,8,1,9,E,1,1
97251,SAN DIEGO,LA MESA,4,0,8,0,10,E,1,1
97252,SANTA CRUZ,UNINCORPORATED,2,1,8,1,9,E,1,0
97253,SANTA CRUZ,UNINCORPORATED,1,0,3,0,9,E,1,0
97254,SANTA CRUZ,UNINCORPORATED,6,0,8,0,9,E,1,1
97255,SANTA CRUZ,UNINCORPORATED,7,1,8,1,9,E,0,0
97256,LOS ANGELES,PALMDALE,7,0,12,1,10,E,0,0
97257,PLUMAS,UNINCORPORATED,4,1,8,1,10,E,1,0
97258,RIVERSIDE,RIVERSIDE,1,0,8,1,11,E,1,1
97259,SAN LUIS OBISPO,UNINCORPORATED,7,0,7,1,11,E,1,1
97260,TULARE,UNINCORPORATED,1,1,8,1,11,E,0,0
97261,TULARE,UNINCORPORATED,7,0,1,1,11,E,0,1
97262,RIVERSIDE,RIVERSIDE,6,0,1,1,10,E,0,0
97263,SAN MATEO,UNINCORPORATED,6,0,8,1,10,E,0,1
97264,SANTA CRUZ,UNINCORPORATED,6,0,1,1,10,E,0,0
97265,LOS ANGELES,LOS ANGELES,4,0,3,0,11,E,0,1
97266,ORANGE,GARDEN GROVE,5,0,3,0,11,E,0,1
97267,ORANGE,GARDEN GROVE,1,0,3,1,11,E,0,1
97268,TULARE,UNINCORPORATED,4,0,8,0,10,E,1,0
97269,MONO,UNINCORPORATED,5,0,3,0,11,E,1,1
97270,EL DORADO,UNINCORPORATED,4,0,1,1,11,E,0,0
97271,SANTA CLARA,SAN JOSE,7,0,8,1,11,E,1,1
97272,KERN,UNINCORPORATED,4,0,3,0,11,E,1,0
97273,SAN BERNARDINO,UPLAND,4,0,1,1,10,E,0,1
97274,SAN BERNARDINO,ONTARIO,4,0,8,1,10,E,0,0
97275,MERCED,UNINCORPORATED,5,0,8,1,11,E,0,1
97276,YOLO,UNINCORPORATED,2,0,1,0,11,E,0,1
97277,RIVERSIDE,CORONA,3,0,1,1,11,E,1,0
97278,YOLO,UNINCORPORATED,1,1,8,0,11,E,1,1
97279,SAN BERNARDINO,REDLANDS,6,0,8,1,10,E,1,1
97280,SAN BERNARDINO,COLTON,4,0,8,1,10,E,1,1
97281,SAN BERNARDINO,SAN BERNARDINO,4,0,7,0,10,E,1,1
97282,SHASTA,SHASTA LAKE,7,0,8,1,10,E,0,0
97283,ORANGE,YORBA LINDA,1,0,8,1,10,E,0,0
97284,LAKE,UNINCORPORATED,5,1,8,1,10,E,0,1
97285,LOS ANGELES,SANTA CLARITA,7,0,1,1,10,E,0,0
97286,LOS ANGELES,LOS ANGELES,7,0,1,1,10,E,0,0
97287,SAN JOAQUIN,UNINCORPORATED,7,0,8,1,11,E,1,0
97288,SONOMA,COTATI,3,0,8,1,10,E,1,1
97289,BUTTE,UNINCORPORATED,3,0,3,0,11,E,0,1
97290,BUTTE,UNINCORPORATED,1,1,8,0,11,E,0,1
97291,SAN DIEGO,ENCINITAS,5,0,1,1,9,E,0,0
97292,LOS ANGELES,LOS ANGELES,5,0,8,1,11,E,0,1
97293,LOS ANGELES,LOS ANGELES,4,1,1,1,10,E,1,0
97294,LOS ANGELES,SANTA CLARITA,4,0,3,0,11,E,0,1
97295,CONTRA COSTA,UNINCORPORATED,7,0,8,1,10,E,0,1
97296,LOS ANGELES,SANTA CLARITA,3,0,8,1,10,E,0,1
97297,ORANGE,WESTMINSTER,3,0,3,1,10,E,0,1
97298,ORANGE,ANAHEIM,5,0,1,1,10,E,0,1
97299,ORANGE,TUSTIN,1,0,8,0,10,E,0,0
97300,LOS ANGELES,LOS ANGELES,2,0,1,1,10,E,1,0
97301,LOS ANGELES,LOS ANGELES,6,0,8,1,10,E,1,0
97302,AMADOR,UNINCORPORATED,3,0,1,1,10,E,0,1
97303,SAN MATEO,MENLO PARK,2,0,1,1,10,E,0,0
97304,SAN MATEO,MENLO PARK,4,0,8,1,10,E,0,1
97305,LOS ANGELES,CLAREMONT,4,0,8,1,10,E,1,0
97306,LOS ANGELES,AZUSA,1,0,8,0,10,E,1,1
97307,SANTA CLARA,SUNNYVALE,2,0,8,1,11,E,0,1
97308,SACRAMENTO,SACRAMENTO,6,1,7,1,11,E,1,1
97309,PLUMAS,UNINCORPORATED,4,0,8,0,11,E,1,1
97310,TUOLUMNE,UNINCORPORATED,4,1,8,1,11,E,0,0
97311,HUMBOLDT,UNINCORPORATED,4,0,1,1,11,E,0,0
97312,LOS ANGELES,LANCASTER,1,0,8,1,11,E,0,1
97313,VENTURA,THOUSAND OAKS,5,0,1,0,11,E,0,1
97314,ORANGE,SEAL BEACH,3,0,1,1,11,E,1,0
97315,RIVERSIDE,RIVERSIDE,5,0,8,0,11,E,1,0
97316,BUTTE,UNINCORPORATED,4,0,8,1,11,E,0,1
97317,RIVERSIDE,BEAUMONT,4,0,8,0,11,E,1,0
97318,SACRAMENTO,SACRAMENTO,7,0,3,1,9,E,0,1
97319,SACRAMENTO,SACRAMENTO,6,0,3,1,11,E,0,0
97320,SACRAMENTO,RANCHO CORDOVA,7,1,1,1,12,E,0,0
97321,KINGS,UNINCORPORATED,7,1,8,1,11,E,0,0
97322,NEVADA,UNINCORPORATED,7,0,8,1,11,E,1,1
97323,NEVADA,UNINCORPORATED,6,0,1,1,10,E,0,0
97324,NEVADA,UNINCORPORATED,6,0,8,1,11,E,0,1
97325,SONOMA,UNINCORPORATED,3,0,8,0,11,E,0,0
97326,SAN DIEGO,SOLANA BEACH,5,1,1,0,11,E,1,0
97327,COLUSA,WILLIAMS,4,0,8,0,11,E,1,0
97328,HUMBOLDT,UNINCORPORATED,6,0,8,1,11,E,1,1
97329,YUBA,UNINCORPORATED,2,0,8,0,11,E,1,1
97330,LOS ANGELES,LOS ANGELES,2,0,8,0,11,E,1,1
97331,ORANGE,DANA POINT,4,0,3,0,11,E,0,1
97332,SOLANO,BENICIA,1,1,8,1,11,E,1,0
97333,BUTTE,UNINCORPORATED,6,0,8,1,11,E,1,1
97334,SONOMA,UNINCORPORATED,1,0,8,1,11,E,1,1
97335,LOS ANGELES,LOS ANGELES,7,0,3,1,11,E,0,0
97336,LOS ANGELES,LOS ANGELES,1,0,3,1,6,E,0,1
97337,PLACER,UNINCORPORATED,1,0,8,1,11,E,1,0
97338,LOS ANGELES,LOS ANGELES,7,0,1,1,11,E,0,0
97339,EL DORADO,UNINCORPORATED,4,0,1,1,11,E,1,0
97340,LOS ANGELES,LOS ANGELES,6,0,1,0,11,E,0,0
97341,LOS ANGELES,LOS ANGELES,7,0,1,1,11,E,0,0
97342,LOS ANGELES,LOS ANGELES,1,0,8,1,11,E,1,0
97343,LOS ANGELES,LOS ANGELES,3,0,8,1,11,E,1,0
97344,LOS ANGELES,LOS ANGELES,1,0,8,1,11,E,1,1
97345,MENDOCINO,UNINCORPORATED,3,0,8,1,11,E,1,1
97346,PLACER,UNINCORPORATED,2,0,3,0,11,E,1,0
97347,EL DORADO,UNINCORPORATED,4,1,1,1,11,E,0,1
97348,LOS ANGELES,LOS ANGELES,6,0,1,1,10,E,1,1
97349,FRESNO,UNINCORPORATED,1,0,1,1,11,E,1,0
97350,PLUMAS,UNINCORPORATED,5,0,3,1,11,E,1,1
97351,SOLANO,FAIRFIELD,1,0,3,0,11,E,0,1
97352,IMPERIAL,UNINCORPORATED,4,1,8,1,11,E,1,0
97353,VENTURA,VENTURA,5,0,7,1,11,E,1,1
97354,VENTURA,UNINCORPORATED,2,0,1,1,11,E,0,1
97355,ORANGE,ANAHEIM,2,0,1,1,11,E,0,0
97356,ORANGE,ANAHEIM,3,0,8,1,11,E,0,1
97357,LOS ANGELES,LOS ANGELES,4,0,3,0,11,E,1,0
97358,LOS ANGELES,LOS ANGELES,1,0,3,0,11,E,0,1
97359,RIVERSIDE,INDIAN WELLS,6,0,8,1,11,E,0,1
97360,KERN,UNINCORPORATED,4,0,1,1,10,E,0,0
97361,ORANGE,HUNTINGTON BEACH,3,0,12,1,11,E,0,0
97362,SOLANO,VACAVILLE,4,0,8,1,10,E,0,1
97363,LOS ANGELES,LOS ANGELES,6,1,1,1,10,E,0,0
97364,LOS ANGELES,LOS ANGELES,2,0,3,1,10,E,0,1
97365,LOS ANGELES,LOS ANGELES,6,0,3,1,10,E,0,0
97366,MONTEREY,MONTEREY,2,0,8,1,11,E,0,0
97367,MONTEREY,SALINAS,7,0,1,1,11,E,0,0
97368,MONTEREY,UNINCORPORATED,6,0,8,1,11,E,0,0
97369,MONTEREY,UNINCORPORATED,6,0,1,1,11,E,0,0
97370,LOS ANGELES,LOS ANGELES,5,0,1,1,11,E,0,0
97371,ALAMEDA,FREMONT,5,0,8,1,11,E,0,0
97372,LOS ANGELES,LOS ANGELES,1,0,3,1,11,E,0,0
97373,LOS ANGELES,LOS ANGELES,7,0,3,1,11,E,0,0
97374,GLENN,UNINCORPORATED,7,0,12,1,11,E,0,0
97375,HUMBOLDT,UNINCORPORATED,2,0,8,0,11,E,1,1
97376,DEL NORTE,UNINCORPORATED,6,0,8,0,11,E,1,1
97377,SACRAMENTO,SACRAMENTO,4,0,8,1,11,E,0,0
97378,ALAMEDA,FREMONT,3,0,8,1,11,E,0,0
97379,LOS ANGELES,POMONA,5,0,8,1,11,E,0,0
97380,SONOMA,PETALUMA,7,0,8,1,11,E,1,0
97381,SONOMA,UNINCORPORATED,2,0,8,1,11,E,0,0
97382,FRESNO,UNINCORPORATED,7,0,8,1,11,E,0,0
97383,LOS ANGELES,POMONA,6,0,8,1,11,E,0,1
97384,SAN BERNARDINO,VICTORVILLE,2,0,8,1,10,E,1,1
97385,LOS ANGELES,TORRANCE,1,1,8,0,11,E,0,1
97386,MONTEREY,UNINCORPORATED,4,1,1,1,10,E,1,0
97387,LOS ANGELES,LOS ANGELES,7,0,3,1,10,E,0,0
97388,LOS ANGELES,LOS ANGELES,2,0,1,1,10,E,0,0
97389,LOS ANGELES,LOS ANGELES,2,0,3,1,10,E,0,1
97390,SAN BERNARDINO,FONTANA,6,0,8,1,10,E,0,0
97391,SAN MATEO,MENLO PARK,6,0,8,1,10,E,0,1
97392,ORANGE,ORANGE,5,0,3,1,10,E,0,1
97393,SANTA CLARA,SAN JOSE,4,0,3,1,10,E,0,0
97394,PLACER,UNINCORPORATED,6,1,1,1,10,E,0,1
97395,PLACER,UNINCORPORATED,1,1,1,1,10,E,0,1
97396,LOS ANGELES,CLAREMONT,3,0,8,1,10,E,0,1
97397,SHASTA,UNINCORPORATED,5,0,8,1,11,E,1,0
97398,AMADOR,UNINCORPORATED,6,0,1,1,11,E,0,0
97399,SAN LUIS OBISPO,UNINCORPORATED,1,0,8,1,11,E,0,0
97400,TEHAMA,UNINCORPORATED,3,0,8,1,11,E,0,1
97401,MONO,UNINCORPORATED,5,0,8,1,11,E,1,0
97402,KINGS,HANFORD,2,0,1,1,11,E,0,0
97403,YOLO,DAVIS,5,0,8,1,11,E,1,1
97404,YOLO,WOODLAND,2,0,7,1,11,E,1,1
97405,PLACER,ROSEVILLE,2,0,8,1,11,E,1,1
97406,TULARE,UNINCORPORATED,3,0,3,1,11,E,0,1
97407,STANISLAUS,UNINCORPORATED,7,0,1,1,11,E,0,0
97408,STANISLAUS,UNINCORPORATED,5,0,8,1,11,E,0,0
97409,TULARE,UNINCORPORATED,3,0,8,1,11,E,0,0
97410,ALAMEDA,BERKELEY,1,0,8,1,10,E,0,0
97411,MADERA,UNINCORPORATED,4,0,8,1,10,E,0,0
97412,SAN MATEO,ATHERTON,4,0,8,1,10,E,0,0
97413,SANTA CLARA,SAN JOSE,5,0,1,1,11,E,0,0
97414,LOS ANGELES,LOS ANGELES,7,0,3,1,11,E,0,1
97415,MONTEREY,UNINCORPORATED,7,0,8,1,11,E,1,1
97416,MONTEREY,UNINCORPORATED,4,0,8,0,11,E,0,0
97417,ALAMEDA,PLEASANTON,3,0,8,1,11,E,1,0
97418,ALAMEDA,LIVERMORE,2,0,8,1,11,E,1,1
97419,ALAMEDA,FREMONT,6,0,8,1,11,E,0,0
97420,LOS ANGELES,BURBANK,6,0,8,0,11,E,0,1
97421,LOS ANGELES,BURBANK,4,0,3,0,11,E,0,1
97422,TEHAMA,UNINCORPORATED,1,0,8,0,11,E,0,0
97423,LOS ANGELES,SANTA CLARITA,2,1,3,1,11,E,1,1
97424,ORANGE,SANTA ANA,4,0,8,0,11,E,1,1
97425,ORANGE,SANTA ANA,1,0,8,1,11,E,1,0
97426,LOS ANGELES,LOS ANGELES,7,1,8,1,11,E,0,0
97427,MADERA,MADERA,6,0,3,1,11,E,0,0
97428,SHASTA,REDDING,5,0,8,0,11,E,1,0
97429,SHASTA,UNINCORPORATED,1,0,8,0,11,E,0,1
97430,SAN JOAQUIN,UNINCORPORATED,5,1,8,1,11,E,0,1
97431,SAN JOAQUIN,MANTECA,2,0,8,1,11,E,1,1
97432,SOLANO,FAIRFIELD,5,0,6,1,11,E,0,0
97433,SAN JOAQUIN,UNINCORPORATED,6,1,1,1,11,E,0,0
97434,SAN JOAQUIN,UNINCORPORATED,6,0,8,1,11,E,0,1
97435,LOS ANGELES,LOS ANGELES,3,0,8,1,11,E,0,1
97436,BUTTE,CHICO,2,0,3,0,11,E,1,1
97437,LOS ANGELES,MONTEBELLO,3,0,8,1,10,E,1,0
97438,LOS ANGELES,COMMERCE,1,0,8,1,10,E,1,1
97439,LOS ANGELES,MONTEREY PARK,1,0,1,1,10,E,1,0
97440,SOLANO,FAIRFIELD,4,0,10,1,10,E,0,1
97441,ORANGE,IRVINE,3,0,8,1,10,E,1,1
97442,LOS ANGELES,BELL,5,0,1,1,10,E,1,0
97443,LOS ANGELES,EL MONTE,3,0,8,1,10,E,1,1
97444,LOS ANGELES,ALHAMBRA,2,0,8,1,10,E,1,1
97445,LOS ANGELES,BELL,5,0,3,1,10,E,1,0
97446,CONTRA COSTA,UNINCORPORATED,7,0,8,1,10,E,0,0
97447,ALAMEDA,BERKELEY,3,0,8,1,10,E,0,1
97448,STANISLAUS,MODESTO,7,0,3,1,11,E,0,1
97449,ALAMEDA,SAN LEANDRO,4,0,3,0,11,E,0,0
97450,LOS ANGELES,LOS ANGELES,4,0,3,1,11,E,0,0
97451,SONOMA,UNINCORPORATED,1,0,1,0,11,E,1,1
97452,STANISLAUS,UNINCORPORATED,6,0,1,1,11,E,0,0
97453,MARIPOSA,UNINCORPORATED,2,0,3,1,11,E,1,1
97454,LOS ANGELES,LOS ANGELES,7,0,1,1,11,E,1,0
97455,LOS ANGELES,LOS ANGELES,7,0,1,1,11,E,0,0
97456,LOS ANGELES,LOS ANGELES,2,0,8,1,11,E,1,1
97457,LOS ANGELES,LOS ANGELES,6,0,8,1,11,E,1,1
97458,LOS ANGELES,LOS ANGELES,4,0,3,0,11,E,0,0
97459,LOS ANGELES,LOS ANGELES,3,0,8,1,11,E,1,1
97460,LOS ANGELES,LOS ANGELES,6,1,8,1,11,E,1,0
97461,MADERA,UNINCORPORATED,7,0,3,1,11,E,0,0
97462,SAN MATEO,SAN CARLOS,6,0,3,1,10,E,0,0
97463,MARIN,LARKSPUR,6,0,3,1,10,E,0,0
97464,TULARE,UNINCORPORATED,7,1,1,1,11,E,0,1
97465,TULARE,UNINCORPORATED,3,0,8,1,11,E,1,1
97466,TULARE,VISALIA,1,0,8,1,11,E,1,1
97467,SAN LUIS OBISPO,UNINCORPORATED,2,1,1,1,11,E,0,1
97468,ORANGE,GARDEN GROVE,3,0,1,1,11,E,0,1
97469,SAN DIEGO,SANTEE,6,0,8,0,11,E,1,1
97470,SAN LUIS OBISPO,UNINCORPORATED,2,0,8,1,11,E,1,0
97471,COLUSA,UNINCORPORATED,7,0,8,1,11,E,1,0
97472,SAN LUIS OBISPO,UNINCORPORATED,1,0,8,1,11,E,1,1
97473,VENTURA,SIMI VALLEY,4,1,1,1,11,E,0,0
97474,SAN MATEO,UNINCORPORATED,6,0,8,1,11,E,0,1
97475,SAN LUIS OBISPO,UNINCORPORATED,7,0,1,1,11,E,1,1
97476,SONOMA,UNINCORPORATED,2,0,1,0,11,E,0,0
97477,SAN MATEO,SOUTH SAN FRANCISCO,1,0,8,1,11,E,1,0
97478,MERCED,UNINCORPORATED,5,0,8,1,11,E,0,1
97479,SONOMA,UNINCORPORATED,3,0,3,0,11,E,0,1
97480,SONOMA,SANTA ROSA,5,1,1,1,11,E,1,0
97481,SUTTER,UNINCORPORATED,2,0,1,1,11,E,1,0
97482,SONOMA,UNINCORPORATED,4,0,8,1,11,E,0,0
97483,MERCED,UNINCORPORATED,6,0,8,1,11,E,0,1
97484,MERCED,UNINCORPORATED,2,0,1,1,11,E,1,0
97485,LOS ANGELES,LOS ANGELES,3,0,3,0,11,E,0,0
97486,SAN BENITO,UNINCORPORATED,7,0,1,1,11,E,0,0
97487,SANTA CLARA,SAN JOSE,2,0,8,0,11,E,0,0
97488,HUMBOLDT,UNINCORPORATED,6,0,8,0,11,E,1,1
97489,LOS ANGELES,ARCADIA,4,0,3,1,11,E,0,1
97490,ORANGE,HUNTINGTON BEACH,5,0,8,1,11,E,0,1
97491,STANISLAUS,MODESTO,1,0,8,1,11,E,0,0
97492,SAN DIEGO,ESCONDIDO,5,0,8,1,11,E,1,0
97493,ALAMEDA,OAKLAND,2,0,8,1,10,E,0,1
97494,RIVERSIDE,TEMECULA,6,0,3,1,10,E,0,0
97495,ORANGE,NEWPORT BEACH,2,1,8,1,10,E,0,0
97496,TEHAMA,UNINCORPORATED,4,0,1,1,10,E,1,1
97497,VENTURA,VENTURA,3,0,8,1,10,E,1,1
97498,FRESNO,UNINCORPORATED,1,0,8,0,10,E,1,1
97499,SACRAMENTO,RANCHO CORDOVA,7,0,8,1,11,E,0,1
97500,SAN JOAQUIN,RIPON,6,0,1,1,11,E,0,0
97501,LOS ANGELES,EL MONTE,3,0,3,0,10,E,0,0
97502,NEVADA,UNINCORPORATED,5,0,1,1,11,E,0,0
97503,TEHAMA,UNINCORPORATED,4,0,3,0,11,E,1,0
97504,LASSEN,UNINCORPORATED,4,0,3,1,11,E,1,1
97505,SAN DIEGO,CHULA VISTA,5,0,8,0,11,E,1,1
97506,CONTRA COSTA,ORINDA,3,1,1,0,11,E,1,0
97507,CONTRA COSTA,WALNUT CREEK,1,0,7,1,11,E,1,1
97508,ORANGE,SAN JUAN CAPISTRANO,6,0,8,1,11,E,1,0
97509,NEVADA,UNINCORPORATED,7,0,3,1,11,E,0,0
97510,CONTRA COSTA,LAFAYETTE,6,0,8,1,11,E,0,1
97511,LOS ANGELES,DOWNEY,7,0,1,1,11,E,0,0
97512,NEVADA,UNINCORPORATED,6,0,8,0,11,E,0,0
97513,RIVERSIDE,INDIO,6,0,8,1,11,E,0,0
97514,SAN DIEGO,VISTA,5,0,8,1,11,E,1,1
97515,LOS ANGELES,LOS ANGELES,6,0,3,1,11,E,0,0
97516,SAN DIEGO,SAN MARCOS,6,0,1,0,11,E,0,0
97517,ORANGE,NEWPORT BEACH,7,1,1,1,11,E,0,0
97518,NEVADA,UNINCORPORATED,3,0,3,1,11,E,0,0
97519,ORANGE,NEWPORT BEACH,5,0,8,1,11,E,0,0
97520,LOS ANGELES,LOS ANGELES,4,0,3,0,11,E,0,0
97521,SAN DIEGO,OCEANSIDE,2,0,8,1,11,E,1,0
97522,SAN DIEGO,SOLANA BEACH,1,0,3,0,11,E,1,0
97523,IMPERIAL,UNINCORPORATED,7,0,1,1,11,E,1,0
97524,RIVERSIDE,PERRIS,4,0,3,0,11,E,1,0
97525,RIVERSIDE,PERRIS,6,0,1,0,11,E,1,0
97526,CONTRA COSTA,PINOLE,2,0,8,0,11,E,1,1
97527,ALAMEDA,OAKLAND,3,0,8,0,11,E,0,1
97528,PLACER,AUBURN,3,0,3,0,11,E,0,1
97529,VENTURA,UNINCORPORATED,6,1,1,1,11,E,0,0
97530,ALAMEDA,OAKLAND,4,0,8,1,11,E,1,1
97531,MONTEREY,UNINCORPORATED,5,0,8,1,11,E,1,1
97532,ALAMEDA,OAKLAND,2,0,8,0,11,E,1,0
97533,ALAMEDA,OAKLAND,2,0,1,1,11,E,0,0
97534,ORANGE,ANAHEIM,4,0,1,0,11,E,0,0
97535,LOS ANGELES,LOS ANGELES,3,0,3,1,11,E,1,0
97536,ALAMEDA,SAN LEANDRO,2,0,3,0,11,E,0,1
97537,ORANGE,LAKE FOREST,7,0,8,1,11,E,0,0
97538,CALAVERAS,UNINCORPORATED,1,0,8,1,11,E,1,1
97539,VENTURA,VENTURA,7,0,1,1,11,E,0,1
97540,RIVERSIDE,RIVERSIDE,7,1,1,1,11,E,0,0
97541,TULARE,UNINCORPORATED,2,0,8,1,11,E,1,0
97542,RIVERSIDE,RIVERSIDE,4,0,1,0,11,E,0,0
97543,ORANGE,ANAHEIM,1,0,8,1,11,E,1,1
97544,ALAMEDA,LIVERMORE,5,0,8,1,11,E,1,1
97545,STANISLAUS,UNINCORPORATED,7,0,8,0,11,E,0,1
97546,SANTA CLARA,CUPERTINO,6,0,8,1,8,E,0,1
97547,STANISLAUS,UNINCORPORATED,5,1,8,1,11,E,1,0
97548,SAN MATEO,REDWOOD CITY,3,0,1,0,11,E,0,0
97549,ALAMEDA,LIVERMORE,1,0,3,1,11,E,0,1
97550,KERN,UNINCORPORATED,7,0,8,1,12,E,0,0
97551,LOS ANGELES,PASADENA,4,0,3,0,11,E,1,0
97552,LOS ANGELES,LOS ANGELES,3,0,3,1,12,E,0,0
97553,RIVERSIDE,TEMECULA,6,0,8,0,12,E,1,1
97554,ORANGE,SAN JUAN CAPISTRANO,7,0,1,1,12,E,0,0
97555,VENTURA,UNINCORPORATED,4,0,1,0,11,E,1,0
97556,SAN LUIS OBISPO,UNINCORPORATED,6,1,3,1,11,E,0,0
97557,LOS ANGELES,LOS ANGELES,4,0,8,1,12,E,1,0
97558,LOS ANGELES,LOS ANGELES,1,0,3,1,11,E,0,0
97559,SAN LUIS OBISPO,UNINCORPORATED,1,0,8,1,12,E,1,1
97560,LOS ANGELES,LOS ANGELES,4,0,8,1,11,E,0,0
97561,SAN FRANCISCO,SAN FRANCISCO,6,0,8,0,12,E,1,0
97562,RIVERSIDE,TEMECULA,4,0,1,0,11,E,0,0
97563,ALAMEDA,HAYWARD,7,0,8,1,12,E,1,0
97564,YOLO,DAVIS,1,0,8,1,11,E,1,1
97565,ORANGE,IRVINE,5,0,3,0,11,E,0,1
97566,SANTA CLARA,CUPERTINO,5,0,8,1,11,E,0,0
97567,ALAMEDA,OAKLAND,4,0,8,1,10,E,0,1
97568,LOS ANGELES,GARDENA,3,0,1,1,8,E,0,0
97569,SANTA CLARA,SARATOGA,3,0,8,1,8,E,0,1
97570,LAKE,UNINCORPORATED,1,0,8,1,10,E,1,1
97571,NEVADA,UNINCORPORATED,7,0,8,1,10,E,1,1
97572,ORANGE,LAGUNA NIGUEL,5,1,1,1,8,E,0,0
97573,MONTEREY,SOLEDAD,5,0,8,0,10,E,0,1
97574,LOS ANGELES,EL SEGUNDO,4,0,8,0,11,E,0,1
97575,LOS ANGELES,EL SEGUNDO,1,0,3,1,11,E,0,0
97576,RIVERSIDE,CORONA,6,0,3,1,11,E,0,1
97577,TUOLUMNE,UNINCORPORATED,3,0,3,1,12,E,1,1
97578,TUOLUMNE,UNINCORPORATED,2,0,3,0,12,E,0,1
97579,SOLANO,UNINCORPORATED,6,0,1,1,11,E,0,0
97580,SONOMA,UNINCORPORATED,6,0,8,1,11,E,1,1
97581,SOLANO,VALLEJO,2,0,3,0,11,E,1,1
97582,TUOLUMNE,UNINCORPORATED,7,0,1,1,12,E,0,0
97583,SOLANO,UNINCORPORATED,4,0,8,1,11,E,1,0
97584,SOLANO,UNINCORPORATED,3,0,7,1,11,E,1,1
97585,SOLANO,FAIRFIELD,7,0,8,1,11,E,0,0
97586,SOLANO,VALLEJO,2,0,3,0,11,E,0,1
97587,SOLANO,VALLEJO,2,0,3,0,11,E,1,1
97588,SOLANO,VACAVILLE,2,0,7,0,11,E,1,1
97589,SONOMA,UNINCORPORATED,1,0,3,1,11,E,0,1
97590,RIVERSIDE,PALM SPRINGS,4,0,7,1,11,E,1,0
97591,LOS ANGELES,LOS ANGELES,6,0,3,1,11,E,0,1
97592,CONTRA COSTA,MARTINEZ,5,0,8,1,11,E,0,0
97593,LOS ANGELES,LOS ANGELES,7,0,3,1,11,E,0,0
97594,SAN BERNARDINO,ONTARIO,1,0,9,1,10,E,0,1
97595,SAN DIEGO,OCEANSIDE,3,0,8,1,10,E,1,0
97596,MADERA,UNINCORPORATED,3,0,1,1,10,E,1,0
97597,SANTA CRUZ,UNINCORPORATED,2,0,3,0,10,E,1,0
97598,SANTA CRUZ,UNINCORPORATED,1,0,8,0,10,E,1,0
97599,ORANGE,COSTA MESA,6,0,1,1,11,E,0,1
97600,SANTA CLARA,SAN JOSE,7,0,8,1,11,E,0,1
97601,SANTA CLARA,SAN JOSE,3,0,3,0,11,E,0,1
97602,SANTA CRUZ,UNINCORPORATED,5,0,3,0,11,E,1,0