ID,County,City,Weekday,Severity,ViolCat,ClearWeather,Month,CrashType,Highway,Daylight
98369,RIVERSIDE,RIVERSIDE,7,0,3,1,12,E,1,0
98370,ORANGE,IRVINE,3,0,8,0,12,E,1,0
98371,ORANGE,ORANGE,6,0,1,0,12,E,0,0
98372,ORANGE,ANAHEIM,5,0,8,0,12,E,1,0
98373,ORANGE,SANTA ANA,7,0,8,1,12,E,1,0
98374,RIVERSIDE,RIVERSIDE,6,0,8,0,12,E,1,1
98375,KERN,BAKERSFIELD,1,0,1,1,12,E,0,0
98376,HUMBOLDT,UNINCORPORATED,7,1,3,1,12,E,0,0
98377,MONTEREY,UNINCORPORATED,2,1,1,1,12,E,0,1
98378,RIVERSIDE,CORONA,4,0,8,1,12,E,1,1
98379,SISKIYOU,UNINCORPORATED,7,0,3,1,12,E,0,1
98380,TULARE,UNINCORPORATED,6,0,8,1,12,E,1,1
98381,TULARE,UNINCORPORATED,1,0,8,1,12,E,1,0
98382,SAN BERNARDINO,RANCHO CUCAMONGA,6,1,1,1,10,E,1,0
98383,SAN BERNARDINO,MONTCLAIR,1,0,8,0,10,E,1,0
98384,SAN BERNARDINO,CHINO HILLS,2,0,8,0,11,E,1,1
98385,MERCED,UNINCORPORATED,6,0,1,0,12,E,0,0
98386,ORANGE,SAN JUAN CAPISTRANO,7,0,8,0,10,E,1,0
98387,ORANGE,LAGUNA BEACH,1,0,3,0,10,E,1,1
98388,ORANGE,SAN CLEMENTE,4,0,1,1,10,E,1,0
98389,SAN LUIS OBISPO,UNINCORPORATED,6,0,1,1,11,E,1,0
98390,SAN LUIS OBISPO,UNINCORPORATED,6,1,1,1,11,E,0,0
98391,YUBA,UNINCORPORATED,1,0,8,1,12,E,1,0
98392,SAN DIEGO,LA MESA,4,0,8,0,12,E,1,0
98393,SAN LUIS OBISPO,UNINCORPORATED,5,0,8,0,12,E,1,0
98394,SAN FRANCISCO,SAN FRANCISCO,7,1,1,1,12,E,0,0
98395,SAN FRANCISCO,SAN FRANCISCO,6,0,3,1,12,E,1,0
98396,SAN LUIS OBISPO,ATASCADERO,7,0,1,1,12,E,1,0
98397,SAN FRANCISCO,SAN FRANCISCO,6,0,3,0,12,E,1,0
98398,SOLANO,VACAVILLE,4,0,3,1,12,E,0,0
98399,SUTTER,UNINCORPORATED,4,0,1,1,12,E,0,0
98400,LOS ANGELES,LOS ANGELES,3,0,1,1,12,E,1,0
98401,LOS ANGELES,LOS ANGELES,6,0,1,1,12,E,1,0
98402,RIVERSIDE,TEMECULA,4,0,3,0,11,E,0,1
98403,SANTA CRUZ,SCOTTS VALLEY,3,0,8,1,12,E,0,1
98404,TUOLUMNE,SONORA,5,0,1,1,8,E,0,1
98405,TUOLUMNE,SONORA,6,0,1,1,8,E,1,1
98406,SAN BERNARDINO,COLTON,1,0,1,1,10,E,0,0
98407,SAN BERNARDINO,SAN BERNARDINO,4,0,8,1,10,E,1,0
98408,LOS ANGELES,LOS ANGELES,3,0,1,1,11,E,1,0
98409,LOS ANGELES,LOS ANGELES,7,0,1,1,11,E,1,0
98410,LOS ANGELES,LOS ANGELES,4,0,8,1,11,E,1,0
98411,MENDOCINO,UNINCORPORATED,6,1,3,1,10,E,1,1
98412,MONTEREY,SALINAS,7,0,8,1,11,E,0,0
98413,MONTEREY,SALINAS,3,0,1,1,11,E,0,1
98414,LASSEN,UNINCORPORATED,6,0,3,1,11,E,0,1
98415,ALAMEDA,SAN LEANDRO,5,1,1,1,11,E,1,0
98416,MONTEREY,SALINAS,6,0,3,1,11,E,0,0
98417,NEVADA,UNINCORPORATED,6,0,8,1,11,E,0,0
98418,MONTEREY,SALINAS,2,0,9,0,11,E,0,0
98419,MERCED,UNINCORPORATED,4,0,8,1,11,E,0,0
98420,SAN DIEGO,NATIONAL CITY,3,0,3,0,11,E,0,0
98421,YOLO,WEST SACRAMENTO,1,0,3,1,11,E,0,1
98422,ALAMEDA,OAKLAND,1,0,1,0,12,E,0,0
98423,RIVERSIDE,BEAUMONT,6,0,8,0,12,E,1,1
98424,MONTEREY,UNINCORPORATED,4,0,8,1,12,E,1,1
98425,MONTEREY,UNINCORPORATED,5,0,1,1,12,E,0,0
98426,FRESNO,UNINCORPORATED,4,1,3,1,11,E,0,1
98427,SAN DIEGO,OCEANSIDE,4,0,3,0,11,E,1,1
98428,SAN DIEGO,NATIONAL CITY,4,0,3,0,11,E,0,0
98429,ALAMEDA,FREMONT,5,0,1,1,11,E,1,0
98430,SONOMA,SANTA ROSA,6,0,8,1,11,E,0,0
98431,LOS ANGELES,LOS ANGELES,5,0,1,1,12,E,0,1
98432,LOS ANGELES,LOS ANGELES,1,0,8,1,12,E,1,1
98433,LOS ANGELES,INGLEWOOD,4,0,7,1,2,E,1,1
98434,PLACER,UNINCORPORATED,5,0,8,1,12,E,0,0
98435,SAN JOAQUIN,UNINCORPORATED,2,0,8,0,11,E,0,0
98436,SAN BENITO,UNINCORPORATED,5,0,1,1,11,E,1,0
98437,NAPA,UNINCORPORATED,2,0,3,0,11,E,0,1
98438,NAPA,UNINCORPORATED,4,0,8,1,11,E,1,1
98439,SOLANO,VACAVILLE,5,0,8,1,11,E,0,0
98440,VENTURA,CAMARILLO,3,0,8,1,11,E,0,1
98441,LOS ANGELES,LOS ANGELES,3,0,3,0,12,E,0,0
98442,LOS ANGELES,LOS ANGELES,4,0,3,0,12,E,0,0
98443,MENDOCINO,UNINCORPORATED,6,0,3,1,12,E,0,1
98444,ALAMEDA,NEWARK,4,0,3,1,12,E,0,0
98445,ALAMEDA,NEWARK,4,0,1,1,12,E,0,0
98446,TULARE,UNINCORPORATED,5,0,8,1,12,E,1,1
98447,TULARE,UNINCORPORATED,4,0,8,1,12,E,0,0
98448,SOLANO,VALLEJO,2,0,8,1,12,E,1,1
98449,SAN BERNARDINO,ONTARIO,4,0,3,0,11,E,0,1
98450,LOS ANGELES,LANCASTER,6,1,8,1,12,E,1,0
98451,LOS ANGELES,LOS ANGELES,3,0,10,1,12,E,0,1
98452,EL DORADO,UNINCORPORATED,5,1,8,0,12,E,0,1
98453,TUOLUMNE,UNINCORPORATED,5,0,8,1,12,E,0,0
98454,ALAMEDA,HAYWARD,6,0,8,1,12,E,1,0
98455,LOS ANGELES,PALMDALE,5,0,8,1,12,E,1,0
98456,LOS ANGELES,LOS ANGELES,4,0,7,1,12,E,0,0
98457,LOS ANGELES,LOS ANGELES,7,0,3,1,12,E,0,1
98458,MERCED,MERCED,4,0,1,1,12,E,0,0
98459,ORANGE,HUNTINGTON BEACH,4,0,7,1,12,E,0,1
98460,TULARE,UNINCORPORATED,5,0,1,1,12,E,0,0
98461,SAN BERNARDINO,VICTORVILLE,1,0,1,1,11,E,0,1
98462,KERN,UNINCORPORATED,5,1,8,1,12,E,1,0
98463,LOS ANGELES,MONROVIA,3,0,8,0,12,E,1,0
98464,SISKIYOU,UNINCORPORATED,6,0,3,0,12,E,1,0
98465,SAN JOAQUIN,UNINCORPORATED,6,0,1,1,12,E,1,0
98466,SAN BERNARDINO,UPLAND,3,1,8,1,10,E,1,0
98467,DEL NORTE,UNINCORPORATED,5,0,8,0,12,E,1,0
98468,SAN BERNARDINO,FONTANA,3,0,8,1,10,E,1,1
98469,SAN BERNARDINO,FONTANA,7,0,8,0,10,E,1,0
98470,SAN BERNARDINO,RIALTO,2,0,8,1,10,E,0,1
98471,SAN BERNARDINO,HESPERIA,7,0,1,1,10,E,0,0
98472,LOS ANGELES,LOS ANGELES,7,0,8,1,10,E,1,0
98473,LOS ANGELES,LOS ANGELES,1,0,8,1,11,E,0,0
98474,LOS ANGELES,GLENDALE,5,0,8,1,11,E,1,1
98475,VENTURA,THOUSAND OAKS,7,0,8,1,11,E,1,1
98476,SAN JOAQUIN,UNINCORPORATED,2,0,1,0,11,E,1,1
98477,SAN JOAQUIN,UNINCORPORATED,6,0,8,1,11,E,0,0
98478,SAN JOAQUIN,UNINCORPORATED,7,0,8,1,11,E,0,1
98479,SAN JOAQUIN,UNINCORPORATED,1,1,8,1,11,E,1,0
98480,SAN JOAQUIN,UNINCORPORATED,3,0,1,1,11,E,0,1
98481,FRESNO,UNINCORPORATED,4,0,8,1,11,E,0,1
98482,MADERA,UNINCORPORATED,7,0,8,1,11,E,1,1
98483,SAN JOAQUIN,UNINCORPORATED,3,0,8,1,11,E,1,1
98484,SAN JOAQUIN,MANTECA,4,0,4,1,11,E,0,1
98485,LOS ANGELES,PASADENA,7,0,8,1,11,E,1,0
98486,SAN BERNARDINO,VICTORVILLE,2,0,8,1,11,E,1,0
98487,TULARE,UNINCORPORATED,7,0,1,0,12,E,1,0
98488,ORANGE,MISSION VIEJO,1,0,8,1,12,E,0,1
98489,ORANGE,WESTMINSTER,7,1,1,1,8,E,0,0
98490,LOS ANGELES,BELL,7,0,3,1,11,E,0,1
98491,LOS ANGELES,COMMERCE,7,0,1,1,11,E,1,0
98492,LOS ANGELES,BELL,1,0,8,0,11,E,1,0
98493,LOS ANGELES,SOUTH GATE,4,0,8,1,11,E,1,1
98494,KINGS,UNINCORPORATED,5,0,1,1,11,E,1,1
98495,ALAMEDA,OAKLAND,1,0,8,1,11,E,0,0
98496,SAN MATEO,ATHERTON,3,0,8,1,12,E,0,0
98497,ORANGE,IRVINE,7,0,8,1,12,E,1,0
98498,NEVADA,UNINCORPORATED,6,0,3,0,12,E,1,0
98499,SAN DIEGO,SAN MARCOS,2,0,8,1,12,E,1,0
98500,ORANGE,ORANGE,7,0,3,1,12,E,0,1
98501,SISKIYOU,UNINCORPORATED,3,0,3,1,12,E,0,1
98502,LOS ANGELES,LOS ANGELES,4,0,3,1,12,E,0,0
98503,TEHAMA,UNINCORPORATED,5,0,3,0,12,E,1,0
98504,ORANGE,WESTMINSTER,3,0,8,1,12,E,0,1
98505,SOLANO,VALLEJO,3,1,8,1,10,E,0,0
98506,VENTURA,UNINCORPORATED,5,0,3,0,11,E,1,0
98507,SAN DIEGO,CHULA VISTA,6,0,1,0,11,E,0,0
98508,SAN DIEGO,CHULA VISTA,7,0,3,1,11,E,0,1
98509,SOLANO,VALLEJO,5,0,8,1,11,E,0,1
98510,MERCED,UNINCORPORATED,3,1,8,1,12,E,0,1
98511,CALAVERAS,UNINCORPORATED,3,1,1,1,12,E,0,0
98512,CALAVERAS,UNINCORPORATED,6,0,1,1,12,E,1,0
98513,SAN JOAQUIN,UNINCORPORATED,7,1,1,1,12,E,0,0
98514,MADERA,UNINCORPORATED,2,0,8,1,12,E,0,0
98515,MADERA,UNINCORPORATED,1,1,1,1,12,E,1,0
98516,PLUMAS,UNINCORPORATED,6,0,3,0,12,E,1,0
98517,HUMBOLDT,UNINCORPORATED,3,0,3,1,12,E,1,0
98518,LOS ANGELES,LOS ANGELES,6,0,1,1,3,E,0,0
98519,LOS ANGELES,SANTA MONICA,7,1,8,1,3,E,1,0
98520,ALAMEDA,PLEASANTON,5,0,3,1,12,E,0,1
98521,SAN DIEGO,SANTEE,1,0,8,1,11,E,0,0
98522,SAN DIEGO,SANTEE,4,0,1,1,11,E,0,0
98523,SAN DIEGO,SANTEE,4,0,8,1,11,E,0,0
98524,VENTURA,UNINCORPORATED,7,0,1,1,12,E,1,0
98525,SAN DIEGO,CARLSBAD,4,1,3,1,12,E,0,0
98526,SAN DIEGO,EL CAJON,4,0,3,0,12,E,0,0
98527,SAN DIEGO,LA MESA,7,1,1,1,12,E,1,0
98528,SAN DIEGO,LA MESA,3,0,8,1,12,E,1,1
98529,SAN BENITO,UNINCORPORATED,2,0,8,0,12,E,0,0
98530,LOS ANGELES,LOS ANGELES,1,0,1,1,12,E,0,0
98531,MENDOCINO,UNINCORPORATED,6,0,8,1,12,E,0,0
98532,LOS ANGELES,ALHAMBRA,3,1,8,1,11,E,1,1
98533,LOS ANGELES,CERRITOS,7,1,8,1,11,E,0,0
98534,LOS ANGELES,LOS ANGELES,7,0,3,1,11,E,1,1
98535,LOS ANGELES,SOUTH GATE,1,0,8,1,11,E,1,0
98536,PLACER,UNINCORPORATED,2,0,8,0,12,E,0,1
98537,LOS ANGELES,COMMERCE,6,0,8,1,10,E,1,0
98538,ALAMEDA,FREMONT,5,1,1,1,10,E,1,1
98539,LOS ANGELES,MONTEREY PARK,7,0,8,1,11,E,1,1
98540,SAN LUIS OBISPO,PISMO BEACH,1,1,8,1,11,E,0,1
98541,LOS ANGELES,LOS ANGELES,7,0,1,1,12,E,1,0
98542,LOS ANGELES,ALHAMBRA,5,0,3,1,12,E,1,1
98543,LOS ANGELES,LOS ANGELES,5,0,3,1,12,E,1,0
98544,LOS ANGELES,MONTEREY PARK,6,0,8,1,12,E,1,0
98545,ORANGE,LAGUNA NIGUEL,5,0,8,1,12,E,0,1
98546,CONTRA COSTA,UNINCORPORATED,2,1,8,1,12,E,0,1
98547,CONTRA COSTA,PLEASANT HILL,7,0,3,1,12,E,0,0
98548,LOS ANGELES,BALDWIN PARK,7,1,8,1,12,E,1,0
98549,LOS ANGELES,LOS ANGELES,4,0,3,1,12,E,1,1
98550,SACRAMENTO,SACRAMENTO,1,0,1,1,12,E,0,0
98551,LOS ANGELES,LOS ANGELES,2,0,1,1,12,E,1,0
98552,LOS ANGELES,LOS ANGELES,7,0,1,1,12,E,1,0
98553,LOS ANGELES,LOS ANGELES,2,0,8,0,12,E,1,0
98554,ORANGE,GARDEN GROVE,5,0,8,1,12,E,1,1
98555,ORANGE,ORANGE,2,0,3,1,12,E,0,0
98556,IMPERIAL,UNINCORPORATED,2,0,8,1,12,E,1,0
98557,SAN DIEGO,EL CAJON,7,1,1,1,12,E,0,0
98558,FRESNO,UNINCORPORATED,6,0,8,1,12,E,0,1
98559,EL DORADO,UNINCORPORATED,4,0,8,1,12,E,1,1
98560,FRESNO,UNINCORPORATED,6,0,8,1,12,E,0,0
98561,TRINITY,UNINCORPORATED,4,0,1,1,12,E,1,0
98562,ORANGE,ANAHEIM,4,0,8,0,12,E,0,1
98563,VENTURA,UNINCORPORATED,5,0,1,1,12,E,1,0
98564,LOS ANGELES,COMMERCE,2,0,8,1,12,E,0,0
98565,LOS ANGELES,SOUTH GATE,2,0,8,1,12,E,0,0
98566,VENTURA,UNINCORPORATED,6,1,3,1,12,E,1,1
98567,VENTURA,VENTURA,6,0,3,0,12,E,1,1
98568,KERN,UNINCORPORATED,3,0,8,0,12,E,0,1
98569,SHASTA,UNINCORPORATED,6,0,1,1,12,E,0,0
98570,SHASTA,UNINCORPORATED,3,0,8,1,12,E,1,1
98571,SONOMA,HEALDSBURG,7,0,3,1,12,E,0,0
98572,TRINITY,UNINCORPORATED,7,0,1,1,12,E,1,1
98573,TRINITY,UNINCORPORATED,6,0,3,1,12,E,1,1
98574,ORANGE,ANAHEIM,7,0,8,1,12,E,1,1
98575,MARIN,UNINCORPORATED,2,0,3,0,12,E,0,1
98576,SAN JOAQUIN,UNINCORPORATED,1,0,8,1,12,E,0,0
98577,SAN JOAQUIN,UNINCORPORATED,3,0,8,1,12,E,1,1
98578,SAN JOAQUIN,UNINCORPORATED,7,0,8,1,12,E,0,0
98579,SAN JOAQUIN,UNINCORPORATED,7,0,3,1,12,E,0,0
98580,SAN JOAQUIN,STOCKTON,6,0,8,1,12,E,0,1
98581,CONTRA COSTA,UNINCORPORATED,3,0,1,1,12,E,0,0
98582,SAN JOAQUIN,UNINCORPORATED,3,0,8,1,12,E,0,0
98583,SAN JOAQUIN,UNINCORPORATED,5,0,8,1,12,E,0,0
98584,CONTRA COSTA,UNINCORPORATED,5,0,3,1,12,E,0,0
98585,LOS ANGELES,BURBANK,6,0,1,0,12,E,0,0
98586,LAKE,UNINCORPORATED,6,0,1,1,12,E,0,0
98587,SAN JOAQUIN,UNINCORPORATED,5,0,8,0,12,E,0,1
98588,BUTTE,UNINCORPORATED,1,0,8,1,12,E,0,0
98589,SAN JOAQUIN,MANTECA,5,0,8,1,12,E,0,1
98590,BUTTE,UNINCORPORATED,1,1,1,1,12,E,0,0
98591,SAN JOAQUIN,UNINCORPORATED,2,0,8,0,12,E,0,0
98592,BUTTE,UNINCORPORATED,2,0,3,1,12,E,0,0
98593,SAN FRANCISCO,SAN FRANCISCO,2,0,1,1,12,E,1,0
98594,SACRAMENTO,ELK GROVE,6,0,1,1,12,E,0,0
98595,ORANGE,GARDEN GROVE,3,0,8,1,12,E,0,0
98596,RIVERSIDE,BEAUMONT,5,0,1,0,12,E,0,0
98597,SISKIYOU,UNINCORPORATED,2,0,1,0,12,E,1,0
98598,SACRAMENTO,RANCHO CORDOVA,3,0,8,1,12,E,0,0
98599,SACRAMENTO,ELK GROVE,7,0,8,1,12,E,0,0
98600,KERN,UNINCORPORATED,4,0,8,1,12,E,0,1
98601,HUMBOLDT,UNINCORPORATED,4,0,3,1,12,E,1,1
98602,CONTRA COSTA,ORINDA,7,0,1,1,12,E,1,0
98603,SANTA CLARA,SAN JOSE,4,0,3,1,12,E,0,0
98604,KERN,UNINCORPORATED,6,0,3,1,12,E,0,0
98605,CONTRA COSTA,ANTIOCH,6,0,3,1,12,E,1,0
98606,SANTA CLARA,SAN JOSE,2,1,8,1,12,E,0,0
98607,CONTRA COSTA,DANVILLE,5,0,8,1,12,E,1,1
98608,SAN DIEGO,ESCONDIDO,4,0,3,0,12,E,1,1
98609,SAN DIEGO,SAN MARCOS,5,0,8,1,12,E,1,0
98610,SANTA CLARA,CAMPBELL,1,0,1,1,12,E,0,0
98611,SANTA CLARA,CAMPBELL,5,1,1,0,12,E,0,0
98612,RIVERSIDE,TEMECULA,5,0,8,1,12,E,1,1
98613,KERN,UNINCORPORATED,6,0,8,1,12,E,1,0
98614,SONOMA,SANTA ROSA,4,0,8,1,12,E,1,0
98615,MARIN,UNINCORPORATED,3,0,7,1,12,E,1,1
98616,HUMBOLDT,UNINCORPORATED,5,0,8,1,12,E,1,0
98617,SAN BERNARDINO,RANCHO CUCAMONGA,6,0,8,1,10,E,1,1
98618,SAN BERNARDINO,CHINO,7,0,8,1,10,E,1,1
98619,SAN BERNARDINO,RANCHO CUCAMONGA,1,0,8,0,10,E,1,0
98620,SAN DIEGO,ENCINITAS,7,1,1,1,10,E,0,0
98621,SANTA CRUZ,UNINCORPORATED,6,0,8,1,11,E,0,0
98622,SAN BERNARDINO,RANCHO CUCAMONGA,5,0,8,1,11,E,0,1
98623,ORANGE,GARDEN GROVE,3,0,8,1,12,E,0,0
98624,MADERA,UNINCORPORATED,2,0,8,0,12,E,0,0
98625,SAN LUIS OBISPO,PASO ROBLES,2,0,8,1,12,E,0,0
98626,SAN LUIS OBISPO,UNINCORPORATED,2,0,8,0,12,E,0,1
98627,SAN LUIS OBISPO,UNINCORPORATED,6,0,8,1,12,E,0,0
98628,SANTA CLARA,SAN JOSE,7,1,3,1,12,E,0,0
98629,CONTRA COSTA,UNINCORPORATED,5,0,7,1,12,E,1,1
98630,ORANGE,LAGUNA NIGUEL,5,0,1,1,12,E,0,0
98631,HUMBOLDT,UNINCORPORATED,2,0,3,0,12,E,1,0
98632,SONOMA,UNINCORPORATED,7,0,1,1,12,E,0,0
98633,SAN FRANCISCO,SAN FRANCISCO,4,1,1,1,12,E,0,0
98634,KERN,UNINCORPORATED,5,1,8,1,12,E,0,1
98635,SAN LUIS OBISPO,PASO ROBLES,1,0,8,1,12,E,0,0
98636,ORANGE,SANTA ANA,1,0,8,1,12,E,0,1
98637,ORANGE,NEWPORT BEACH,3,1,8,1,12,E,0,1
98638,LOS ANGELES,PALMDALE,2,0,1,1,12,E,0,0
98639,LOS ANGELES,ALHAMBRA,3,0,3,1,11,E,0,1
98640,NEVADA,UNINCORPORATED,3,0,1,1,12,E,1,0
98641,MADERA,UNINCORPORATED,3,0,1,1,12,E,1,0
98642,SANTA CLARA,SAN JOSE,4,0,3,1,12,E,1,0
98643,LOS ANGELES,WHITTIER,7,0,1,1,12,E,0,0
98644,LASSEN,UNINCORPORATED,5,0,3,0,12,E,1,1
98645,LASSEN,UNINCORPORATED,5,0,3,0,12,E,0,1
98646,LASSEN,UNINCORPORATED,6,0,8,1,12,E,0,1
98647,MODOC,UNINCORPORATED,7,0,1,1,12,E,1,1
98648,ALAMEDA,FREMONT,7,0,3,1,12,E,0,1
98649,MONTEREY,UNINCORPORATED,7,0,8,1,12,E,1,0
98650,MONTEREY,UNINCORPORATED,6,0,8,1,12,E,0,1
98651,MONTEREY,UNINCORPORATED,1,0,3,1,12,E,0,1
98652,SAN DIEGO,CARLSBAD,5,1,1,1,12,E,1,1
98653,MONTEREY,UNINCORPORATED,1,0,8,1,12,E,1,1
98654,MONTEREY,UNINCORPORATED,5,0,1,1,12,E,1,0
98655,MONTEREY,UNINCORPORATED,5,0,1,1,12,E,0,0
98656,SAN MATEO,SOUTH SAN FRANCISCO,5,1,3,1,11,E,0,0
98657,LOS ANGELES,LOS ANGELES,2,0,3,1,12,E,0,0
98658,LOS ANGELES,LOS ANGELES,1,0,8,1,12,E,0,0
98659,LOS ANGELES,LOS ANGELES,4,0,3,0,11,E,0,1
98660,LOS ANGELES,POMONA,7,0,8,1,12,E,0,1
98661,LOS ANGELES,BALDWIN PARK,2,0,1,1,12,E,0,0
98662,SAN DIEGO,OCEANSIDE,5,0,3,1,12,E,0,1
98663,LOS ANGELES,BALDWIN PARK,5,0,8,0,12,E,1,1
98664,LOS ANGELES,CLAREMONT,3,0,8,1,12,E,0,1
98665,LOS ANGELES,POMONA,2,0,7,0,12,E,1,1
98666,SAN DIEGO,SAN MARCOS,4,1,8,0,12,E,1,1
98667,SAN DIEGO,OCEANSIDE,5,0,1,1,12,E,0,0
98668,LOS ANGELES,CLAREMONT,6,0,3,0,12,E,0,1
98669,SAN DIEGO,ESCONDIDO,5,0,8,1,12,E,1,0
98670,KERN,UNINCORPORATED,7,0,8,1,12,E,1,0
98671,KERN,UNINCORPORATED,7,0,1,1,12,E,1,0
98672,MARIPOSA,UNINCORPORATED,6,0,8,1,12,E,1,0
98673,TULARE,TULARE,1,0,3,1,12,E,0,1
98674,TULARE,UNINCORPORATED,7,1,1,1,12,E,0,1
98675,RIVERSIDE,MORENO VALLEY,7,0,8,1,12,E,0,1
98676,VENTURA,THOUSAND OAKS,5,0,8,1,12,E,1,1
98677,EL DORADO,UNINCORPORATED,5,1,3,0,12,E,0,0
98678,EL DORADO,UNINCORPORATED,5,0,8,1,12,E,1,0
98679,IMPERIAL,EL CENTRO,2,0,8,1,12,E,1,0
98680,IMPERIAL,UNINCORPORATED,1,0,8,1,12,E,1,0
98681,SAN DIEGO,EL CAJON,7,0,1,0,10,E,0,0
98682,KINGS,HANFORD,2,0,3,1,11,E,0,0
98683,CONTRA COSTA,DANVILLE,4,0,8,1,11,E,1,1
98684,ALAMEDA,PLEASANTON,3,0,8,1,11,E,0,0
98685,HUMBOLDT,UNINCORPORATED,5,0,8,1,12,E,0,1
98686,SAN BERNARDINO,FONTANA,3,0,1,1,12,E,0,1
98687,SAN LUIS OBISPO,PASO ROBLES,6,0,1,1,12,E,1,1
98688,EL DORADO,UNINCORPORATED,7,0,3,1,12,E,0,1
98689,LOS ANGELES,LOS ANGELES,7,0,3,1,12,E,0,1
98690,VENTURA,CAMARILLO,7,0,1,1,12,E,0,0
98691,SAN JOAQUIN,UNINCORPORATED,2,0,1,0,12,E,0,0
98692,FRESNO,FRESNO,7,0,8,1,12,E,1,0
98693,PLACER,UNINCORPORATED,4,0,1,1,12,E,1,0
98694,FRESNO,FRESNO,3,0,1,1,12,E,0,0
98695,SAN JOAQUIN,UNINCORPORATED,5,0,1,1,12,E,0,1
98696,LOS ANGELES,LOS ANGELES,3,0,1,1,12,E,0,0
98697,ORANGE,ANAHEIM,6,0,1,1,12,E,0,0
98698,LOS ANGELES,LOS ANGELES,6,0,3,1,12,E,0,0
98699,ORANGE,FOUNTAIN VALLEY,4,0,8,1,12,E,0,0
98700,LOS ANGELES,LANCASTER,2,0,1,1,12,E,0,0
98701,LOS ANGELES,LOS ANGELES,7,0,8,1,12,E,0,1
98702,LOS ANGELES,LOS ANGELES,5,0,9,1,12,E,0,1
98703,CONTRA COSTA,SAN RAMON,6,0,8,1,12,E,1,0
98704,ALAMEDA,PLEASANTON,2,0,8,1,12,E,1,1
98705,CONTRA COSTA,SAN RAMON,1,0,8,1,12,E,0,0
98706,LOS ANGELES,SANTA FE SPRINGS,1,0,8,1,12,E,0,1
98707,MERCED,UNINCORPORATED,4,0,8,1,12,E,0,0
98708,MADERA,UNINCORPORATED,7,0,8,1,11,E,0,1
98709,VENTURA,UNINCORPORATED,4,1,1,1,10,E,0,0
98710,VENTURA,SIMI VALLEY,7,0,7,1,10,E,1,1
98711,VENTURA,UNINCORPORATED,6,0,8,1,10,E,1,1
98712,TULARE,UNINCORPORATED,3,0,8,1,12,E,1,1
98713,ALAMEDA,UNION CITY,6,0,3,1,10,E,0,0
98714,LOS ANGELES,LOS ANGELES,4,0,1,1,10,E,1,0
98715,KERN,UNINCORPORATED,6,0,1,1,11,E,1,1
98716,RIVERSIDE,RIVERSIDE,1,0,8,1,11,E,0,0
98717,TEHAMA,UNINCORPORATED,6,0,1,1,11,E,1,1
98718,SAN MATEO,UNINCORPORATED,6,0,8,1,11,E,1,1
98719,SACRAMENTO,SACRAMENTO,6,0,1,0,12,E,1,0
98720,TULARE,UNINCORPORATED,2,0,3,1,12,E,1,0
98721,LOS ANGELES,LANCASTER,6,0,1,1,12,E,0,0
98722,SAN DIEGO,LA MESA,6,0,1,0,12,E,1,1
98723,SAN JOAQUIN,TRACY,5,0,1,1,12,E,0,0
98724,RIVERSIDE,RIVERSIDE,7,0,8,1,12,E,0,0
98725,ORANGE,SANTA ANA,4,1,1,1,11,E,0,0
98726,ORANGE,LAGUNA HILLS,1,0,7,0,11,E,1,1
98727,BUTTE,UNINCORPORATED,2,0,3,0,11,E,0,1
98728,SAN JOAQUIN,UNINCORPORATED,7,0,8,1,12,E,1,1
98729,RIVERSIDE,BEAUMONT,4,0,8,1,12,E,1,1
98730,ORANGE,HUNTINGTON BEACH,4,0,1,1,12,E,0,0
98731,LOS ANGELES,MAYWOOD,1,1,1,1,12,E,0,0
98732,SAN DIEGO,NATIONAL CITY,5,0,8,1,12,E,1,1
98733,FRESNO,UNINCORPORATED,3,0,1,1,12,E,1,1
98734,FRESNO,UNINCORPORATED,3,1,3,1,12,E,1,0
98735,HUMBOLDT,UNINCORPORATED,4,0,8,1,12,E,1,0
98736,KERN,UNINCORPORATED,5,1,1,1,12,E,0,0
98737,ORANGE,SANTA ANA,2,0,1,1,11,E,0,0
98738,SACRAMENTO,RANCHO CORDOVA,3,0,8,1,12,E,0,1
98739,SAN BERNARDINO,FONTANA,4,0,1,1,12,E,0,1
98740,SACRAMENTO,RANCHO CORDOVA,1,0,8,1,12,E,1,1
98741,SAN DIEGO,LEMON GROVE,6,0,1,1,12,E,0,0
98742,LOS ANGELES,LANCASTER,2,0,8,1,12,E,1,0
98743,SAN DIEGO,CORONADO,5,0,8,1,12,E,1,1
98744,FRESNO,SELMA,1,0,8,1,12,E,1,1
98745,ORANGE,FOUNTAIN VALLEY,1,1,8,1,12,E,0,1