ID,County,City,Weekday,Severity,ViolCat,ClearWeather,Month,CrashType,Highway,Daylight
100652,SAN JOAQUIN,UNINCORPORATED,3,0,1,1,2,F,1,0
100653,LOS ANGELES,SANTA MONICA,7,0,9,1,2,F,0,1
100654,SAN BERNARDINO,RANCHO CUCAMONGA,6,0,8,1,2,F,0,1
100655,SANTA CLARA,SAN JOSE,7,0,9,1,2,F,0,1
100656,ORANGE,IRVINE,7,0,3,1,2,F,0,1
100657,LASSEN,UNINCORPORATED,2,0,1,1,2,F,1,0
100658,SHASTA,UNINCORPORATED,5,1,8,1,2,F,0,1
100659,KERN,UNINCORPORATED,1,1,8,1,2,F,1,1
100660,HUMBOLDT,UNINCORPORATED,2,0,8,1,2,F,0,1
100661,SHASTA,UNINCORPORATED,1,0,8,0,2,F,0,0
100662,SAN JOAQUIN,UNINCORPORATED,6,0,8,1,2,F,0,1
100663,CONTRA COSTA,UNINCORPORATED,6,0,1,1,2,F,0,0
100664,SOLANO,FAIRFIELD,4,0,8,1,1,F,1,0
100665,STANISLAUS,UNINCORPORATED,7,1,1,1,2,F,0,0
100666,KERN,UNINCORPORATED,4,0,8,0,3,F,1,1
100667,STANISLAUS,MODESTO,7,0,8,1,3,F,0,1
100668,RIVERSIDE,BEAUMONT,5,0,3,0,3,F,1,0
100669,KINGS,UNINCORPORATED,1,0,8,1,3,F,1,1
100670,CALAVERAS,UNINCORPORATED,7,0,8,1,3,F,0,1
100671,SAN DIEGO,OCEANSIDE,6,0,12,1,3,F,0,1
100672,STANISLAUS,TURLOCK,6,0,8,1,3,F,0,0
100673,ORANGE,VILLA PARK,1,0,3,1,3,F,0,1
100674,STANISLAUS,MODESTO,5,0,9,1,3,F,0,1
100675,CONTRA COSTA,UNINCORPORATED,6,0,9,0,3,F,1,1
100676,SANTA CLARA,SAN JOSE,1,0,1,1,3,F,1,0
100677,AMADOR,UNINCORPORATED,6,0,3,0,3,F,0,1
100678,EL DORADO,UNINCORPORATED,6,0,8,0,3,F,1,1
100679,EL DORADO,UNINCORPORATED,6,1,3,1,3,F,1,1
100680,ORANGE,IRVINE,3,0,8,1,3,F,1,1
100681,EL DORADO,UNINCORPORATED,7,0,3,1,3,F,0,1
100682,PLACER,UNINCORPORATED,1,0,3,1,3,F,1,0
100683,TULARE,UNINCORPORATED,2,0,8,1,3,F,0,0
100684,SAN DIEGO,SAN DIEGO,6,0,3,1,3,F,0,1
100685,SAN DIEGO,SAN DIEGO,6,0,8,0,3,F,0,0
100686,LOS ANGELES,MALIBU,1,1,3,1,3,F,0,0
100687,SAN DIEGO,CARLSBAD,4,0,8,0,3,F,1,0
100688,TULARE,PORTERVILLE,6,0,8,1,3,F,0,0
100689,MONO,UNINCORPORATED,1,0,8,1,3,F,0,0
100690,VENTURA,UNINCORPORATED,7,1,8,1,3,F,1,1
100691,GLENN,UNINCORPORATED,1,0,8,1,3,F,1,1
100692,LOS ANGELES,INDUSTRY,5,0,8,1,3,F,1,0
100693,SAN LUIS OBISPO,UNINCORPORATED,2,1,8,0,3,F,0,0
100694,ORANGE,NEWPORT BEACH,3,1,3,0,3,F,0,1
100695,TULARE,UNINCORPORATED,6,0,8,1,3,F,1,1
100696,TULARE,UNINCORPORATED,7,0,8,1,3,F,0,1
100697,TULARE,UNINCORPORATED,1,0,8,1,3,F,1,1
100698,BUTTE,UNINCORPORATED,4,0,8,1,3,F,0,1
100699,SAN DIEGO,SAN DIEGO,6,0,8,1,3,F,1,1
100700,TRINITY,UNINCORPORATED,7,0,8,1,3,F,1,1
100701,TUOLUMNE,UNINCORPORATED,5,0,1,1,3,F,1,0
100702,SAN JOAQUIN,UNINCORPORATED,7,0,8,1,3,F,1,1
100703,SAN BERNARDINO,ONTARIO,4,0,3,1,3,F,1,0
100704,SAN DIEGO,SAN DIEGO,1,0,8,1,3,F,0,1
100705,MONTEREY,MONTEREY,3,0,8,0,3,F,0,1
100706,CONTRA COSTA,UNINCORPORATED,6,0,8,1,3,F,0,1
100707,SHASTA,UNINCORPORATED,6,0,8,1,3,F,0,1
100708,KERN,BAKERSFIELD,4,0,3,1,1,F,0,1
100709,SANTA CLARA,SUNNYVALE,5,0,3,1,2,F,1,1
100710,VENTURA,UNINCORPORATED,7,0,8,1,2,F,1,1
100711,SAN DIEGO,SAN DIEGO,6,0,3,0,2,F,0,0
100712,ORANGE,ANAHEIM,2,0,9,1,2,F,0,0
100713,ORANGE,ANAHEIM,4,0,7,0,2,F,0,1
100714,SACRAMENTO,SACRAMENTO,2,0,3,0,2,F,0,1
100715,RIVERSIDE,PALM SPRINGS,6,0,7,1,2,F,0,1
100716,SAN DIEGO,OCEANSIDE,4,0,6,1,2,F,1,0
100717,PLUMAS,UNINCORPORATED,7,0,1,1,2,F,0,1
100718,MENDOCINO,UNINCORPORATED,3,0,8,0,2,F,0,0
100719,SAN DIEGO,SAN DIEGO,5,1,3,1,2,F,0,0
100720,SAN DIEGO,LA MESA,2,0,7,1,1,F,1,0
100721,LOS ANGELES,PICO RIVERA,5,0,3,0,1,F,0,1
100722,IMPERIAL,UNINCORPORATED,1,0,1,1,1,F,1,0
100723,SAN JOAQUIN,STOCKTON,7,0,8,1,1,F,1,1
100724,SAN DIEGO,VISTA,7,0,8,1,1,F,1,0
100725,SAN DIEGO,OCEANSIDE,6,0,3,1,1,F,1,1
100726,SANTA CRUZ,UNINCORPORATED,6,1,8,1,1,F,1,1
100727,SAN JOAQUIN,UNINCORPORATED,4,0,8,1,1,F,1,0
100728,MADERA,UNINCORPORATED,2,1,8,1,1,F,0,1
100729,ORANGE,YORBA LINDA,1,0,8,1,1,F,0,0
100730,LOS ANGELES,LAKEWOOD,4,0,8,1,1,F,0,1
100731,ORANGE,MISSION VIEJO,2,0,8,1,1,F,0,1
100732,SAN DIEGO,NATIONAL CITY,3,0,9,1,1,F,0,1
100733,SAN BERNARDINO,RIALTO,6,0,3,1,1,F,0,0
100734,SAN DIEGO,CHULA VISTA,3,0,8,1,1,F,0,1
100735,TULARE,UNINCORPORATED,1,0,7,1,1,F,1,0
100736,ALAMEDA,ALAMEDA,3,0,3,0,1,F,0,1
100737,ALAMEDA,OAKLAND,7,0,1,1,1,F,1,1
100738,MERCED,UNINCORPORATED,7,1,8,1,1,F,1,1
100739,TULARE,UNINCORPORATED,6,0,3,1,2,F,1,1
100740,TULARE,UNINCORPORATED,5,0,8,1,2,F,0,1
100741,SACRAMENTO,SACRAMENTO,2,0,8,1,2,F,1,1
100742,SACRAMENTO,SACRAMENTO,1,0,9,1,2,F,0,1
100743,YOLO,UNINCORPORATED,7,0,1,1,2,F,0,0
100744,LOS ANGELES,PALMDALE,7,0,8,1,2,F,0,0
100745,RIVERSIDE,RIVERSIDE,1,1,3,1,2,F,0,0
100746,LOS ANGELES,TORRANCE,6,0,12,0,2,F,0,1
100747,SONOMA,UNINCORPORATED,6,0,8,1,2,F,1,1
100748,LOS ANGELES,CULVER CITY,5,0,12,1,2,F,0,0
100749,KERN,UNINCORPORATED,7,0,8,1,2,F,1,0
100750,CONTRA COSTA,CONCORD,4,0,3,1,2,F,0,1
100751,NEVADA,TRUCKEE,6,0,1,1,2,F,0,0
100752,RIVERSIDE,RIVERSIDE,6,0,8,1,2,F,1,1
100753,VENTURA,OXNARD,3,0,8,1,2,F,1,1
100754,SAN DIEGO,SAN DIEGO,1,0,8,1,2,F,0,0
100755,YOLO,UNINCORPORATED,3,0,1,0,2,F,0,0
100756,SAN MATEO,SAN MATEO,3,0,1,1,2,F,1,0
100757,FRESNO,UNINCORPORATED,3,1,8,1,2,F,1,0
100758,ORANGE,SANTA ANA,5,0,3,1,2,F,1,0
100759,LOS ANGELES,EL MONTE,7,0,3,1,2,F,0,1
100760,ORANGE,COSTA MESA,7,0,3,1,2,F,1,1
100761,ALAMEDA,FREMONT,4,0,3,0,2,F,0,1
100762,ORANGE,ANAHEIM,1,0,7,1,2,F,1,1
100763,SOLANO,UNINCORPORATED,6,0,3,1,2,F,0,1
100764,SOLANO,UNINCORPORATED,7,0,8,1,2,F,0,0
100765,HUMBOLDT,UNINCORPORATED,1,1,3,1,3,F,1,1
100766,EL DORADO,PLACERVILLE,6,0,1,1,1,F,0,0
100767,VENTURA,OXNARD,7,0,1,1,1,F,0,0
100768,KERN,UNINCORPORATED,7,1,8,1,1,F,0,1
100769,SAN LUIS OBISPO,UNINCORPORATED,6,1,3,1,1,F,0,1
100770,KERN,UNINCORPORATED,7,1,1,1,1,F,0,0
100771,SAN FRANCISCO,SAN FRANCISCO,4,0,8,1,2,F,1,1
100772,RIVERSIDE,LAKE ELSINORE,5,0,3,1,1,F,0,1
100773,CONTRA COSTA,UNINCORPORATED,2,0,8,0,1,F,1,1
100774,SAN MATEO,UNINCORPORATED,2,0,3,0,1,F,1,1
100775,SONOMA,UNINCORPORATED,6,0,1,1,1,F,1,0
100776,ALAMEDA,BERKELEY,3,1,1,1,1,F,1,0
100777,RIVERSIDE,INDIO,2,0,8,1,1,F,1,0
100778,VENTURA,UNINCORPORATED,4,0,8,1,1,F,0,1
100779,MERCED,UNINCORPORATED,5,0,8,1,1,F,0,1
100780,SAN BERNARDINO,CHINO,2,0,8,1,1,F,1,0
100781,SAN DIEGO,SAN DIEGO,5,1,8,0,1,F,1,0
100782,RIVERSIDE,MORENO VALLEY,2,0,1,1,1,F,1,0
100783,SAN BERNARDINO,HESPERIA,7,0,3,1,2,F,0,1
100784,ORANGE,FULLERTON,4,0,1,1,2,F,0,0
100785,KERN,UNINCORPORATED,7,0,1,1,2,F,0,1
100786,KERN,UNINCORPORATED,3,0,8,1,1,F,1,1
100787,SANTA CLARA,MILPITAS,4,0,1,1,1,F,0,0
100788,SONOMA,SANTA ROSA,3,0,1,1,1,F,0,0
100789,SANTA CRUZ,SANTA CRUZ,7,1,3,1,1,F,0,0
100790,EL DORADO,UNINCORPORATED,6,0,3,1,1,F,1,1
100791,SAN LUIS OBISPO,UNINCORPORATED,3,0,3,1,1,F,1,1
100792,SAN LUIS OBISPO,PASO ROBLES,7,1,1,1,1,F,0,0
100793,MARIN,UNINCORPORATED,7,0,3,1,1,F,0,1
100794,SONOMA,UNINCORPORATED,3,0,8,1,2,F,0,0
100795,MARIN,UNINCORPORATED,7,0,1,1,2,F,0,0
100796,LOS ANGELES,PALMDALE,3,0,3,1,2,F,0,1
100797,SONOMA,SANTA ROSA,7,0,3,1,2,F,0,1
100798,KERN,UNINCORPORATED,7,1,3,1,1,F,0,0
100799,ORANGE,FULLERTON,1,1,3,1,2,F,0,1
100800,KERN,UNINCORPORATED,7,1,8,1,1,F,1,1
100801,FRESNO,UNINCORPORATED,2,0,8,1,1,F,1,1
100802,ALAMEDA,LIVERMORE,4,0,1,1,2,F,0,0
100803,SAN DIEGO,ESCONDIDO,6,1,1,1,2,F,0,1
100804,SAN DIEGO,ESCONDIDO,1,0,3,1,2,F,0,1
100805,FRESNO,UNINCORPORATED,3,0,3,0,2,F,1,0
100806,FRESNO,UNINCORPORATED,1,0,8,1,2,F,1,1
100807,SAN DIEGO,SAN DIEGO,1,0,7,1,2,F,1,1
100808,ORANGE,ANAHEIM,7,0,7,1,3,F,1,0
100809,STANISLAUS,UNINCORPORATED,5,0,8,1,3,F,0,1
100810,SOLANO,UNINCORPORATED,7,0,3,1,3,F,0,1
100811,SANTA CLARA,PALO ALTO,7,0,8,1,3,F,0,1
100812,SOLANO,BENICIA,4,0,7,1,2,F,1,0
100813,STANISLAUS,MODESTO,4,0,8,0,2,F,0,1
100814,MONTEREY,UNINCORPORATED,2,1,1,1,2,F,1,1
100815,SAN DIEGO,SAN DIEGO,5,0,8,1,2,F,0,0
100816,PLACER,UNINCORPORATED,4,1,8,1,2,F,1,1
100817,ORANGE,ANAHEIM,4,0,3,1,2,F,1,0
100818,LOS ANGELES,LYNWOOD,2,1,8,1,1,F,1,0
100819,KERN,UNINCORPORATED,4,0,8,0,2,F,0,1
100820,MENDOCINO,UNINCORPORATED,3,1,3,1,1,F,1,0
100821,ORANGE,GARDEN GROVE,7,0,9,1,3,F,0,1
100822,LASSEN,UNINCORPORATED,2,0,8,0,3,F,0,0
100823,ORANGE,GARDEN GROVE,5,0,3,1,3,F,0,0
100824,MARIN,UNINCORPORATED,6,1,3,0,3,F,1,1
100825,CONTRA COSTA,PITTSBURG,1,0,8,1,2,F,0,1
100826,SOLANO,VACAVILLE,2,0,8,1,2,F,1,1
100827,SAN DIEGO,ESCONDIDO,4,0,3,1,2,F,0,1
100828,SAN DIEGO,SAN DIEGO,6,0,3,1,2,F,0,0
100829,SAN DIEGO,SAN DIEGO,5,0,3,1,2,F,1,1
100830,SAN DIEGO,NATIONAL CITY,7,1,8,1,2,F,1,1
100831,SANTA CLARA,SAN JOSE,3,0,7,1,2,F,1,0
100832,MENDOCINO,UNINCORPORATED,7,0,8,1,2,F,1,0
100833,SAN BERNARDINO,YUCAIPA,1,0,3,1,2,F,0,1
100834,SAN BERNARDINO,HESPERIA,1,0,1,1,2,F,0,0
100835,VENTURA,UNINCORPORATED,2,0,8,0,2,F,1,1
100836,EL DORADO,UNINCORPORATED,2,0,1,1,2,F,1,0
100837,SAN DIEGO,ESCONDIDO,1,0,8,1,2,F,0,0
100838,SANTA CLARA,SAN JOSE,5,0,3,1,2,F,0,0
100839,RIVERSIDE,PERRIS,7,0,8,1,2,F,1,1
100840,SAN JOAQUIN,STOCKTON,4,0,1,1,2,F,1,1
100841,ORANGE,SANTA ANA,1,0,9,1,2,F,0,1
100842,LOS ANGELES,DUARTE,7,0,3,1,2,F,1,1
100843,SAN JOAQUIN,UNINCORPORATED,3,0,8,1,2,F,0,1
100844,SAN JOAQUIN,STOCKTON,5,1,1,1,2,F,1,0
100845,SAN DIEGO,SAN DIEGO,3,1,7,1,2,F,0,1
100846,SAN DIEGO,SAN DIEGO,2,0,3,1,2,F,1,1
100847,LAKE,UNINCORPORATED,7,0,1,1,2,F,1,0
100848,RIVERSIDE,RIVERSIDE,3,0,8,1,2,F,0,1
100849,LAKE,UNINCORPORATED,6,0,8,1,2,F,0,1
100850,ORANGE,ANAHEIM,6,0,12,0,2,F,0,1
100851,FRESNO,UNINCORPORATED,3,1,1,0,3,F,0,0
100852,FRESNO,UNINCORPORATED,6,1,9,1,3,F,0,1
100853,FRESNO,UNINCORPORATED,1,0,8,0,3,F,0,1
100854,YUBA,UNINCORPORATED,7,1,1,1,2,F,0,1
100855,KINGS,UNINCORPORATED,6,1,8,0,2,F,0,1
100856,FRESNO,UNINCORPORATED,5,0,8,1,2,F,0,1
100857,FRESNO,UNINCORPORATED,4,0,3,1,2,F,0,1
100858,SAN DIEGO,SAN DIEGO,5,0,3,0,2,F,0,1
100859,SAN DIEGO,SAN DIEGO,5,0,8,0,2,F,1,1
100860,SAN DIEGO,SAN DIEGO,3,0,3,0,2,F,1,1
100861,CONTRA COSTA,SAN RAMON,3,0,1,1,3,F,0,0
100862,LAKE,UNINCORPORATED,6,1,1,1,3,F,1,0
100863,SAN MATEO,SOUTH SAN FRANCISCO,5,1,7,1,3,F,1,0
100864,SOLANO,VALLEJO,2,0,8,1,2,F,1,1
100865,MERCED,LIVINGSTON,6,0,8,1,3,F,1,0
100866,LOS ANGELES,TORRANCE,6,0,8,1,3,F,0,0
100867,ALAMEDA,FREMONT,5,0,3,1,2,F,0,1
100868,TULARE,UNINCORPORATED,6,1,8,1,2,F,0,0
100869,TULARE,UNINCORPORATED,1,0,8,1,2,F,0,0
100870,TULARE,UNINCORPORATED,2,0,1,1,2,F,0,1
100871,AMADOR,UNINCORPORATED,7,0,1,1,2,F,0,0
100872,FRESNO,UNINCORPORATED,3,1,8,1,2,F,0,1
100873,KERN,UNINCORPORATED,6,0,8,1,2,F,0,0
100874,FRESNO,FRESNO,1,0,1,1,2,F,0,0
100875,TULARE,UNINCORPORATED,2,0,3,0,2,F,1,1
100876,SAN JOAQUIN,UNINCORPORATED,7,0,1,1,2,F,1,0
100877,SAN JOAQUIN,UNINCORPORATED,6,1,1,1,2,F,1,1
100878,SAN JOAQUIN,UNINCORPORATED,2,0,8,1,2,F,1,1
100879,SAN JOAQUIN,UNINCORPORATED,5,0,8,1,2,F,1,1
100880,RIVERSIDE,BANNING,7,0,8,1,2,F,1,1
100881,GLENN,UNINCORPORATED,7,0,8,1,2,F,1,0
100882,VENTURA,OXNARD,7,0,1,1,2,F,0,1
100883,ALAMEDA,OAKLAND,5,0,12,1,2,F,0,0
100884,MONTEREY,MONTEREY,6,0,8,1,2,F,1,1
100885,MONTEREY,UNINCORPORATED,2,0,8,1,2,F,0,1
100886,RIVERSIDE,RIVERSIDE,4,0,9,1,2,F,0,1
100887,MERCED,UNINCORPORATED,2,0,8,0,2,F,1,1
100888,PLACER,UNINCORPORATED,6,0,1,1,2,F,1,0
100889,EL DORADO,UNINCORPORATED,2,0,3,0,2,F,0,1
100890,SAN FRANCISCO,SAN FRANCISCO,5,0,3,1,2,F,1,0
100891,RIVERSIDE,COACHELLA,5,0,3,1,2,F,1,1
100892,SONOMA,PETALUMA,4,0,8,0,2,F,0,1
100893,SISKIYOU,UNINCORPORATED,4,0,3,0,2,F,1,0
100894,KERN,UNINCORPORATED,6,0,8,1,2,F,1,0
100895,KERN,UNINCORPORATED,6,1,8,1,2,F,1,0
100896,KERN,UNINCORPORATED,6,0,8,1,2,F,0,0
100897,FRESNO,UNINCORPORATED,6,0,8,1,2,F,1,1
100898,MADERA,UNINCORPORATED,5,0,3,1,2,F,0,1
100899,RIVERSIDE,PALM SPRINGS,4,0,7,1,2,F,1,1
100900,RIVERSIDE,PALM SPRINGS,3,0,3,1,2,F,0,0
100901,ORANGE,MISSION VIEJO,1,0,3,1,2,F,0,1
100902,SANTA CRUZ,UNINCORPORATED,5,0,1,0,2,F,0,0
100903,SANTA CLARA,SUNNYVALE,6,1,1,1,2,F,0,1
100904,SANTA CLARA,SAN JOSE,2,0,3,1,2,F,1,0
100905,MARIN,UNINCORPORATED,6,0,8,1,2,F,1,1
100906,PLACER,UNINCORPORATED,4,0,8,1,2,F,0,0
100907,ORANGE,ANAHEIM,1,0,8,0,2,F,1,0
100908,SAN DIEGO,SAN DIEGO,6,0,3,1,2,F,0,1
100909,STANISLAUS,UNINCORPORATED,7,0,3,1,2,F,0,1
100910,IMPERIAL,UNINCORPORATED,5,0,8,1,2,F,0,1
100911,SANTA CLARA,SAN JOSE,6,0,3,1,2,F,0,0
100912,SAN MATEO,UNINCORPORATED,2,0,3,0,2,F,0,1
100913,SAN MATEO,UNINCORPORATED,1,0,8,1,2,F,1,1
100914,SAN MATEO,REDWOOD CITY,1,0,8,1,2,F,1,1
100915,TULARE,UNINCORPORATED,1,0,7,1,2,F,1,1
100916,FRESNO,UNINCORPORATED,6,1,1,1,2,F,0,0
100917,SAN MATEO,SAN MATEO,5,0,8,1,2,F,1,0
100918,SAN DIEGO,VISTA,3,0,3,0,2,F,1,0
100919,SAN MATEO,MENLO PARK,2,0,3,1,2,F,0,1
100920,FRESNO,FRESNO,1,0,8,1,3,F,1,1
100921,FRESNO,UNINCORPORATED,4,0,8,1,3,F,0,0
100922,SAN BERNARDINO,CHINO,7,0,8,1,3,F,1,1
100923,FRESNO,FRESNO,2,0,8,1,3,F,1,0
100924,FRESNO,UNINCORPORATED,2,0,8,1,3,F,0,0
100925,KERN,UNINCORPORATED,5,0,3,0,2,F,1,1
100926,SISKIYOU,UNINCORPORATED,5,0,8,0,2,F,0,0
100927,SAN BENITO,UNINCORPORATED,1,0,8,1,2,F,0,1
100928,TULARE,UNINCORPORATED,7,0,8,1,2,F,0,1
100929,LOS ANGELES,COMMERCE,1,0,7,1,2,F,1,1
100930,ALAMEDA,BERKELEY,1,0,8,1,2,F,1,1
100931,FRESNO,UNINCORPORATED,7,0,1,1,2,F,1,0
100932,ALAMEDA,FREMONT,5,0,8,1,2,F,0,0
100933,SANTA CLARA,SAN JOSE,1,0,1,1,2,F,0,0
100934,SAN DIEGO,SAN DIEGO,4,0,3,1,2,F,0,1
100935,TULARE,UNINCORPORATED,4,0,3,1,2,F,0,1
100936,TULARE,UNINCORPORATED,7,0,1,1,2,F,0,0
100937,TULARE,VISALIA,7,0,1,1,2,F,1,1
100938,TULARE,UNINCORPORATED,7,0,8,1,2,F,1,0
100939,ORANGE,ANAHEIM,3,0,8,1,2,F,1,0
100940,SAN DIEGO,SAN DIEGO,4,0,8,0,2,F,1,0
100941,SONOMA,UNINCORPORATED,4,0,1,1,2,F,0,0
100942,SAN DIEGO,SAN DIEGO,6,1,3,1,2,F,1,1
100943,SAN BENITO,UNINCORPORATED,6,0,3,1,2,F,1,1
100944,SAN BERNARDINO,BIG BEAR LAKE,7,0,3,1,2,F,0,1
100945,RIVERSIDE,LA QUINTA,5,0,3,1,3,F,0,1
100946,TULARE,UNINCORPORATED,7,0,8,1,3,F,1,0
100947,HUMBOLDT,UNINCORPORATED,5,0,8,1,3,F,1,1
100948,MERCED,UNINCORPORATED,6,0,8,1,2,F,1,0
100949,FRESNO,UNINCORPORATED,4,0,8,1,2,F,1,0
100950,SAN DIEGO,SAN DIEGO,6,1,1,0,2,F,1,0
100951,LOS ANGELES,LOS ANGELES,2,0,1,1,3,F,0,0
100952,LOS ANGELES,BURBANK,3,0,3,1,3,F,0,1
100953,LOS ANGELES,BURBANK,2,0,8,1,3,F,0,1
100954,SAN DIEGO,VISTA,4,0,8,1,3,F,1,1
100955,INYO,UNINCORPORATED,3,0,3,1,3,F,0,1
100956,NAPA,UNINCORPORATED,1,0,3,1,3,F,0,1
100957,MONTEREY,MONTEREY,6,0,3,1,3,F,0,1
100958,TEHAMA,UNINCORPORATED,6,0,8,1,3,F,0,1
100959,TULARE,PORTERVILLE,5,0,8,1,3,F,0,1
100960,SAN DIEGO,SAN DIEGO,7,0,3,1,3,F,0,1
100961,SAN DIEGO,SAN DIEGO,3,0,8,1,3,F,1,1
100962,SAN DIEGO,SAN DIEGO,7,0,3,1,3,F,0,1
100963,SAN DIEGO,LA MESA,3,0,3,1,2,F,0,0
100964,KINGS,AVENAL,1,0,8,1,2,F,0,0
100965,RIVERSIDE,RIVERSIDE,3,0,9,1,2,F,0,0
100966,SAN BERNARDINO,SAN BERNARDINO,2,0,8,1,2,F,0,0
100967,LAKE,UNINCORPORATED,6,0,8,1,3,F,0,1
100968,BUTTE,UNINCORPORATED,3,0,8,0,3,F,0,1
100969,YUBA,UNINCORPORATED,2,0,1,1,3,F,0,0
100970,MADERA,UNINCORPORATED,3,0,8,1,2,F,0,1
100971,YUBA,UNINCORPORATED,2,0,1,1,2,F,0,0
100972,SAN BERNARDINO,ONTARIO,1,0,9,1,2,F,0,1
100973,SAN DIEGO,SAN DIEGO,6,0,8,0,3,F,0,0
100974,YUBA,UNINCORPORATED,7,0,8,1,3,F,0,1
100975,YUBA,UNINCORPORATED,5,0,8,1,3,F,0,1
100976,SACRAMENTO,SACRAMENTO,1,1,3,1,3,F,0,1
100977,ALAMEDA,HAYWARD,6,0,1,1,3,F,0,0
100978,PLUMAS,UNINCORPORATED,4,0,8,1,3,F,1,1
100979,PLUMAS,UNINCORPORATED,7,0,1,1,3,F,1,0
100980,CONTRA COSTA,UNINCORPORATED,5,0,1,1,3,F,0,0
100981,CONTRA COSTA,UNINCORPORATED,5,0,8,1,3,F,0,0
100982,CONTRA COSTA,UNINCORPORATED,2,0,8,1,3,F,0,1
100983,SONOMA,UNINCORPORATED,2,0,8,0,3,F,1,0
100984,SAN DIEGO,VISTA,6,1,8,1,2,F,0,0
100985,ORANGE,MISSION VIEJO,2,0,3,1,3,F,0,1
100986,KERN,UNINCORPORATED,6,0,8,1,3,F,0,1
100987,VENTURA,UNINCORPORATED,2,0,3,1,3,F,1,1
100988,EL DORADO,UNINCORPORATED,6,0,3,1,3,F,1,1
100989,SAN FRANCISCO,SAN FRANCISCO,2,0,7,0,3,F,1,1
100990,MONTEREY,UNINCORPORATED,4,1,8,1,3,F,1,1
100991,MODOC,UNINCORPORATED,5,0,8,1,3,F,1,1
100992,SANTA CLARA,SANTA CLARA,5,0,1,1,2,F,0,0
100993,SAN DIEGO,SAN DIEGO,5,0,3,1,3,F,0,1
100994,HUMBOLDT,UNINCORPORATED,1,1,8,1,3,F,0,1
100995,HUMBOLDT,UNINCORPORATED,7,0,3,1,3,F,1,1
100996,SAN DIEGO,SAN DIEGO,2,0,8,1,3,F,1,1
100997,SAN DIEGO,SAN DIEGO,2,0,3,1,3,F,1,1
100998,STANISLAUS,UNINCORPORATED,1,0,1,1,3,F,0,0
100999,SAN LUIS OBISPO,SAN LUIS OBISPO,5,0,1,1,3,F,0,0
101000,SAN LUIS OBISPO,UNINCORPORATED,5,0,8,1,3,F,0,1
101001,STANISLAUS,UNINCORPORATED,6,1,8,0,3,F,0,1
101002,ORANGE,FULLERTON,5,0,1,1,3,F,0,0
101003,ORANGE,MISSION VIEJO,3,0,8,1,3,F,1,1
101004,ORANGE,SAN CLEMENTE,5,0,3,0,3,F,1,1
101005,INYO,UNINCORPORATED,7,0,8,1,3,F,1,1
101006,SANTA CLARA,LOS GATOS,6,0,1,1,3,F,0,0
101007,SANTA CLARA,SAN JOSE,7,0,8,1,3,F,0,0
101008,INYO,UNINCORPORATED,4,0,8,1,3,F,1,0
101009,NAPA,UNINCORPORATED,7,0,8,1,3,F,1,1
101010,SONOMA,UNINCORPORATED,4,0,3,0,3,F,1,1
101011,MARIN,UNINCORPORATED,6,0,8,1,3,F,1,1
101012,SONOMA,UNINCORPORATED,6,0,1,1,3,F,0,0
101013,MERCED,UNINCORPORATED,7,0,8,1,3,F,1,1
101014,SONOMA,UNINCORPORATED,6,0,3,1,3,F,1,1
101015,MERCED,UNINCORPORATED,1,0,8,1,3,F,0,1
101016,EL DORADO,UNINCORPORATED,4,0,1,0,3,F,0,0
101017,ORANGE,ANAHEIM,2,0,8,1,3,F,0,1
101018,SANTA CLARA,SAN JOSE,4,0,8,1,3,F,0,1
101019,VENTURA,VENTURA,3,0,7,0,3,F,1,1
101020,YOLO,UNINCORPORATED,7,1,8,1,2,F,1,0
101021,SANTA CLARA,SARATOGA,1,1,3,1,2,F,0,0
101022,RIVERSIDE,MORENO VALLEY,6,0,1,1,3,F,0,1
101023,SOLANO,VALLEJO,3,0,3,1,3,F,0,1
101024,RIVERSIDE,RIVERSIDE,7,0,8,1,3,F,0,1
101025,RIVERSIDE,TEMECULA,7,0,8,1,3,F,1,1
101026,LOS ANGELES,LOS ANGELES,7,0,1,1,3,F,0,0
101027,TULARE,TULARE,6,0,8,1,3,F,1,1
101028,MERCED,UNINCORPORATED,6,0,1,1,3,F,0,0
101029,SONOMA,UNINCORPORATED,4,0,8,0,3,F,0,1
101030,LOS ANGELES,LOS ANGELES,1,0,3,0,3,F,0,0
101031,LOS ANGELES,LOS ANGELES,2,0,8,1,3,F,0,0
101032,TULARE,UNINCORPORATED,1,0,8,1,3,F,0,1
101033,SONOMA,SANTA ROSA,4,1,3,1,3,F,0,1
101034,IMPERIAL,UNINCORPORATED,6,0,1,1,3,F,1,0
101035,IMPERIAL,UNINCORPORATED,7,0,8,1,3,F,1,1