ID,County,City,Weekday,Severity,ViolCat,ClearWeather,Month,CrashType,Highway,Daylight
104815,LOS ANGELES,CARSON,2,0,8,0,4,F,1,1
104816,LOS ANGELES,LYNWOOD,7,0,3,1,2,F,1,1
104817,LOS ANGELES,SANTA MONICA,5,0,7,1,3,F,1,1
104818,LOS ANGELES,LOS ANGELES,2,0,8,1,9,F,1,0
104819,LOS ANGELES,LONG BEACH,1,0,3,1,9,F,0,1
104820,LOS ANGELES,LONG BEACH,2,0,3,1,8,F,0,0
104821,LOS ANGELES,LONG BEACH,6,0,3,1,8,F,1,0
104822,LOS ANGELES,LYNWOOD,2,1,8,1,10,F,1,0
104823,LOS ANGELES,LOS ANGELES,5,0,8,1,9,F,0,1
104824,LOS ANGELES,CARSON,2,0,7,1,10,F,1,1
104825,LOS ANGELES,LONG BEACH,5,0,3,1,8,F,0,1
104826,LOS ANGELES,LOS ANGELES,7,0,3,1,8,F,0,1
104827,LOS ANGELES,LONG BEACH,7,0,3,1,7,F,1,1
104828,LOS ANGELES,LYNWOOD,4,0,3,1,10,F,1,1
104829,LOS ANGELES,CARSON,3,0,1,1,10,F,1,0
104830,LOS ANGELES,LONG BEACH,4,0,1,1,11,F,0,0
104831,LOS ANGELES,LOS ANGELES,2,0,8,1,11,F,1,0
104832,LOS ANGELES,LONG BEACH,2,0,8,1,11,F,1,0
104833,LOS ANGELES,LYNWOOD,4,0,3,1,11,F,1,0
104834,LOS ANGELES,LONG BEACH,5,0,3,1,12,F,0,1
104835,LOS ANGELES,LOS ANGELES,7,0,3,1,12,F,0,1
104836,LOS ANGELES,TORRANCE,6,0,3,1,12,F,1,1
104837,LOS ANGELES,LOS ANGELES,1,0,3,1,12,F,1,1
104838,LOS ANGELES,LONG BEACH,7,0,3,1,12,F,1,0
104839,LOS ANGELES,LOS ANGELES,6,0,3,1,12,F,0,0
104840,LOS ANGELES,LOS ANGELES,7,0,3,1,12,F,0,1
104841,LOS ANGELES,LAWNDALE,6,0,3,1,3,F,1,1
104842,LOS ANGELES,LONG BEACH,5,0,1,1,5,F,0,0
104843,LOS ANGELES,LOS ANGELES,3,0,3,1,7,F,0,1
104844,LOS ANGELES,LYNWOOD,3,0,3,1,7,F,1,0
104845,LOS ANGELES,LOS ANGELES,7,0,3,0,7,F,1,1
104846,LOS ANGELES,LOS ANGELES,5,0,8,1,5,F,1,1
104847,LOS ANGELES,LONG BEACH,4,0,3,1,7,F,0,0
104848,LOS ANGELES,LONG BEACH,6,0,3,1,5,F,0,1
104849,LOS ANGELES,LOS ANGELES,6,0,8,1,4,F,1,1
104850,LOS ANGELES,LONG BEACH,6,1,8,1,4,F,1,0
104851,LOS ANGELES,CULVER CITY,7,0,12,1,2,F,0,1
104852,LOS ANGELES,LOS ANGELES,6,1,3,1,7,F,1,1
104853,LOS ANGELES,LYNWOOD,5,0,1,1,7,F,1,0
104854,SAN DIEGO,VISTA,6,1,1,1,11,F,0,0
104855,SAN BERNARDINO,COLTON,1,1,8,1,12,F,1,1
104856,LOS ANGELES,LOS ANGELES,4,0,3,0,12,F,1,1
104857,YOLO,UNINCORPORATED,5,0,1,1,12,F,0,1
104858,LOS ANGELES,CULVER CITY,1,0,3,0,7,F,0,0
104859,LOS ANGELES,INGLEWOOD,2,0,3,1,8,F,1,1
104860,LOS ANGELES,LOS ANGELES,5,0,8,1,12,F,1,1
104861,LOS ANGELES,LOS ANGELES,7,0,1,1,7,F,0,0
104862,LOS ANGELES,LOS ANGELES,7,0,8,1,8,F,1,1
104863,LOS ANGELES,CULVER CITY,6,0,8,0,8,F,0,1
104864,LOS ANGELES,LONG BEACH,4,0,3,1,3,F,0,1
104865,LOS ANGELES,LOS ANGELES,1,0,8,1,10,F,0,1
104866,LOS ANGELES,LOS ANGELES,1,1,8,1,10,F,1,1
104867,LOS ANGELES,LOS ANGELES,3,0,3,1,9,F,1,1
104868,LOS ANGELES,LOS ANGELES,3,1,8,1,9,F,0,0
104869,LOS ANGELES,HAWTHORNE,6,0,8,1,9,F,1,0
104870,LOS ANGELES,CARSON,1,0,3,1,10,F,0,0
104871,LOS ANGELES,LOS ANGELES,6,0,8,1,8,F,1,1
104872,LOS ANGELES,LOS ANGELES,5,0,3,1,10,F,1,0
104873,LOS ANGELES,CARSON,6,0,3,1,11,F,1,1
104874,LOS ANGELES,LOS ANGELES,2,0,3,1,11,F,1,0
104875,SACRAMENTO,SACRAMENTO,4,0,1,1,12,F,0,0
104876,ALAMEDA,PLEASANTON,6,0,3,1,12,F,1,1
104877,SAN DIEGO,EL CAJON,2,0,3,1,12,F,0,1
104878,RIVERSIDE,HEMET,3,0,9,1,12,F,0,1
104879,ALAMEDA,OAKLAND,2,0,3,0,12,F,0,1
104880,LOS ANGELES,NORWALK,6,0,3,0,12,F,0,1
104881,LOS ANGELES,NORWALK,4,0,8,0,12,F,0,0
104882,LOS ANGELES,CARSON,4,0,8,1,3,F,1,1
104883,ALAMEDA,OAKLAND,7,0,8,1,12,F,0,0
104884,CONTRA COSTA,ANTIOCH,6,0,3,1,12,F,0,0
104885,LOS ANGELES,LOS ANGELES,1,0,8,1,9,F,1,1
104886,LOS ANGELES,INGLEWOOD,7,0,3,1,9,F,1,1
104887,SANTA CRUZ,UNINCORPORATED,4,0,9,1,12,F,1,1
104888,KERN,CALIFORNIA CITY,6,0,8,1,12,F,0,1
104889,LOS ANGELES,HAWTHORNE,1,0,8,1,12,F,1,0
104890,LOS ANGELES,HAWTHORNE,7,0,3,1,12,F,0,1
104891,ALAMEDA,OAKLAND,2,0,3,0,11,F,0,1
104892,ALAMEDA,OAKLAND,2,0,8,1,11,F,1,1
104893,LOS ANGELES,HAWTHORNE,5,0,8,0,11,F,0,1
104894,LOS ANGELES,LOS ANGELES,5,0,8,1,6,F,1,1
104895,LOS ANGELES,LOS ANGELES,1,0,3,1,7,F,0,0
104896,RIVERSIDE,CATHEDRAL CITY,6,0,8,1,12,F,0,0
104897,LOS ANGELES,TORRANCE,1,1,1,1,8,F,1,0
104898,LOS ANGELES,LOS ANGELES,6,0,3,1,11,F,0,1
104899,LOS ANGELES,INGLEWOOD,5,0,4,1,11,F,0,1
104900,LOS ANGELES,LOS ANGELES,6,0,8,0,12,F,0,0
104901,LOS ANGELES,LOS ANGELES,1,0,7,1,12,F,1,1
104902,SANTA CLARA,SAN JOSE,5,0,7,1,11,F,1,1
104903,SANTA CRUZ,UNINCORPORATED,4,0,8,0,11,F,1,1
104904,SAN MATEO,UNINCORPORATED,3,0,3,1,11,F,1,1
104905,ORANGE,ANAHEIM,5,0,3,1,11,F,1,1
104906,SAN DIEGO,CHULA VISTA,3,0,8,1,11,F,0,1
104907,SAN BERNARDINO,SAN BERNARDINO,5,0,9,1,7,F,0,1
104908,ORANGE,IRVINE,4,0,3,0,12,F,0,1
104909,ORANGE,COSTA MESA,4,0,3,0,12,F,0,1
104910,KERN,UNINCORPORATED,5,0,8,1,10,F,0,1
104911,SAN FRANCISCO,SAN FRANCISCO,7,0,1,1,6,F,0,0
104912,SAN FRANCISCO,SAN FRANCISCO,7,0,3,1,6,F,0,0
104913,SAN FRANCISCO,SAN FRANCISCO,3,0,3,1,4,F,0,1
104914,SAN FRANCISCO,SAN FRANCISCO,5,0,9,0,4,F,0,0
104915,SAN FRANCISCO,SAN FRANCISCO,1,0,1,1,4,F,0,1
104916,SAN FRANCISCO,SAN FRANCISCO,4,0,3,0,5,F,0,1
104917,SAN FRANCISCO,SAN FRANCISCO,1,0,3,1,5,F,0,0
104918,SAN FRANCISCO,SAN FRANCISCO,1,0,6,1,5,F,0,1
104919,SAN FRANCISCO,SAN FRANCISCO,5,0,3,1,5,F,0,1
104920,SAN FRANCISCO,SAN FRANCISCO,2,0,3,1,5,F,0,1
104921,LOS ANGELES,LOS ANGELES,5,0,1,1,4,F,0,0
104922,LOS ANGELES,DOWNEY,3,0,8,1,3,F,1,1
104923,LOS ANGELES,NORWALK,7,0,3,1,7,F,0,1
104924,LOS ANGELES,SANTA FE SPRINGS,7,0,1,1,3,F,0,0
104925,LOS ANGELES,CERRITOS,3,0,3,1,7,F,0,1
104926,LOS ANGELES,CERRITOS,6,0,8,1,3,F,1,1
104927,LOS ANGELES,DOWNEY,6,0,3,1,6,F,0,1
104928,SAN FRANCISCO,SAN FRANCISCO,4,0,3,1,6,F,0,0
104929,TUOLUMNE,UNINCORPORATED,7,0,1,1,12,F,0,0
104930,SAN FRANCISCO,SAN FRANCISCO,7,0,3,1,7,F,0,1
104931,SAN FRANCISCO,SAN FRANCISCO,7,0,3,1,6,F,0,1
104932,SAN FRANCISCO,SAN FRANCISCO,3,0,3,1,7,F,0,1
104933,SAN FRANCISCO,SAN FRANCISCO,5,1,7,1,5,F,0,0
104934,SAN FRANCISCO,SAN FRANCISCO,1,1,3,0,7,F,0,0
104935,SAN FRANCISCO,SAN FRANCISCO,7,0,3,1,6,F,0,1
104936,SAN FRANCISCO,SAN FRANCISCO,2,1,3,1,6,F,0,0
104937,LOS ANGELES,BELLFLOWER,7,0,3,1,1,F,1,1
104938,LOS ANGELES,CERRITOS,7,0,8,1,1,F,1,0
104939,LOS ANGELES,INDUSTRY,6,0,3,1,1,F,1,1
104940,LOS ANGELES,CERRITOS,6,0,8,1,2,F,1,0
104941,SANTA CLARA,SARATOGA,4,0,8,1,9,F,0,1
104942,LOS ANGELES,NORWALK,2,0,3,0,8,F,0,1
104943,LOS ANGELES,CERRITOS,7,0,8,1,9,F,0,1
104944,LOS ANGELES,NORWALK,3,0,8,1,9,F,0,0
104945,LOS ANGELES,SANTA FE SPRINGS,2,0,8,1,11,F,1,1
104946,LOS ANGELES,DOWNEY,7,1,8,1,9,F,1,1
104947,LOS ANGELES,DOWNEY,5,0,3,0,11,F,0,1
104948,LOS ANGELES,CERRITOS,6,0,3,0,12,F,0,1
104949,LOS ANGELES,CERRITOS,6,0,1,1,12,F,1,1
104950,LOS ANGELES,DOWNEY,2,0,8,0,12,F,1,0
104951,LOS ANGELES,LA MIRADA,1,0,8,1,12,F,1,0
104952,LOS ANGELES,DOWNEY,7,0,8,1,12,F,1,0
104953,LOS ANGELES,ARTESIA,7,0,1,1,2,F,1,0
104954,LOS ANGELES,CERRITOS,7,0,8,1,6,F,0,1
104955,LOS ANGELES,DOWNEY,7,0,8,1,3,F,1,1
104956,LOS ANGELES,SANTA FE SPRINGS,7,0,8,1,3,F,1,1
104957,LOS ANGELES,CERRITOS,3,0,3,1,3,F,0,1
104958,LOS ANGELES,SANTA FE SPRINGS,2,0,3,1,10,F,0,0
104959,LOS ANGELES,SANTA FE SPRINGS,7,0,8,0,7,F,0,0
104960,LOS ANGELES,CERRITOS,3,0,3,1,7,F,1,1
104961,LOS ANGELES,SANTA FE SPRINGS,7,0,3,0,3,F,1,1
104962,LOS ANGELES,BELLFLOWER,3,1,3,1,7,F,1,1
104963,LOS ANGELES,LOS ANGELES,2,1,3,0,5,F,0,0
104964,ORANGE,ANAHEIM,6,0,1,1,7,F,0,0
104965,LOS ANGELES,SANTA FE SPRINGS,1,0,3,1,4,F,0,1
104966,LOS ANGELES,DOWNEY,5,0,8,1,4,F,0,1
104967,KERN,CALIFORNIA CITY,1,1,8,1,2,F,1,1
104968,SHASTA,REDDING,6,0,8,1,11,F,0,0
104969,FRESNO,FRESNO,5,0,3,1,2,F,0,1
104970,LOS ANGELES,TORRANCE,2,0,3,1,6,F,0,1
104971,CONTRA COSTA,SAN RAMON,7,0,10,1,1,G,0,1
104972,KERN,UNINCORPORATED,4,1,11,1,1,G,1,0
104973,LOS ANGELES,SANTA CLARITA,1,1,10,1,1,G,0,1
104974,SOLANO,FAIRFIELD,6,1,11,1,1,G,0,0
104975,LOS ANGELES,LYNWOOD,5,1,11,1,1,G,0,0
104976,KERN,UNINCORPORATED,5,1,11,1,1,G,1,0
104977,ORANGE,GARDEN GROVE,2,1,11,1,1,G,0,0
104978,ORANGE,SANTA ANA,4,1,10,0,1,G,0,0
104979,LOS ANGELES,LONG BEACH,6,1,11,1,1,G,0,0
104980,RIVERSIDE,PALM SPRINGS,2,1,11,1,1,G,0,0
104981,LOS ANGELES,PALMDALE,1,1,11,1,1,G,0,0
104982,SAN DIEGO,SAN DIEGO,5,1,11,1,2,G,0,0
104983,MADERA,UNINCORPORATED,6,1,11,1,1,G,0,1
104984,LOS ANGELES,LONG BEACH,5,1,11,0,1,G,0,0
104985,TULARE,PORTERVILLE,1,1,11,0,2,G,1,0
104986,ORANGE,ANAHEIM,6,1,1,1,2,G,0,0
104987,KERN,UNINCORPORATED,3,1,11,0,1,G,0,0
104988,LOS ANGELES,POMONA,1,1,11,1,1,G,0,0
104989,MADERA,UNINCORPORATED,4,1,11,1,1,G,0,1
104990,BUTTE,PARADISE,4,1,3,1,2,G,0,0
104991,SACRAMENTO,SACRAMENTO,1,1,11,1,2,G,0,0
104992,HUMBOLDT,ARCATA,1,1,11,1,1,G,1,0
104993,RIVERSIDE,CATHEDRAL CITY,2,1,11,1,1,G,0,0
104994,LOS ANGELES,PASADENA,3,1,11,1,1,G,1,0
104995,SAN DIEGO,SAN DIEGO,3,1,11,1,2,G,0,0
104996,LOS ANGELES,LA PUENTE,6,1,11,1,2,G,0,0
104997,KERN,UNINCORPORATED,7,1,3,1,2,G,0,0
104998,LOS ANGELES,PASADENA,4,1,11,0,1,G,1,1
104999,RIVERSIDE,INDIO,7,1,11,1,2,G,1,0
105000,LOS ANGELES,SOUTH EL MONTE,2,1,10,1,2,G,0,1
105001,SAN JOAQUIN,TRACY,3,1,9,0,2,G,0,0
105002,LOS ANGELES,WEST HOLLYWOOD,1,1,10,0,2,G,0,0
105003,VENTURA,OXNARD,7,1,10,1,2,G,0,1
105004,ORANGE,ANAHEIM,4,1,11,1,1,G,0,0
105005,SAN DIEGO,SAN DIEGO,1,1,11,1,2,G,0,0
105006,SAN DIEGO,SAN DIEGO,5,1,12,1,2,G,0,1
105007,LOS ANGELES,PARAMOUNT,6,1,1,1,1,G,1,0
105008,MADERA,UNINCORPORATED,5,1,11,0,2,G,1,0
105009,SAN DIEGO,NATIONAL CITY,6,1,3,1,1,G,0,0
105010,SONOMA,SANTA ROSA,2,1,11,1,2,G,0,0
105011,KERN,UNINCORPORATED,3,1,11,1,2,G,0,1
105012,ORANGE,SANTA ANA,7,1,11,1,3,G,0,0
105013,LOS ANGELES,LOS ANGELES,3,1,3,1,3,G,0,1
105014,SANTA CLARA,SAN JOSE,5,1,11,1,1,G,1,0
105015,SACRAMENTO,SACRAMENTO,5,1,11,1,2,G,0,0
105016,FRESNO,UNINCORPORATED,5,1,11,1,2,G,1,0
105017,SANTA CLARA,SAN JOSE,4,1,11,0,3,G,1,0
105018,LOS ANGELES,MALIBU,2,1,11,0,2,G,1,0
105019,LOS ANGELES,LANCASTER,2,1,11,1,3,G,0,0
105020,SACRAMENTO,SACRAMENTO,2,1,11,0,3,G,0,0
105021,SAN DIEGO,SAN DIEGO,6,1,11,1,2,G,0,0
105022,RIVERSIDE,RIVERSIDE,1,1,11,1,2,G,0,1
105023,RIVERSIDE,CATHEDRAL CITY,7,1,11,1,1,G,0,0
105024,RIVERSIDE,RIVERSIDE,5,1,11,1,2,G,1,0
105025,RIVERSIDE,RANCHO MIRAGE,3,1,11,1,1,G,0,0
105026,SAN BERNARDINO,SAN BERNARDINO,3,1,11,1,1,G,0,0
105027,LOS ANGELES,LOS ANGELES,3,1,11,1,3,G,0,0
105028,SONOMA,SANTA ROSA,3,1,8,1,2,G,0,1
105029,SANTA CLARA,MOUNTAIN VIEW,1,1,10,1,3,G,0,0
105030,VENTURA,VENTURA,3,1,8,1,1,G,0,0
105031,SAN BERNARDINO,SAN BERNARDINO,4,0,11,1,8,G,1,1
105032,ORANGE,ANAHEIM,1,0,9,1,1,G,0,0
105033,SOLANO,FAIRFIELD,3,0,11,1,1,G,0,0
105034,ALAMEDA,OAKLAND,5,0,11,1,1,G,0,0
105035,SAN BERNARDINO,ADELANTO,3,0,11,1,1,G,0,1
105036,LOS ANGELES,LOS ANGELES,1,0,11,1,3,G,0,1
105037,LOS ANGELES,LOS ANGELES,3,0,11,1,3,G,0,0
105038,CONTRA COSTA,DANVILLE,7,0,1,1,3,G,0,1
105039,LOS ANGELES,LOS ANGELES,1,0,11,1,4,G,0,1
105040,SAN FRANCISCO,SAN FRANCISCO,1,1,10,1,2,G,0,1
105041,LOS ANGELES,SANTA MONICA,4,0,10,1,4,G,0,0
105042,KERN,UNINCORPORATED,2,1,10,1,1,G,0,0
105043,KERN,UNINCORPORATED,2,0,3,0,1,G,0,0
105044,BUTTE,CHICO,1,0,10,1,1,G,0,1
105045,ALAMEDA,OAKLAND,4,0,10,1,1,G,0,1
105046,ORANGE,ORANGE,1,0,10,0,1,G,0,0
105047,ORANGE,TUSTIN,5,0,10,1,1,G,0,1
105048,PLACER,UNINCORPORATED,5,0,3,1,1,G,1,1
105049,LOS ANGELES,DOWNEY,2,0,10,1,1,G,0,1
105050,SAN DIEGO,SAN DIEGO,5,0,10,1,1,G,0,0
105051,SONOMA,PETALUMA,3,0,11,1,1,G,0,1
105052,LOS ANGELES,EL MONTE,3,1,11,1,1,G,0,0
105053,STANISLAUS,TURLOCK,2,0,11,1,1,G,0,0
105054,MONTEREY,SALINAS,4,0,10,1,1,G,0,1
105055,NEVADA,GRASS VALLEY,4,0,11,0,1,G,0,0
105056,SAN DIEGO,SAN DIEGO,2,0,10,1,1,G,0,1
105057,SAN DIEGO,SAN MARCOS,1,0,9,1,1,G,0,0
105058,LOS ANGELES,GLENDALE,2,0,10,1,1,G,0,0
105059,LOS ANGELES,GLENDALE,5,0,10,1,1,G,0,1
105060,SONOMA,PETALUMA,7,0,11,1,1,G,0,0
105061,LOS ANGELES,LONG BEACH,5,0,11,0,1,G,0,0
105062,SANTA CLARA,PALO ALTO,6,0,10,1,1,G,0,1
105063,ORANGE,WESTMINSTER,2,0,10,1,1,G,0,0
105064,ORANGE,SANTA ANA,7,0,11,0,1,G,0,1
105065,LOS ANGELES,LONG BEACH,2,0,12,1,1,G,0,0
105066,SONOMA,PETALUMA,2,0,10,1,1,G,0,1
105067,MONTEREY,MONTEREY,5,0,10,1,1,G,0,1
105068,MONTEREY,MONTEREY,1,0,10,1,1,G,0,1
105069,SAN MATEO,REDWOOD CITY,3,0,10,1,1,G,0,0
105070,MARIN,SAN RAFAEL,3,0,10,1,1,G,0,1
105071,CONTRA COSTA,SAN RAMON,6,0,10,1,1,G,0,1
105072,SONOMA,ROHNERT PARK,3,1,11,1,5,G,0,0
105073,SONOMA,ROHNERT PARK,6,0,10,1,1,G,0,0
105074,KERN,UNINCORPORATED,5,0,11,1,1,G,0,0
105075,ORANGE,ANAHEIM,3,0,10,1,1,G,0,0
105076,SAN LUIS OBISPO,ATASCADERO,2,1,11,1,1,G,1,0
105077,SOLANO,FAIRFIELD,4,0,10,1,1,G,0,1
105078,SOLANO,FAIRFIELD,4,0,11,1,1,G,0,1
105079,SAN DIEGO,SAN DIEGO,3,0,12,1,1,G,0,1
105080,VENTURA,THOUSAND OAKS,2,0,10,1,1,G,0,0
105081,ORANGE,HUNTINGTON BEACH,5,0,10,1,1,G,0,1
105082,ORANGE,BREA,2,0,10,1,1,G,0,1
105083,LOS ANGELES,MONTEREY PARK,6,0,11,1,1,G,0,1
105084,MONTEREY,SALINAS,7,0,11,1,1,G,0,1
105085,SAN BERNARDINO,FONTANA,4,0,11,1,1,G,0,1
105086,NEVADA,GRASS VALLEY,4,1,11,1,1,G,0,1
105087,LOS ANGELES,BELL GARDENS,1,0,10,1,1,G,0,1
105088,GLENN,WILLOWS,5,0,11,1,1,G,1,0
105089,SAN DIEGO,SAN DIEGO,1,0,9,1,1,G,0,1
105090,SAN DIEGO,SAN DIEGO,1,0,12,1,1,G,0,0
105091,SAN DIEGO,SAN DIEGO,5,0,11,1,1,G,0,1
105092,ORANGE,COSTA MESA,3,0,11,1,1,G,0,1
105093,STANISLAUS,TURLOCK,2,0,10,0,1,G,0,1
105094,CONTRA COSTA,ANTIOCH,2,0,1,1,1,G,0,0
105095,KERN,MCFARLAND,2,0,8,1,1,G,0,0
105096,KERN,UNINCORPORATED,1,1,11,1,1,G,0,0
105097,VENTURA,OXNARD,2,0,11,1,1,G,0,0
105098,ORANGE,COSTA MESA,4,0,10,1,1,G,0,0
105099,SAN DIEGO,VISTA,5,0,10,1,2,G,0,1
105100,CONTRA COSTA,CLAYTON,6,0,8,1,1,G,0,0
105101,LOS ANGELES,MONTEREY PARK,5,0,11,0,1,G,0,0
105102,SAN DIEGO,SAN DIEGO,2,0,11,1,1,G,0,1
105103,SAN DIEGO,SAN DIEGO,3,0,11,1,1,G,0,1
105104,SAN DIEGO,SAN DIEGO,3,0,10,1,1,G,0,1
105105,SAN DIEGO,SAN DIEGO,5,0,11,0,1,G,0,0
105106,LOS ANGELES,WEST HOLLYWOOD,6,0,10,1,1,G,0,1
105107,INYO,UNINCORPORATED,2,1,11,1,1,G,0,0
105108,SANTA CLARA,SAN JOSE,3,0,10,1,1,G,0,1
105109,SANTA CLARA,SAN JOSE,6,0,8,1,1,G,0,1
105110,SANTA CLARA,SAN JOSE,2,0,12,1,1,G,0,1
105111,NAPA,NAPA,4,0,10,1,1,G,0,0
105112,NAPA,NAPA,1,0,10,1,1,G,0,0
105113,SANTA CLARA,SAN JOSE,6,1,10,1,1,G,0,0
105114,SAN BERNARDINO,COLTON,2,0,10,1,1,G,0,1
105115,SAN MATEO,MILLBRAE,4,0,10,0,1,G,0,0
105116,ALAMEDA,OAKLAND,3,0,10,1,1,G,0,1
105117,LOS ANGELES,PICO RIVERA,5,1,11,1,2,G,0,0
105118,ALAMEDA,OAKLAND,3,1,11,0,1,G,0,0
105119,SAN DIEGO,SAN DIEGO,2,1,11,1,4,G,0,0
105120,ALAMEDA,HAYWARD,3,1,11,1,2,G,0,0
105121,SOLANO,BENICIA,1,1,3,0,4,G,1,0
105122,SANTA CLARA,SAN JOSE,4,1,1,1,4,G,0,1
105123,LOS ANGELES,LOS ANGELES,3,1,11,1,4,G,0,0
105124,IMPERIAL,UNINCORPORATED,1,1,11,0,4,G,1,0
105125,KERN,UNINCORPORATED,5,1,11,1,4,G,0,0
105126,SAN DIEGO,LA MESA,2,1,3,1,4,G,0,1
105127,ALAMEDA,OAKLAND,7,1,11,1,1,G,1,0
105128,LOS ANGELES,DUARTE,5,1,11,0,3,G,0,0
105129,LOS ANGELES,LOS ANGELES,1,1,10,1,4,G,0,0
105130,SAN BERNARDINO,HIGHLAND,2,1,11,1,1,G,0,0
105131,FRESNO,FRESNO,5,1,11,1,3,G,1,0
105132,STANISLAUS,UNINCORPORATED,4,1,11,1,3,G,0,0
105133,SAN DIEGO,CHULA VISTA,7,1,3,1,1,G,0,0
105134,LOS ANGELES,WALNUT,4,1,10,1,3,G,0,0
105135,SOLANO,UNINCORPORATED,6,1,11,1,3,G,0,0
105136,ORANGE,ORANGE,6,1,1,1,1,G,0,1
105137,LOS ANGELES,LOS ANGELES,6,1,12,0,4,G,0,1
105138,LOS ANGELES,MALIBU,1,1,7,1,2,G,1,0
105139,TULARE,UNINCORPORATED,2,1,11,1,3,G,0,0
105140,ALAMEDA,OAKLAND,7,1,11,1,3,G,1,0
105141,ORANGE,ANAHEIM,4,1,11,1,4,G,0,1
105142,SANTA CLARA,SAN JOSE,5,1,3,1,3,G,1,0
105143,SANTA CLARA,PALO ALTO,5,1,11,1,1,G,0,0
105144,COLUSA,COLUSA,1,1,10,1,3,G,1,1
105145,PLACER,UNINCORPORATED,4,1,11,1,3,G,0,0
105146,CONTRA COSTA,UNINCORPORATED,1,1,11,1,3,G,1,0
105147,SAN BERNARDINO,FONTANA,5,1,10,0,2,G,0,0
105148,LOS ANGELES,PALMDALE,5,1,11,0,3,G,0,0
105149,CONTRA COSTA,CONCORD,7,1,11,1,2,G,0,0
105150,SAN DIEGO,SAN DIEGO,4,1,11,1,4,G,0,0
105151,ORANGE,ANAHEIM,5,1,11,1,4,G,1,0
105152,LOS ANGELES,BELL GARDENS,1,1,11,1,3,G,0,0
105153,RIVERSIDE,RIVERSIDE,6,1,3,1,5,G,0,0
105154,SAN DIEGO,NATIONAL CITY,4,1,11,1,4,G,1,1
105155,SAN MATEO,FOSTER CITY,4,1,10,1,4,G,0,1
105156,KERN,UNINCORPORATED,5,1,10,1,4,G,0,1
105157,MARIN,SAN RAFAEL,2,1,11,1,4,G,1,0
105158,RIVERSIDE,DESERT HOT SPRINGS,7,1,11,1,1,G,0,0
105159,LOS ANGELES,LOS ANGELES,7,1,11,1,5,G,0,0
105160,FRESNO,UNINCORPORATED,7,1,1,1,2,G,1,0
105161,SAN DIEGO,SAN DIEGO,5,1,11,1,3,G,0,0
105162,SAN DIEGO,SAN DIEGO,5,1,11,0,3,G,1,0
105163,KERN,UNINCORPORATED,5,1,8,1,4,G,1,1
105164,LOS ANGELES,PASADENA,3,1,11,1,4,G,0,1
105165,SANTA CLARA,SAN JOSE,6,1,11,1,5,G,0,0
105166,TULARE,UNINCORPORATED,7,1,11,1,5,G,1,0
105167,LOS ANGELES,COMMERCE,7,1,11,0,3,G,1,0
105168,ORANGE,FULLERTON,2,1,10,1,2,G,0,0
105169,LOS ANGELES,LOS ANGELES,7,1,3,0,4,G,0,0
105170,MONTEREY,PACIFIC GROVE,3,1,10,1,4,G,0,1
105171,SAN FRANCISCO,SAN FRANCISCO,2,1,12,1,1,G,0,1
105172,SAN FRANCISCO,SAN FRANCISCO,2,1,11,1,4,G,0,1
105173,LOS ANGELES,WESTLAKE VILLAGE,3,1,3,1,4,G,0,0
105174,SAN FRANCISCO,SAN FRANCISCO,3,1,10,1,4,G,0,1
105175,SAN FRANCISCO,SAN FRANCISCO,3,1,10,0,3,G,0,0
105176,SAN FRANCISCO,SAN FRANCISCO,3,1,11,1,3,G,0,0
105177,SAN FRANCISCO,SAN FRANCISCO,6,1,10,1,2,G,0,1
105178,SAN FRANCISCO,SAN FRANCISCO,5,1,10,1,1,G,0,0
105179,LOS ANGELES,MALIBU,6,1,11,1,4,G,1,0
105180,SAN FRANCISCO,SAN FRANCISCO,6,1,1,0,3,G,0,0
105181,SACRAMENTO,SACRAMENTO,3,1,11,1,5,G,0,0
105182,LOS ANGELES,LOS ANGELES,5,1,11,1,5,G,0,0
105183,LOS ANGELES,WEST HOLLYWOOD,6,1,10,1,5,G,0,0
105184,NEVADA,UNINCORPORATED,1,1,3,1,5,G,1,1
105185,SAN DIEGO,CHULA VISTA,7,1,11,1,3,G,1,0
105186,LOS ANGELES,LOS ANGELES,2,1,11,1,5,G,0,0
105187,ORANGE,ANAHEIM,6,1,11,1,5,G,0,1
105188,LOS ANGELES,LOS ANGELES,4,1,1,1,4,G,0,0
105189,KERN,BAKERSFIELD,1,1,11,1,4,G,1,1
105190,ORANGE,IRVINE,5,1,11,1,4,G,0,0
105191,LOS ANGELES,COMPTON,7,1,10,1,5,G,0,0