ID,County,City,Weekday,Severity,ViolCat,ClearWeather,Month,CrashType,Highway,Daylight
107830,LOS ANGELES,LOS ANGELES,2,0,11,1,5,G,0,1
107831,LOS ANGELES,LOS ANGELES,5,0,11,1,5,G,0,0
107832,LOS ANGELES,LOS ANGELES,4,0,10,0,5,G,0,0
107833,SAN JOAQUIN,LODI,6,0,11,1,6,G,0,1
107834,LOS ANGELES,LOS ANGELES,1,0,11,1,6,G,0,1
107835,ORANGE,WESTMINSTER,6,0,10,1,6,G,0,1
107836,ORANGE,LAKE FOREST,3,0,11,1,6,G,0,1
107837,CONTRA COSTA,ANTIOCH,3,0,1,1,5,G,0,0
107838,ORANGE,COSTA MESA,6,0,11,1,5,G,0,0
107839,SANTA CLARA,GILROY,5,0,10,1,5,G,0,1
107840,LOS ANGELES,WEST COVINA,4,0,10,1,5,G,0,1
107841,SANTA CLARA,SAN JOSE,1,0,11,0,5,G,0,1
107842,SANTA CLARA,SAN JOSE,6,0,10,1,5,G,0,1
107843,LOS ANGELES,LAKEWOOD,4,0,10,1,4,G,0,1
107844,ALAMEDA,OAKLAND,3,0,10,1,4,G,0,0
107845,LOS ANGELES,SAN FERNANDO,2,0,12,1,5,G,0,1
107846,LOS ANGELES,SAN FERNANDO,3,0,10,1,5,G,0,1
107847,LOS ANGELES,LOS ANGELES,4,0,10,1,5,G,0,1
107848,LOS ANGELES,AGOURA HILLS,1,0,11,1,5,G,0,1
107849,LOS ANGELES,HAWAIIAN GARDENS,6,0,10,1,4,G,0,0
107850,ALAMEDA,OAKLAND,6,0,10,1,4,G,0,1
107851,ALAMEDA,OAKLAND,4,0,11,0,4,G,0,0
107852,SANTA CLARA,SAN JOSE,2,0,10,1,6,G,0,1
107853,VENTURA,OXNARD,1,0,11,1,6,G,0,1
107854,SANTA CLARA,SAN JOSE,7,0,11,1,6,G,0,1
107855,LOS ANGELES,SANTA MONICA,2,0,10,1,5,G,0,1
107856,LOS ANGELES,SANTA MONICA,3,0,11,1,5,G,0,1
107857,SAN JOAQUIN,UNINCORPORATED,4,0,11,1,5,G,1,1
107858,SAN BERNARDINO,MONTCLAIR,6,0,11,1,5,G,0,1
107859,SAN DIEGO,CORONADO,4,0,11,1,5,G,0,0
107860,KERN,BAKERSFIELD,4,0,11,1,5,G,0,0
107861,MERCED,UNINCORPORATED,4,0,11,1,5,G,0,0
107862,LOS ANGELES,REDONDO BEACH,2,0,10,1,5,G,0,0
107863,STANISLAUS,MODESTO,2,0,11,1,4,G,0,1
107864,SAN MATEO,DALY CITY,6,0,3,1,5,G,1,1
107865,LOS ANGELES,LOS ANGELES,1,0,3,1,5,G,0,0
107866,LOS ANGELES,LOS ANGELES,1,0,10,1,5,G,0,1
107867,LOS ANGELES,LOS ANGELES,4,0,11,1,5,G,0,0
107868,LOS ANGELES,LOS ANGELES,1,0,3,1,5,G,0,1
107869,LOS ANGELES,LOS ANGELES,1,0,10,1,5,G,0,1
107870,TUOLUMNE,UNINCORPORATED,4,0,10,1,5,G,0,1
107871,LOS ANGELES,LOS ANGELES,5,1,11,1,4,G,0,0
107872,LOS ANGELES,LOS ANGELES,5,0,10,1,4,G,0,1
107873,LOS ANGELES,LOS ANGELES,2,0,10,1,4,G,0,1
107874,ALAMEDA,OAKLAND,2,0,3,1,4,G,0,1
107875,LOS ANGELES,LOS ANGELES,3,0,11,1,4,G,0,1
107876,LOS ANGELES,LOS ANGELES,5,0,12,1,4,G,0,1
107877,LOS ANGELES,WEST HOLLYWOOD,3,0,10,1,4,G,0,1
107878,KERN,UNINCORPORATED,5,1,11,1,5,G,0,0
107879,LOS ANGELES,LOS ANGELES,5,0,10,1,5,G,0,0
107880,TULARE,VISALIA,2,0,11,1,5,G,1,0
107881,LOS ANGELES,BURBANK,3,0,11,0,6,G,0,1
107882,KERN,UNINCORPORATED,1,1,8,1,4,G,0,1
107883,TULARE,VISALIA,4,0,10,0,5,G,0,1
107884,TULARE,VISALIA,7,0,8,1,5,G,0,1
107885,LOS ANGELES,WEST HOLLYWOOD,2,0,10,1,4,G,0,1
107886,LOS ANGELES,LOS ANGELES,2,0,10,1,5,G,0,1
107887,KERN,RIDGECREST,2,0,12,1,3,G,0,0
107888,LOS ANGELES,WEST HOLLYWOOD,6,0,8,0,3,G,0,0
107889,LOS ANGELES,WEST HOLLYWOOD,6,0,10,1,3,G,0,1
107890,LOS ANGELES,INGLEWOOD,2,0,10,1,1,G,0,1
107891,SAN DIEGO,SAN DIEGO,3,0,10,1,5,G,0,1
107892,SAN DIEGO,SAN DIEGO,1,0,11,1,5,G,0,0
107893,LOS ANGELES,LOS ANGELES,4,0,10,1,5,G,0,1
107894,LOS ANGELES,LOS ANGELES,4,0,11,1,5,G,0,0
107895,LOS ANGELES,LOS ANGELES,1,0,10,1,5,G,0,1
107896,SAN DIEGO,SAN DIEGO,5,0,11,0,5,G,0,1
107897,LOS ANGELES,LOS ANGELES,6,0,11,1,5,G,0,1
107898,LOS ANGELES,LOS ANGELES,3,0,10,1,5,G,0,1
107899,LOS ANGELES,LOS ANGELES,7,0,10,0,5,G,0,0
107900,LOS ANGELES,LOS ANGELES,3,1,10,1,5,G,0,1
107901,SACRAMENTO,FOLSOM,1,0,11,1,5,G,0,0
107902,SACRAMENTO,SACRAMENTO,4,0,10,1,5,G,0,1
107903,CONTRA COSTA,UNINCORPORATED,6,0,10,1,5,G,0,0
107904,LOS ANGELES,LOS ANGELES,6,0,10,1,5,G,0,1
107905,NAPA,NAPA,3,0,11,1,5,G,0,1
107906,LOS ANGELES,LOS ANGELES,2,0,11,1,5,G,0,1
107907,TULARE,PORTERVILLE,7,0,11,1,5,G,0,1
107908,VENTURA,OXNARD,5,0,11,1,5,G,0,1
107909,SAN BERNARDINO,RIALTO,2,0,10,1,5,G,0,0
107910,LOS ANGELES,LOS ANGELES,6,0,11,1,6,G,0,0
107911,LOS ANGELES,REDONDO BEACH,2,1,11,1,5,G,0,1
107912,LOS ANGELES,LOS ANGELES,2,0,10,1,5,G,0,1
107913,LOS ANGELES,LOS ANGELES,1,0,11,1,5,G,0,0
107914,LOS ANGELES,LOS ANGELES,3,0,11,1,5,G,0,1
107915,LOS ANGELES,LOS ANGELES,5,0,3,1,5,G,0,1
107916,SAN DIEGO,ESCONDIDO,7,0,9,1,3,G,0,0
107917,ALAMEDA,OAKLAND,3,0,11,1,4,G,0,1
107918,ORANGE,GARDEN GROVE,3,0,10,1,5,G,0,1
107919,LOS ANGELES,SOUTH GATE,6,0,9,1,5,G,0,1
107920,KERN,BAKERSFIELD,1,0,11,1,5,G,0,0
107921,SAN JOAQUIN,TRACY,1,0,10,1,5,G,0,0
107922,SAN MATEO,REDWOOD CITY,6,0,10,1,5,G,0,1
107923,KINGS,HANFORD,5,0,10,1,5,G,0,1
107924,SOLANO,VACAVILLE,1,0,3,1,5,G,0,1
107925,SOLANO,VACAVILLE,6,0,1,1,5,G,0,1
107926,LOS ANGELES,SOUTH GATE,5,0,11,1,5,G,0,1
107927,MERCED,MERCED,4,0,10,1,5,G,0,1
107928,SAN DIEGO,EL CAJON,2,0,11,1,4,G,0,0
107929,LOS ANGELES,LOS ANGELES,1,0,11,1,4,G,0,1
107930,LOS ANGELES,LOS ANGELES,4,0,10,1,4,G,0,1
107931,LOS ANGELES,SOUTH GATE,6,0,10,1,4,G,0,1
107932,SAN DIEGO,VISTA,4,0,10,1,5,G,0,1
107933,ORANGE,LAGUNA HILLS,6,0,10,0,5,G,0,0
107934,SAN BERNARDINO,RANCHO CUCAMONGA,5,0,10,1,5,G,0,1
107935,SAN BERNARDINO,RANCHO CUCAMONGA,1,0,10,1,5,G,0,1
107936,SAN BERNARDINO,RANCHO CUCAMONGA,1,0,8,1,5,G,0,1
107937,CONTRA COSTA,PITTSBURG,7,0,11,1,5,G,0,0
107938,LOS ANGELES,CUDAHY,1,0,11,1,5,G,0,0
107939,ORANGE,BUENA PARK,6,1,11,1,5,G,1,0
107940,SANTA CLARA,MILPITAS,5,0,10,1,5,G,0,1
107941,SANTA CLARA,SAN JOSE,6,0,3,1,5,G,1,0
107942,LOS ANGELES,SAN GABRIEL,3,0,10,1,5,G,0,0
107943,SAN DIEGO,CARLSBAD,7,0,7,1,5,G,1,1
107944,SAN DIEGO,LEMON GROVE,3,1,11,1,4,G,0,0
107945,SAN DIEGO,LEMON GROVE,5,0,11,1,4,G,0,1
107946,KERN,DELANO,2,0,10,1,5,G,0,1
107947,LOS ANGELES,LOS ANGELES,4,0,11,1,5,G,0,1
107948,LOS ANGELES,LOS ANGELES,7,1,11,1,5,G,0,0
107949,LOS ANGELES,LOS ANGELES,4,0,10,1,5,G,0,0
107950,LOS ANGELES,LOS ANGELES,7,0,11,1,5,G,0,0
107951,LOS ANGELES,LOS ANGELES,1,0,11,1,5,G,0,1
107952,LOS ANGELES,LOS ANGELES,7,1,11,1,5,G,0,0
107953,LOS ANGELES,LOS ANGELES,3,1,10,1,5,G,0,1
107954,LOS ANGELES,LOS ANGELES,3,0,7,1,5,G,1,1
107955,SAN BERNARDINO,SAN BERNARDINO,4,0,11,1,3,G,0,0
107956,SAN BERNARDINO,SAN BERNARDINO,3,1,11,1,3,G,0,1
107957,RIVERSIDE,MORENO VALLEY,3,1,11,1,5,G,0,1
107958,LOS ANGELES,LOS ANGELES,4,0,6,1,5,G,0,0
107959,SANTA CLARA,SANTA CLARA,3,0,10,1,6,G,0,1
107960,SAN DIEGO,SAN DIEGO,2,0,7,1,6,G,0,1
107961,SANTA CRUZ,UNINCORPORATED,6,0,10,1,6,G,0,1
107962,LOS ANGELES,SANTA MONICA,2,0,11,1,6,G,0,1
107963,RIVERSIDE,INDIO,2,0,10,1,6,G,0,0
107964,LOS ANGELES,DOWNEY,4,0,10,1,5,G,0,1
107965,ORANGE,DANA POINT,6,0,11,1,6,G,0,1
107966,LOS ANGELES,LOS ANGELES,3,0,11,1,6,G,0,1
107967,LOS ANGELES,DOWNEY,7,0,11,1,6,G,0,1
107968,MARIN,SAN RAFAEL,5,0,11,1,6,G,0,1
107969,SAN BENITO,HOLLISTER,4,0,9,1,5,G,0,1
107970,VENTURA,THOUSAND OAKS,1,0,10,1,5,G,0,1
107971,SAN DIEGO,OCEANSIDE,1,0,11,1,5,G,0,1
107972,LOS ANGELES,LONG BEACH,4,0,11,1,5,G,0,1
107973,STANISLAUS,MODESTO,6,0,10,1,6,G,0,0
107974,ALAMEDA,OAKLAND,3,0,10,0,3,G,0,0
107975,ALAMEDA,OAKLAND,4,0,10,0,3,G,0,0
107976,LOS ANGELES,LONG BEACH,6,0,12,0,6,G,0,1
107977,ALAMEDA,OAKLAND,5,0,12,1,5,G,0,1
107978,CONTRA COSTA,RICHMOND,3,0,11,1,5,G,0,1
107979,ALAMEDA,OAKLAND,3,0,10,1,5,G,0,1
107980,SAN MATEO,MENLO PARK,5,0,10,1,5,G,0,1
107981,LOS ANGELES,LOS ANGELES,7,0,10,1,6,G,0,0
107982,ORANGE,SANTA ANA,3,0,11,1,5,G,0,1
107983,CONTRA COSTA,PITTSBURG,7,0,11,1,6,G,0,0
107984,LOS ANGELES,LOS ANGELES,4,0,10,1,5,G,0,1
107985,ORANGE,SANTA ANA,6,0,10,1,6,G,0,0
107986,RIVERSIDE,PERRIS,3,0,6,1,5,G,0,1
107987,ALAMEDA,OAKLAND,7,0,11,1,4,G,0,0
107988,CONTRA COSTA,CONCORD,7,0,11,1,4,G,0,1
107989,ALAMEDA,OAKLAND,6,0,8,1,6,G,0,0
107990,LOS ANGELES,GLENDALE,1,0,10,1,6,G,0,1
107991,SAN MATEO,SAN BRUNO,4,0,10,1,6,G,0,1
107992,LOS ANGELES,INGLEWOOD,7,0,11,1,1,G,0,0
107993,SAN DIEGO,SANTEE,4,0,10,1,1,G,0,1
107994,LOS ANGELES,LOS ANGELES,3,0,11,1,5,G,0,1
107995,LOS ANGELES,LOS ANGELES,1,0,3,1,5,G,0,1
107996,SAN DIEGO,CHULA VISTA,4,0,11,1,5,G,0,1
107997,SAN LUIS OBISPO,SAN LUIS OBISPO,6,0,10,1,5,G,0,1
107998,SAN LUIS OBISPO,SAN LUIS OBISPO,6,0,9,1,5,G,0,1
107999,SAN DIEGO,CHULA VISTA,6,0,11,1,5,G,0,1
108000,LOS ANGELES,WEST HOLLYWOOD,5,1,8,1,5,G,0,1
108001,SACRAMENTO,SACRAMENTO,4,0,11,1,5,G,0,1
108002,LOS ANGELES,LOS ANGELES,2,0,3,1,5,G,0,1
108003,SANTA CLARA,GILROY,5,1,11,1,5,G,0,1
108004,LOS ANGELES,LOS ANGELES,6,1,10,1,5,G,0,0
108005,LOS ANGELES,LOS ANGELES,4,0,10,1,5,G,0,0
108006,LOS ANGELES,LOS ANGELES,5,0,9,1,5,G,0,0
108007,SAN DIEGO,SAN DIEGO,2,0,11,1,5,G,0,1
108008,SAN DIEGO,SAN DIEGO,4,0,11,1,5,G,0,0
108009,IMPERIAL,BRAWLEY,3,0,10,1,5,G,0,0
108010,CONTRA COSTA,PLEASANT HILL,5,0,9,1,5,G,0,1
108011,CONTRA COSTA,MARTINEZ,3,0,10,1,5,G,0,1
108012,LOS ANGELES,LOS ANGELES,4,1,12,1,5,G,0,0
108013,ORANGE,NEWPORT BEACH,7,0,11,1,6,G,0,0
108014,LOS ANGELES,LONG BEACH,5,0,11,1,6,G,0,0
108015,LOS ANGELES,LOS ANGELES,6,1,11,1,6,G,0,1
108016,LOS ANGELES,LOS ANGELES,7,0,10,0,6,G,0,0
108017,TULARE,UNINCORPORATED,1,0,11,1,6,G,0,0
108018,SAN MATEO,PACIFICA,3,1,10,0,6,G,0,1
108019,SAN BERNARDINO,MONTCLAIR,3,0,11,1,5,G,0,1
108020,LOS ANGELES,SAN GABRIEL,1,0,3,1,6,G,0,1
108021,HUMBOLDT,UNINCORPORATED,5,0,3,1,6,G,0,1
108022,RIVERSIDE,DESERT HOT SPRINGS,7,1,1,1,2,G,0,0
108023,RIVERSIDE,DESERT HOT SPRINGS,1,0,10,1,2,G,0,1
108024,ALAMEDA,OAKLAND,4,0,10,1,2,G,0,0
108025,RIVERSIDE,DESERT HOT SPRINGS,4,0,11,1,2,G,0,0
108026,RIVERSIDE,DESERT HOT SPRINGS,4,0,10,1,2,G,0,0
108027,LOS ANGELES,LOS ANGELES,6,0,11,1,6,G,0,1
108028,LOS ANGELES,LOS ANGELES,4,0,10,1,6,G,0,1
108029,ORANGE,SANTA ANA,2,0,11,1,6,G,0,0
108030,SAN DIEGO,SAN DIEGO,7,0,10,1,6,G,0,0
108031,ORANGE,HUNTINGTON BEACH,5,0,8,1,6,G,0,0
108032,LOS ANGELES,HUNTINGTON PARK,4,0,11,1,6,G,0,1
108033,TULARE,UNINCORPORATED,5,1,3,1,6,G,0,1
108034,MONTEREY,SALINAS,2,1,3,1,5,G,0,0
108035,ALAMEDA,UNION CITY,1,1,11,1,5,G,0,0
108036,MONTEREY,SALINAS,3,0,11,1,5,G,0,0
108037,LOS ANGELES,HERMOSA BEACH,4,0,11,1,5,G,0,1
108038,ORANGE,ORANGE,3,0,10,1,5,G,0,1
108039,SHASTA,ANDERSON,3,0,11,1,5,G,0,1
108040,SAN DIEGO,SANTEE,3,0,11,0,2,G,0,1
108041,SAN BERNARDINO,REDLANDS,5,0,11,1,3,G,0,0
108042,VENTURA,OXNARD,5,0,11,1,6,G,0,0
108043,LOS ANGELES,BURBANK,4,0,10,1,6,G,0,1
108044,SAN BERNARDINO,APPLE VALLEY,7,0,11,1,6,G,0,1
108045,MONTEREY,MONTEREY,5,1,11,0,6,G,0,0
108046,KERN,BAKERSFIELD,5,0,10,1,5,G,0,1
108047,KERN,BAKERSFIELD,4,0,11,1,5,G,0,1
108048,SAN DIEGO,OCEANSIDE,6,1,10,1,4,G,0,0
108049,RIVERSIDE,HEMET,6,1,11,1,5,G,0,0
108050,LOS ANGELES,WEST HOLLYWOOD,6,0,11,0,4,G,0,0
108051,SANTA CRUZ,UNINCORPORATED,6,0,11,1,4,G,0,0
108052,ALAMEDA,EMERYVILLE,2,0,11,1,2,G,0,1
108053,ALAMEDA,EMERYVILLE,6,0,9,1,2,G,0,0
108054,SAN DIEGO,CHULA VISTA,4,1,10,1,3,G,0,1
108055,SAN DIEGO,CHULA VISTA,5,0,10,1,3,G,0,1
108056,RIVERSIDE,LAKE ELSINORE,4,0,11,1,2,G,0,0
108057,BUTTE,CHICO,3,0,10,1,6,G,0,1
108058,ORANGE,LAGUNA NIGUEL,4,0,11,1,6,G,0,1
108059,SAN LUIS OBISPO,ATASCADERO,1,0,11,1,6,G,0,1
108060,VENTURA,CAMARILLO,4,0,10,1,6,G,0,1
108061,LOS ANGELES,PALMDALE,2,1,11,1,6,G,0,1
108062,LOS ANGELES,LOS ANGELES,3,0,10,1,6,G,0,1
108063,LOS ANGELES,LOS ANGELES,2,0,10,1,6,G,0,0
108064,LOS ANGELES,DIAMOND BAR,2,0,11,1,6,G,0,0
108065,LOS ANGELES,LOS ANGELES,2,0,10,1,6,G,0,0
108066,SANTA CLARA,SAN JOSE,6,0,10,1,6,G,0,1
108067,SAN DIEGO,CARLSBAD,5,0,3,1,5,G,0,0
108068,SOLANO,VALLEJO,3,0,10,1,5,G,0,1
108069,ORANGE,GARDEN GROVE,5,0,10,1,6,G,0,1
108070,ORANGE,GARDEN GROVE,5,0,10,1,6,G,0,1
108071,TUOLUMNE,UNINCORPORATED,3,0,3,1,6,G,0,0
108072,VENTURA,THOUSAND OAKS,2,0,10,0,6,G,0,1
108073,LOS ANGELES,LOS ANGELES,4,0,10,1,6,G,0,1
108074,ORANGE,SANTA ANA,1,0,11,1,6,G,0,1
108075,ORANGE,SANTA ANA,4,0,12,1,6,G,0,1
108076,LOS ANGELES,LONG BEACH,6,0,3,1,6,G,0,0
108077,SAN DIEGO,EL CAJON,4,0,10,1,5,G,0,1
108078,SAN DIEGO,EL CAJON,4,0,11,1,5,G,0,0
108079,SANTA CLARA,MOUNTAIN VIEW,6,1,11,1,6,G,0,1
108080,SANTA CLARA,SAN JOSE,1,0,3,1,6,G,0,1
108081,ORANGE,SAN CLEMENTE,3,0,11,1,6,G,0,1
108082,SANTA CLARA,SAN JOSE,1,0,10,1,6,G,0,1
108083,LOS ANGELES,EL MONTE,5,0,11,1,4,G,0,0
108084,PLACER,UNINCORPORATED,2,0,3,1,6,G,0,0
108085,SANTA CLARA,SAN JOSE,2,0,9,1,6,G,0,1
108086,SAN DIEGO,SAN DIEGO,6,0,10,1,6,G,0,0
108087,ORANGE,COSTA MESA,5,0,10,1,6,G,0,1
108088,PLACER,UNINCORPORATED,2,1,8,1,6,G,0,1
108089,LOS ANGELES,EL MONTE,2,0,8,1,4,G,0,1
108090,LOS ANGELES,LOS ANGELES,2,0,9,1,6,G,0,0
108091,SANTA CLARA,PALO ALTO,5,0,3,1,6,G,0,1
108092,SANTA CLARA,PALO ALTO,1,0,10,1,6,G,0,1
108093,MONTEREY,SALINAS,4,0,10,1,6,G,0,1
108094,ALAMEDA,OAKLAND,2,0,10,1,4,G,0,1
108095,SAN BERNARDINO,SAN BERNARDINO,7,0,11,1,3,G,0,1
108096,ALAMEDA,OAKLAND,1,0,12,1,4,G,0,1
108097,ALAMEDA,OAKLAND,7,0,11,1,4,G,0,1
108098,SACRAMENTO,SACRAMENTO,4,0,10,1,5,G,0,1
108099,SAN MATEO,UNINCORPORATED,4,0,10,1,5,G,0,1
108100,SACRAMENTO,SACRAMENTO,7,0,10,0,6,G,0,0
108101,ALAMEDA,OAKLAND,7,0,11,1,6,G,0,1
108102,LOS ANGELES,SANTA MONICA,2,0,10,1,6,G,0,1
108103,LOS ANGELES,CULVER CITY,2,0,10,1,5,G,0,1
108104,SAN BERNARDINO,ONTARIO,4,0,10,1,5,G,0,1
108105,SAN BERNARDINO,CHINO,6,0,8,1,5,G,0,1
108106,LOS ANGELES,CULVER CITY,2,0,10,1,5,G,0,1
108107,LOS ANGELES,CULVER CITY,5,0,11,0,5,G,0,1
108108,ORANGE,GARDEN GROVE,1,0,10,0,6,G,0,1
108109,AMADOR,UNINCORPORATED,4,0,11,1,6,G,0,1
108110,LOS ANGELES,LOS ANGELES,4,0,11,1,5,G,0,1
108111,LOS ANGELES,LOS ANGELES,5,0,10,1,5,G,0,1
108112,BUTTE,UNINCORPORATED,6,1,11,1,6,G,0,0
108113,SACRAMENTO,SACRAMENTO,2,0,12,1,6,G,0,1
108114,SACRAMENTO,SACRAMENTO,2,0,10,1,6,G,0,1
108115,LOS ANGELES,LOS ANGELES,2,0,10,1,6,G,0,0
108116,LOS ANGELES,LOS ANGELES,2,1,11,1,6,G,0,1
108117,LOS ANGELES,LOS ANGELES,2,0,11,1,6,G,0,1
108118,SAN DIEGO,SAN DIEGO,2,0,11,1,6,G,0,1
108119,TULARE,TULARE,5,0,10,1,5,G,0,0
108120,SAN LUIS OBISPO,SAN LUIS OBISPO,5,0,11,1,5,G,0,1
108121,TULARE,TULARE,4,0,11,1,5,G,0,1
108122,CONTRA COSTA,PITTSBURG,5,0,11,1,6,G,0,1
108123,LOS ANGELES,HAWTHORNE,2,0,10,1,6,G,0,1
108124,SACRAMENTO,SACRAMENTO,3,0,10,1,6,G,0,1
108125,SACRAMENTO,SACRAMENTO,4,1,11,1,6,G,0,0
108126,ALAMEDA,BERKELEY,4,0,10,1,5,G,0,1
108127,ALAMEDA,BERKELEY,2,1,10,1,5,G,0,0
108128,ALAMEDA,BERKELEY,1,0,10,1,5,G,0,1
108129,ALAMEDA,BERKELEY,3,0,11,1,5,G,0,1
108130,ALAMEDA,BERKELEY,3,0,11,1,5,G,0,1
108131,ALAMEDA,BERKELEY,1,1,10,1,5,G,0,0
108132,ALAMEDA,BERKELEY,1,0,10,1,5,G,0,1
108133,ALAMEDA,BERKELEY,3,0,7,1,5,G,0,1
108134,RIVERSIDE,CATHEDRAL CITY,1,0,10,1,5,G,0,1
108135,RIVERSIDE,CATHEDRAL CITY,6,0,11,1,5,G,0,1
108136,ALAMEDA,BERKELEY,4,0,10,1,5,G,0,1
108137,ALAMEDA,BERKELEY,5,0,10,1,5,G,0,0
108138,SAN DIEGO,ESCONDIDO,2,0,12,1,5,G,0,1
108139,KERN,TAFT,7,0,10,1,5,G,0,0
108140,ALAMEDA,LIVERMORE,5,0,1,1,5,G,0,0
108141,LOS ANGELES,HAWTHORNE,6,0,9,1,5,G,0,0
108142,LOS ANGELES,SIERRA MADRE,3,1,10,1,5,G,0,1
108143,LOS ANGELES,LOS ANGELES,3,0,11,1,5,G,0,0
108144,SANTA CLARA,SAN JOSE,5,0,11,1,6,G,0,1
108145,LOS ANGELES,LOS ANGELES,3,0,10,0,6,G,0,1
108146,LOS ANGELES,LOS ANGELES,2,0,10,1,6,G,0,1
108147,LOS ANGELES,LOS ANGELES,2,0,10,1,6,G,0,0
108148,SANTA CLARA,SAN JOSE,7,0,3,1,6,G,0,1
108149,LOS ANGELES,LOS ANGELES,2,0,10,1,6,G,0,0
108150,SANTA CLARA,SAN JOSE,7,0,9,1,6,G,0,1
108151,LOS ANGELES,LOS ANGELES,5,0,12,1,6,G,0,1
108152,VENTURA,OXNARD,1,0,10,0,6,G,1,1
108153,VENTURA,VENTURA,4,0,10,1,6,G,0,1
108154,LOS ANGELES,LOS ANGELES,5,1,11,1,6,G,0,1
108155,LOS ANGELES,LOS ANGELES,6,0,10,1,6,G,0,1
108156,LOS ANGELES,LOS ANGELES,4,0,8,1,5,G,0,1
108157,ORANGE,BUENA PARK,5,0,11,1,4,G,0,0
108158,LOS ANGELES,AZUSA,6,0,10,0,5,G,0,1
108159,MENDOCINO,UKIAH,2,0,10,0,5,G,0,1
108160,CONTRA COSTA,ANTIOCH,5,0,11,1,2,G,0,1
108161,STANISLAUS,RIVERBANK,5,0,10,1,2,G,0,1
108162,SAN LUIS OBISPO,SAN LUIS OBISPO,1,0,11,1,6,G,0,1
108163,SAN BERNARDINO,MONTCLAIR,3,0,10,1,6,G,0,0
108164,SACRAMENTO,ELK GROVE,5,0,10,1,6,G,0,1
108165,LOS ANGELES,LOS ANGELES,1,0,10,1,6,G,0,1
108166,LOS ANGELES,SAN GABRIEL,2,0,10,1,6,G,0,1
108167,EL DORADO,UNINCORPORATED,2,0,9,1,6,G,0,1
108168,LOS ANGELES,LONG BEACH,6,0,8,0,6,G,0,1
108169,MERCED,ATWATER,2,1,11,1,6,G,0,1
108170,ALAMEDA,OAKLAND,3,1,3,1,5,G,0,0
108171,SAN LUIS OBISPO,SAN LUIS OBISPO,3,0,10,1,6,G,0,1
108172,LOS ANGELES,BURBANK,1,0,10,1,6,G,0,0
108173,LOS ANGELES,BURBANK,2,0,11,1,6,G,0,1
108174,ALAMEDA,OAKLAND,4,0,11,1,4,G,0,1
108175,SAN DIEGO,EL CAJON,7,0,10,1,5,G,0,1
108176,ORANGE,ORANGE,3,0,10,1,6,G,0,1
108177,LOS ANGELES,HUNTINGTON PARK,1,0,3,1,6,G,0,1
108178,CONTRA COSTA,SAN PABLO,3,0,10,1,6,G,0,1
108179,RIVERSIDE,RIVERSIDE,2,0,8,1,6,G,0,1
108180,LOS ANGELES,LA MIRADA,5,0,11,1,6,G,0,1
108181,LOS ANGELES,SOUTH GATE,2,0,10,1,6,G,0,0
108182,LOS ANGELES,SOUTH GATE,2,0,11,1,6,G,0,1
108183,LOS ANGELES,SOUTH GATE,1,0,8,1,6,G,0,0
108184,TEHAMA,RED BLUFF,7,0,10,1,6,G,0,1
108185,TEHAMA,RED BLUFF,4,0,11,1,6,G,0,1
108186,LOS ANGELES,LOS ANGELES,2,0,10,1,6,G,0,0
108187,LOS ANGELES,LOS ANGELES,5,0,11,1,6,G,0,1
108188,ORANGE,WESTMINSTER,1,0,10,1,6,G,0,1
108189,LOS ANGELES,LOS ANGELES,2,0,10,1,6,G,0,0
108190,SAN DIEGO,SAN DIEGO,6,1,11,1,6,G,1,0
108191,SAN DIEGO,ESCONDIDO,4,0,11,0,6,G,0,0
108192,STANISLAUS,MODESTO,7,0,10,1,6,G,0,1
108193,SAN DIEGO,ESCONDIDO,7,0,11,1,6,G,0,1
108194,ALAMEDA,OAKLAND,7,0,3,1,5,G,0,1
108195,KERN,BAKERSFIELD,5,0,11,1,6,G,0,1
108196,LOS ANGELES,LOS ANGELES,2,0,12,1,5,G,0,1
108197,SAN DIEGO,POWAY,5,0,10,1,5,G,0,1
108198,ALAMEDA,OAKLAND,1,0,11,0,5,G,0,1
108199,LOS ANGELES,LOS ANGELES,1,0,11,1,5,G,0,0
108200,LOS ANGELES,LOS ANGELES,1,1,11,1,6,G,0,1
108201,RIVERSIDE,NORCO,4,1,11,1,5,G,0,1
108202,LOS ANGELES,LOS ANGELES,4,1,10,1,4,G,0,1
108203,LOS ANGELES,LONG BEACH,2,1,10,1,4,G,0,1
108204,CONTRA COSTA,ANTIOCH,5,0,11,1,5,G,0,1
108205,ORANGE,HUNTINGTON BEACH,2,0,10,0,6,G,0,1